arm,init,seed,budget,cv_mse,r2,r2_0,heuristic_r2,seconds
none,hot,0,125,0.006256,0.858037,0.858037,0.858037,0.02
none,hot,0,250,0.006256,0.858037,0.858037,0.858037,0.02
none,hot,0,500,0.006256,0.858037,0.858037,0.858037,0.02
none,hot,0,1000,0.006256,0.858037,0.858037,0.858037,0.02
none,hot,0,2000,0.006256,0.858037,0.858037,0.858037,0.02
none,hot,1,125,0.005528,0.832372,0.832372,0.832372,0.01
none,hot,1,250,0.005528,0.832372,0.832372,0.832372,0.01
none,hot,1,500,0.005528,0.832372,0.832372,0.832372,0.01
none,hot,1,1000,0.005528,0.832372,0.832372,0.832372,0.01
none,hot,1,2000,0.005528,0.832372,0.832372,0.832372,0.01
none,hot,2,125,0.006182,0.808888,0.808888,0.808888,0.01
none,hot,2,250,0.006182,0.808888,0.808888,0.808888,0.01
none,hot,2,500,0.006182,0.808888,0.808888,0.808888,0.01
none,hot,2,1000,0.006182,0.808888,0.808888,0.808888,0.01
none,hot,2,2000,0.006182,0.808888,0.808888,0.808888,0.01
none,hot,3,125,0.005990,0.858451,0.858451,0.858451,0.01
none,hot,3,250,0.005990,0.858451,0.858451,0.858451,0.01
none,hot,3,500,0.005990,0.858451,0.858451,0.858451,0.01
none,hot,3,1000,0.005990,0.858451,0.858451,0.858451,0.01
none,hot,3,2000,0.005990,0.858451,0.858451,0.858451,0.01
none,hot,4,125,0.007497,0.755459,0.755459,0.755459,0.01
none,hot,4,250,0.007497,0.755459,0.755459,0.755459,0.01
none,hot,4,500,0.007497,0.755459,0.755459,0.755459,0.01
none,hot,4,1000,0.007497,0.755459,0.755459,0.755459,0.01
none,hot,4,2000,0.007497,0.755459,0.755459,0.755459,0.01
none,hot,5,125,0.006414,0.842144,0.842144,0.842144,0.02
none,hot,5,250,0.006414,0.842144,0.842144,0.842144,0.02
none,hot,5,500,0.006414,0.842144,0.842144,0.842144,0.02
none,hot,5,1000,0.006414,0.842144,0.842144,0.842144,0.02
none,hot,5,2000,0.006414,0.842144,0.842144,0.842144,0.02
none,hot,6,125,0.006464,0.862466,0.862466,0.862466,0.02
none,hot,6,250,0.006464,0.862466,0.862466,0.862466,0.02
none,hot,6,500,0.006464,0.862466,0.862466,0.862466,0.02
none,hot,6,1000,0.006464,0.862466,0.862466,0.862466,0.02
none,hot,6,2000,0.006464,0.862466,0.862466,0.862466,0.02
none,hot,7,125,0.006181,0.870453,0.870453,0.870453,0.02
none,hot,7,250,0.006181,0.870453,0.870453,0.870453,0.02
none,hot,7,500,0.006181,0.870453,0.870453,0.870453,0.02
none,hot,7,1000,0.006181,0.870453,0.870453,0.870453,0.02
none,hot,7,2000,0.006181,0.870453,0.870453,0.870453,0.02
none,hot,8,125,0.006707,0.872438,0.872438,0.872438,0.02
none,hot,8,250,0.006707,0.872438,0.872438,0.872438,0.02
none,hot,8,500,0.006707,0.872438,0.872438,0.872438,0.02
none,hot,8,1000,0.006707,0.872438,0.872438,0.872438,0.02
none,hot,8,2000,0.006707,0.872438,0.872438,0.872438,0.02
none,hot,9,125,0.006677,0.849755,0.849755,0.849755,0.01
none,hot,9,250,0.006677,0.849755,0.849755,0.849755,0.01
none,hot,9,500,0.006677,0.849755,0.849755,0.849755,0.01
none,hot,9,1000,0.006677,0.849755,0.849755,0.849755,0.01
none,hot,9,2000,0.006677,0.849755,0.849755,0.849755,0.01
opt-ga,hot,0,125,0.005456,0.862911,0.858037,0.858037,1.77
opt-ga,hot,0,250,0.005261,0.867078,0.858037,0.858037,3.41
opt-ga,hot,0,500,0.005171,0.865226,0.858037,0.858037,6.78
opt-ga,hot,0,1000,0.004903,0.875471,0.858037,0.858037,13.84
opt-ga,hot,0,2000,0.004588,0.879690,0.858037,0.858037,27.43
opt-ga,hot,1,125,0.005226,0.834826,0.832372,0.832372,1.78
opt-ga,hot,1,250,0.005189,0.819331,0.832372,0.832372,3.42
opt-ga,hot,1,500,0.004825,0.855452,0.832372,0.832372,6.71
opt-ga,hot,1,1000,0.004725,0.854535,0.832372,0.832372,14.39
opt-ga,hot,1,2000,0.004305,0.869282,0.832372,0.832372,27.95
opt-ga,hot,2,125,0.005513,0.830399,0.808888,0.808888,1.76
opt-ga,hot,2,250,0.005246,0.853993,0.808888,0.808888,3.66
opt-ga,hot,2,500,0.005198,0.800086,0.808888,0.808888,7.10
opt-ga,hot,2,1000,0.004933,0.821312,0.808888,0.808888,13.83
opt-ga,hot,2,2000,0.004633,0.837424,0.808888,0.808888,27.89
opt-ga,hot,3,125,0.005496,0.879458,0.858451,0.858451,1.69
opt-ga,hot,3,250,0.005469,0.879730,0.858451,0.858451,3.33
opt-ga,hot,3,500,0.005266,0.872399,0.858451,0.858451,6.57
opt-ga,hot,3,1000,0.004991,0.874436,0.858451,0.858451,13.12
opt-ga,hot,3,2000,0.004478,0.888605,0.858451,0.858451,26.26
opt-ga,hot,4,125,0.005363,0.858623,0.755459,0.755459,1.66
opt-ga,hot,4,250,0.005329,0.845451,0.755459,0.755459,3.25
opt-ga,hot,4,500,0.004911,0.852665,0.755459,0.755459,6.41
opt-ga,hot,4,1000,0.004756,0.855231,0.755459,0.755459,12.91
opt-ga,hot,4,2000,0.004575,0.851406,0.755459,0.755459,25.99
opt-ga,hot,5,125,0.005254,0.841626,0.842144,0.842144,1.88
opt-ga,hot,5,250,0.005254,0.841626,0.842144,0.842144,3.46
opt-ga,hot,5,500,0.005233,0.838404,0.842144,0.842144,6.63
opt-ga,hot,5,1000,0.005093,0.841626,0.842144,0.842144,13.30
opt-ga,hot,5,2000,0.004880,0.847638,0.842144,0.842144,27.19
opt-ga,hot,6,125,0.005668,0.875081,0.862466,0.862466,2.02
opt-ga,hot,6,250,0.005574,0.861099,0.862466,0.862466,3.80
opt-ga,hot,6,500,0.005282,0.892114,0.862466,0.862466,7.47
opt-ga,hot,6,1000,0.004856,0.903803,0.862466,0.862466,14.23
opt-ga,hot,6,2000,0.004467,0.899825,0.862466,0.862466,27.52
opt-ga,hot,7,125,0.005506,0.855252,0.870453,0.870453,1.65
opt-ga,hot,7,250,0.005428,0.858602,0.870453,0.870453,3.33
opt-ga,hot,7,500,0.005063,0.872569,0.870453,0.870453,6.67
opt-ga,hot,7,1000,0.004578,0.885358,0.870453,0.870453,13.57
opt-ga,hot,7,2000,0.004171,0.893657,0.870453,0.870453,27.10
opt-ga,hot,8,125,0.005773,0.884506,0.872438,0.872438,1.85
opt-ga,hot,8,250,0.005659,0.881842,0.872438,0.872438,3.50
opt-ga,hot,8,500,0.005295,0.876823,0.872438,0.872438,6.82
opt-ga,hot,8,1000,0.004929,0.892274,0.872438,0.872438,13.61
opt-ga,hot,8,2000,0.004282,0.895865,0.872438,0.872438,26.94
opt-ga,hot,9,125,0.005457,0.865664,0.849755,0.849755,1.73
opt-ga,hot,9,250,0.005239,0.866034,0.849755,0.849755,3.41
opt-ga,hot,9,500,0.005127,0.877982,0.849755,0.849755,7.03
opt-ga,hot,9,1000,0.004808,0.880257,0.849755,0.849755,13.76
opt-ga,hot,9,2000,0.004381,0.883589,0.849755,0.849755,27.27
scipy-lbfgsb,hot,0,125,0.006255,0.858042,0.858037,0.858037,1.83
scipy-lbfgsb,hot,0,250,0.005904,0.861969,0.858037,0.858037,3.47
scipy-lbfgsb,hot,0,500,0.005829,0.863243,0.858037,0.858037,6.80
scipy-lbfgsb,hot,0,1000,0.005423,0.869396,0.858037,0.858037,13.64
scipy-lbfgsb,hot,0,2000,0.005416,0.869481,0.858037,0.858037,27.59
scipy-lbfgsb,hot,1,125,0.005527,0.832378,0.832372,0.832372,1.75
scipy-lbfgsb,hot,1,250,0.005003,0.838833,0.832372,0.832372,3.63
scipy-lbfgsb,hot,1,500,0.004292,0.822189,0.832372,0.832372,7.23
scipy-lbfgsb,hot,1,1000,0.004057,0.806576,0.832372,0.832372,14.56
scipy-lbfgsb,hot,1,2000,0.003850,0.839310,0.832372,0.832372,28.84
scipy-lbfgsb,hot,2,125,0.006181,0.808909,0.808888,0.808888,1.80
scipy-lbfgsb,hot,2,250,0.005570,0.823095,0.808888,0.808888,3.56
scipy-lbfgsb,hot,2,500,0.004709,0.853864,0.808888,0.808888,7.20
scipy-lbfgsb,hot,2,1000,0.004131,0.864683,0.808888,0.808888,14.96
scipy-lbfgsb,hot,2,2000,0.003729,0.863238,0.808888,0.808888,29.82
scipy-lbfgsb,hot,3,125,0.005987,0.858418,0.858451,0.858451,1.74
scipy-lbfgsb,hot,3,250,0.005188,0.863505,0.858451,0.858451,3.44
scipy-lbfgsb,hot,3,500,0.004464,0.870555,0.858451,0.858451,7.00
scipy-lbfgsb,hot,3,1000,0.003947,0.874558,0.858451,0.858451,14.06
scipy-lbfgsb,hot,3,2000,0.003267,0.877723,0.858451,0.858451,28.53
scipy-lbfgsb,hot,4,125,0.007497,0.755479,0.755459,0.755459,1.86
scipy-lbfgsb,hot,4,250,0.007497,0.755443,0.755459,0.755459,3.63
scipy-lbfgsb,hot,4,500,0.007486,0.755655,0.755459,0.755459,7.11
scipy-lbfgsb,hot,4,1000,0.007481,0.755753,0.755459,0.755459,14.28
scipy-lbfgsb,hot,4,2000,0.007470,0.755994,0.755459,0.755459,28.20
scipy-lbfgsb,hot,5,125,0.006413,0.842137,0.842144,0.842144,1.70
scipy-lbfgsb,hot,5,250,0.005758,0.839967,0.842144,0.842144,3.53
scipy-lbfgsb,hot,5,500,0.004878,0.849562,0.842144,0.842144,7.10
scipy-lbfgsb,hot,5,1000,0.003957,0.869805,0.842144,0.842144,14.40
scipy-lbfgsb,hot,5,2000,0.003850,0.873445,0.842144,0.842144,28.43
scipy-lbfgsb,hot,6,125,0.006463,0.862489,0.862466,0.862466,1.81
scipy-lbfgsb,hot,6,250,0.005936,0.874497,0.862466,0.862466,3.51
scipy-lbfgsb,hot,6,500,0.004969,0.900352,0.862466,0.862466,6.91
scipy-lbfgsb,hot,6,1000,0.004270,0.904017,0.862466,0.862466,14.28
scipy-lbfgsb,hot,6,2000,0.003569,0.912214,0.862466,0.862466,28.46
scipy-lbfgsb,hot,7,125,0.006180,0.870467,0.870453,0.870453,1.66
scipy-lbfgsb,hot,7,250,0.005445,0.869539,0.870453,0.870453,3.37
scipy-lbfgsb,hot,7,500,0.004388,0.827927,0.870453,0.870453,6.95
scipy-lbfgsb,hot,7,1000,0.003764,0.878570,0.870453,0.870453,14.45
scipy-lbfgsb,hot,7,2000,0.003392,0.881158,0.870453,0.870453,28.69
scipy-lbfgsb,hot,8,125,0.006706,0.872437,0.872438,0.872438,1.86
scipy-lbfgsb,hot,8,250,0.006024,0.872470,0.872438,0.872438,3.52
scipy-lbfgsb,hot,8,500,0.004858,0.873046,0.872438,0.872438,6.86
scipy-lbfgsb,hot,8,1000,0.003997,0.878432,0.872438,0.872438,13.85
scipy-lbfgsb,hot,8,2000,0.003609,0.879762,0.872438,0.872438,28.07
scipy-lbfgsb,hot,9,125,0.006677,0.849774,0.849755,0.849755,1.77
scipy-lbfgsb,hot,9,250,0.006677,0.849774,0.849755,0.849755,3.60
scipy-lbfgsb,hot,9,500,0.006489,0.855810,0.849755,0.849755,7.33
scipy-lbfgsb,hot,9,1000,0.006394,0.791576,0.849755,0.849755,14.16
scipy-lbfgsb,hot,9,2000,0.006368,0.792401,0.849755,0.849755,27.93
none,cold,0,125,0.006495,0.862517,0.862517,0.858037,0.01
none,cold,0,250,0.006495,0.862517,0.862517,0.858037,0.01
none,cold,0,500,0.006495,0.862517,0.862517,0.858037,0.01
none,cold,0,1000,0.006495,0.862517,0.862517,0.858037,0.01
none,cold,0,2000,0.006495,0.862517,0.862517,0.858037,0.01
none,cold,1,125,0.006025,0.819187,0.819187,0.832372,0.01
none,cold,1,250,0.006025,0.819187,0.819187,0.832372,0.01
none,cold,1,500,0.006025,0.819187,0.819187,0.832372,0.01
none,cold,1,1000,0.006025,0.819187,0.819187,0.832372,0.01
none,cold,1,2000,0.006025,0.819187,0.819187,0.832372,0.01
none,cold,2,125,0.006439,0.835648,0.835648,0.808888,0.02
none,cold,2,250,0.006439,0.835648,0.835648,0.808888,0.02
none,cold,2,500,0.006439,0.835648,0.835648,0.808888,0.02
none,cold,2,1000,0.006439,0.835648,0.835648,0.808888,0.02
none,cold,2,2000,0.006439,0.835648,0.835648,0.808888,0.02
none,cold,3,125,0.006382,0.867659,0.867659,0.858451,0.02
none,cold,3,250,0.006382,0.867659,0.867659,0.858451,0.02
none,cold,3,500,0.006382,0.867659,0.867659,0.858451,0.02
none,cold,3,1000,0.006382,0.867659,0.867659,0.858451,0.02
none,cold,3,2000,0.006382,0.867659,0.867659,0.858451,0.02
none,cold,4,125,0.006222,0.845693,0.845693,0.755459,0.01
none,cold,4,250,0.006222,0.845693,0.845693,0.755459,0.01
none,cold,4,500,0.006222,0.845693,0.845693,0.755459,0.01
none,cold,4,1000,0.006222,0.845693,0.845693,0.755459,0.01
none,cold,4,2000,0.006222,0.845693,0.845693,0.755459,0.01
none,cold,5,125,0.006533,0.811983,0.811983,0.842144,0.01
none,cold,5,250,0.006533,0.811983,0.811983,0.842144,0.01
none,cold,5,500,0.006533,0.811983,0.811983,0.842144,0.01
none,cold,5,1000,0.006533,0.811983,0.811983,0.842144,0.01
none,cold,5,2000,0.006533,0.811983,0.811983,0.842144,0.01
none,cold,6,125,0.005782,0.890228,0.890228,0.862466,0.01
none,cold,6,250,0.005782,0.890228,0.890228,0.862466,0.01
none,cold,6,500,0.005782,0.890228,0.890228,0.862466,0.01
none,cold,6,1000,0.005782,0.890228,0.890228,0.862466,0.01
none,cold,6,2000,0.005782,0.890228,0.890228,0.862466,0.01
none,cold,7,125,0.005357,0.846885,0.846885,0.870453,0.02
none,cold,7,250,0.005357,0.846885,0.846885,0.870453,0.02
none,cold,7,500,0.005357,0.846885,0.846885,0.870453,0.02
none,cold,7,1000,0.005357,0.846885,0.846885,0.870453,0.02
none,cold,7,2000,0.005357,0.846885,0.846885,0.870453,0.02
none,cold,8,125,0.006406,0.871015,0.871015,0.872438,0.02
none,cold,8,250,0.006406,0.871015,0.871015,0.872438,0.02
none,cold,8,500,0.006406,0.871015,0.871015,0.872438,0.02
none,cold,8,1000,0.006406,0.871015,0.871015,0.872438,0.02
none,cold,8,2000,0.006406,0.871015,0.871015,0.872438,0.02
none,cold,9,125,0.006225,0.859335,0.859335,0.849755,0.01
none,cold,9,250,0.006225,0.859335,0.859335,0.849755,0.01
none,cold,9,500,0.006225,0.859335,0.859335,0.849755,0.01
none,cold,9,1000,0.006225,0.859335,0.859335,0.849755,0.01
none,cold,9,2000,0.006225,0.859335,0.859335,0.849755,0.01
opt-ga,cold,0,125,0.005456,0.862911,0.862517,0.858037,1.74
opt-ga,cold,0,250,0.005261,0.867078,0.862517,0.858037,3.34
opt-ga,cold,0,500,0.005171,0.865226,0.862517,0.858037,6.75
opt-ga,cold,0,1000,0.004903,0.875471,0.862517,0.858037,13.59
opt-ga,cold,0,2000,0.004588,0.879690,0.862517,0.858037,27.62
opt-ga,cold,1,125,0.005226,0.834826,0.819187,0.832372,1.65
opt-ga,cold,1,250,0.005018,0.839461,0.819187,0.832372,3.31
opt-ga,cold,1,500,0.004999,0.849162,0.819187,0.832372,6.58
opt-ga,cold,1,1000,0.004646,0.858946,0.819187,0.832372,13.15
opt-ga,cold,1,2000,0.004353,0.866400,0.819187,0.832372,26.55
opt-ga,cold,2,125,0.005513,0.830399,0.835648,0.808888,1.74
opt-ga,cold,2,250,0.005246,0.853993,0.835648,0.808888,3.33
opt-ga,cold,2,500,0.005089,0.838760,0.835648,0.808888,6.60
opt-ga,cold,2,1000,0.004845,0.826530,0.835648,0.808888,13.41
opt-ga,cold,2,2000,0.004427,0.819019,0.835648,0.808888,26.78
opt-ga,cold,3,125,0.005496,0.879458,0.867659,0.858451,1.68
opt-ga,cold,3,250,0.005469,0.879730,0.867659,0.858451,3.34
opt-ga,cold,3,500,0.005187,0.889477,0.867659,0.858451,6.61
opt-ga,cold,3,1000,0.004898,0.898454,0.867659,0.858451,13.46
opt-ga,cold,3,2000,0.004569,0.895936,0.867659,0.858451,27.17
opt-ga,cold,4,125,0.005363,0.858623,0.845693,0.755459,1.86
opt-ga,cold,4,250,0.005345,0.854259,0.845693,0.755459,3.51
opt-ga,cold,4,500,0.004998,0.848061,0.845693,0.755459,7.45
opt-ga,cold,4,1000,0.004763,0.862797,0.845693,0.755459,15.05
opt-ga,cold,4,2000,0.004487,0.861827,0.845693,0.755459,29.50
opt-ga,cold,5,125,0.005254,0.841626,0.811983,0.842144,1.81
opt-ga,cold,5,250,0.005254,0.841626,0.811983,0.842144,3.64
opt-ga,cold,5,500,0.005165,0.847080,0.811983,0.842144,7.35
opt-ga,cold,5,1000,0.005031,0.845783,0.811983,0.842144,14.78
opt-ga,cold,5,2000,0.004794,0.844243,0.811983,0.842144,29.78
opt-ga,cold,6,125,0.005668,0.875081,0.890228,0.862466,1.92
opt-ga,cold,6,250,0.005484,0.881197,0.890228,0.862466,3.94
opt-ga,cold,6,500,0.005009,0.870801,0.890228,0.862466,7.82
opt-ga,cold,6,1000,0.005009,0.870801,0.890228,0.862466,15.45
opt-ga,cold,6,2000,0.004635,0.887534,0.890228,0.862466,31.26
opt-ga,cold,7,125,0.005357,0.846885,0.846885,0.870453,1.93
opt-ga,cold,7,250,0.005241,0.892653,0.846885,0.870453,3.82
opt-ga,cold,7,500,0.005028,0.847322,0.846885,0.870453,7.58
opt-ga,cold,7,1000,0.004727,0.855674,0.846885,0.870453,15.22
opt-ga,cold,7,2000,0.004366,0.845814,0.846885,0.870453,30.32
opt-ga,cold,8,125,0.005773,0.884506,0.871015,0.872438,2.04
opt-ga,cold,8,250,0.005456,0.882300,0.871015,0.872438,3.95
opt-ga,cold,8,500,0.005358,0.888813,0.871015,0.872438,7.66
opt-ga,cold,8,1000,0.005113,0.894885,0.871015,0.872438,15.30
opt-ga,cold,8,2000,0.004704,0.897744,0.871015,0.872438,31.01
opt-ga,cold,9,125,0.005457,0.865664,0.859335,0.849755,2.08
opt-ga,cold,9,250,0.005239,0.866034,0.859335,0.849755,4.08
opt-ga,cold,9,500,0.005165,0.866944,0.859335,0.849755,8.15
opt-ga,cold,9,1000,0.004911,0.877252,0.859335,0.849755,15.84
opt-ga,cold,9,2000,0.004558,0.888667,0.859335,0.849755,31.66
scipy-lbfgsb,cold,0,125,0.006495,0.862525,0.862517,0.858037,2.03
scipy-lbfgsb,cold,0,250,0.006471,0.863201,0.862517,0.858037,4.02
scipy-lbfgsb,cold,0,500,0.006331,0.866444,0.862517,0.858037,8.01
scipy-lbfgsb,cold,0,1000,0.005435,0.864468,0.862517,0.858037,16.06
scipy-lbfgsb,cold,0,2000,0.004882,0.887299,0.862517,0.858037,32.89
scipy-lbfgsb,cold,1,125,0.006024,0.819191,0.819187,0.832372,2.14
scipy-lbfgsb,cold,1,250,0.006023,0.819268,0.819187,0.832372,4.25
scipy-lbfgsb,cold,1,500,0.005811,0.822720,0.819187,0.832372,8.15
scipy-lbfgsb,cold,1,1000,0.005421,0.825769,0.819187,0.832372,15.53
scipy-lbfgsb,cold,1,2000,0.005261,0.824256,0.819187,0.832372,30.83
scipy-lbfgsb,cold,2,125,0.006439,0.835651,0.835648,0.808888,2.04
scipy-lbfgsb,cold,2,250,0.006416,0.836137,0.835648,0.808888,3.66
scipy-lbfgsb,cold,2,500,0.005684,0.858112,0.835648,0.808888,7.70
scipy-lbfgsb,cold,2,1000,0.005633,0.859240,0.835648,0.808888,21.89
scipy-lbfgsb,cold,2,2000,0.005465,0.859064,0.835648,0.808888,35.76
scipy-lbfgsb,cold,3,125,0.006381,0.867656,0.867659,0.858451,1.65
scipy-lbfgsb,cold,3,250,0.006282,0.866179,0.867659,0.858451,3.40
scipy-lbfgsb,cold,3,500,0.005851,0.874736,0.867659,0.858451,6.87
scipy-lbfgsb,cold,3,1000,0.005535,0.879077,0.867659,0.858451,14.00
scipy-lbfgsb,cold,3,2000,0.005183,0.879349,0.867659,0.858451,27.88
scipy-lbfgsb,cold,4,125,0.006222,0.845700,0.845693,0.755459,1.70
scipy-lbfgsb,cold,4,250,0.006188,0.846329,0.845693,0.755459,3.32
scipy-lbfgsb,cold,4,500,0.005181,0.858074,0.845693,0.755459,6.66
scipy-lbfgsb,cold,4,1000,0.004859,0.859974,0.845693,0.755459,14.08
scipy-lbfgsb,cold,4,2000,0.004494,0.881271,0.845693,0.755459,27.92
scipy-lbfgsb,cold,5,125,0.006533,0.811986,0.811983,0.842144,1.79
scipy-lbfgsb,cold,5,250,0.006525,0.811974,0.811983,0.842144,3.48
scipy-lbfgsb,cold,5,500,0.006477,0.811955,0.811983,0.842144,6.96
scipy-lbfgsb,cold,5,1000,0.006030,0.822699,0.811983,0.842144,13.67
scipy-lbfgsb,cold,5,2000,0.005252,0.852007,0.811983,0.842144,27.12
scipy-lbfgsb,cold,6,125,0.005782,0.890229,0.890228,0.862466,1.68
scipy-lbfgsb,cold,6,250,0.005768,0.890385,0.890228,0.862466,3.41
scipy-lbfgsb,cold,6,500,0.005700,0.891542,0.890228,0.862466,6.81
scipy-lbfgsb,cold,6,1000,0.005599,0.896042,0.890228,0.862466,13.39
scipy-lbfgsb,cold,6,2000,0.005445,0.897749,0.890228,0.862466,28.31
scipy-lbfgsb,cold,7,125,0.005357,0.846882,0.846885,0.870453,1.83
scipy-lbfgsb,cold,7,250,0.005323,0.849114,0.846885,0.870453,3.78
scipy-lbfgsb,cold,7,500,0.005198,0.853452,0.846885,0.870453,7.32
scipy-lbfgsb,cold,7,1000,0.004827,0.856555,0.846885,0.870453,14.80
scipy-lbfgsb,cold,7,2000,0.004558,0.855521,0.846885,0.870453,29.25
scipy-lbfgsb,cold,8,125,0.006406,0.871028,0.871015,0.872438,2.10
scipy-lbfgsb,cold,8,250,0.006394,0.871240,0.871015,0.872438,3.96
scipy-lbfgsb,cold,8,500,0.006370,0.871699,0.871015,0.872438,7.86
scipy-lbfgsb,cold,8,1000,0.006213,0.873247,0.871015,0.872438,16.34
scipy-lbfgsb,cold,8,2000,0.005633,0.881142,0.871015,0.872438,36.09
scipy-lbfgsb,cold,9,125,0.006224,0.859337,0.859335,0.849755,1.98
scipy-lbfgsb,cold,9,250,0.006214,0.859400,0.859335,0.849755,3.82
scipy-lbfgsb,cold,9,500,0.005876,0.861095,0.859335,0.849755,7.40
scipy-lbfgsb,cold,9,1000,0.005550,0.867878,0.859335,0.849755,14.85
scipy-lbfgsb,cold,9,2000,0.005365,0.869661,0.859335,0.849755,29.97
none,kmeans,0,125,0.006495,0.848369,0.848369,0.858037,0.01
none,kmeans,0,250,0.006495,0.848369,0.848369,0.858037,0.01
none,kmeans,0,500,0.006495,0.848369,0.848369,0.858037,0.01
none,kmeans,0,1000,0.006495,0.848369,0.848369,0.858037,0.01
none,kmeans,0,2000,0.006495,0.848369,0.848369,0.858037,0.01
none,kmeans,1,125,0.005449,0.821608,0.821608,0.832372,0.01
none,kmeans,1,250,0.005449,0.821608,0.821608,0.832372,0.01
none,kmeans,1,500,0.005449,0.821608,0.821608,0.832372,0.01
none,kmeans,1,1000,0.005449,0.821608,0.821608,0.832372,0.01
none,kmeans,1,2000,0.005449,0.821608,0.821608,0.832372,0.01
none,kmeans,2,125,0.006190,0.803864,0.803864,0.808888,0.02
none,kmeans,2,250,0.006190,0.803864,0.803864,0.808888,0.02
none,kmeans,2,500,0.006190,0.803864,0.803864,0.808888,0.02
none,kmeans,2,1000,0.006190,0.803864,0.803864,0.808888,0.02
none,kmeans,2,2000,0.006190,0.803864,0.803864,0.808888,0.02
none,kmeans,3,125,0.006129,0.865678,0.865678,0.858451,0.02
none,kmeans,3,250,0.006129,0.865678,0.865678,0.858451,0.02
none,kmeans,3,500,0.006129,0.865678,0.865678,0.858451,0.02
none,kmeans,3,1000,0.006129,0.865678,0.865678,0.858451,0.02
none,kmeans,3,2000,0.006129,0.865678,0.865678,0.858451,0.02
none,kmeans,4,125,0.007274,0.720357,0.720357,0.755459,0.01
none,kmeans,4,250,0.007274,0.720357,0.720357,0.755459,0.01
none,kmeans,4,500,0.007274,0.720357,0.720357,0.755459,0.01
none,kmeans,4,1000,0.007274,0.720357,0.720357,0.755459,0.01
none,kmeans,4,2000,0.007274,0.720357,0.720357,0.755459,0.01
none,kmeans,5,125,0.005857,0.844120,0.844120,0.842144,0.02
none,kmeans,5,250,0.005857,0.844120,0.844120,0.842144,0.02
none,kmeans,5,500,0.005857,0.844120,0.844120,0.842144,0.02
none,kmeans,5,1000,0.005857,0.844120,0.844120,0.842144,0.02
none,kmeans,5,2000,0.005857,0.844120,0.844120,0.842144,0.02
none,kmeans,6,125,0.006787,0.846181,0.846181,0.862466,0.02
none,kmeans,6,250,0.006787,0.846181,0.846181,0.862466,0.02
none,kmeans,6,500,0.006787,0.846181,0.846181,0.862466,0.02
none,kmeans,6,1000,0.006787,0.846181,0.846181,0.862466,0.02
none,kmeans,6,2000,0.006787,0.846181,0.846181,0.862466,0.02
none,kmeans,7,125,0.006489,0.860044,0.860044,0.870453,0.02
none,kmeans,7,250,0.006489,0.860044,0.860044,0.870453,0.02
none,kmeans,7,500,0.006489,0.860044,0.860044,0.870453,0.02
none,kmeans,7,1000,0.006489,0.860044,0.860044,0.870453,0.02
none,kmeans,7,2000,0.006489,0.860044,0.860044,0.870453,0.02
none,kmeans,8,125,0.006376,0.858980,0.858980,0.872438,0.01
none,kmeans,8,250,0.006376,0.858980,0.858980,0.872438,0.01
none,kmeans,8,500,0.006376,0.858980,0.858980,0.872438,0.01
none,kmeans,8,1000,0.006376,0.858980,0.858980,0.872438,0.01
none,kmeans,8,2000,0.006376,0.858980,0.858980,0.872438,0.01
none,kmeans,9,125,0.006096,0.859687,0.859687,0.849755,0.01
none,kmeans,9,250,0.006096,0.859687,0.859687,0.849755,0.01
none,kmeans,9,500,0.006096,0.859687,0.859687,0.849755,0.01
none,kmeans,9,1000,0.006096,0.859687,0.859687,0.849755,0.01
none,kmeans,9,2000,0.006096,0.859687,0.859687,0.849755,0.01
opt-ga,kmeans,0,125,0.005456,0.862911,0.848369,0.858037,1.84
opt-ga,kmeans,0,250,0.005261,0.867078,0.848369,0.858037,3.74
opt-ga,kmeans,0,500,0.005171,0.865226,0.848369,0.858037,7.47
opt-ga,kmeans,0,1000,0.004903,0.875471,0.848369,0.858037,14.95
opt-ga,kmeans,0,2000,0.004588,0.879690,0.848369,0.858037,29.95
opt-ga,kmeans,1,125,0.005226,0.834826,0.821608,0.832372,2.02
opt-ga,kmeans,1,250,0.005170,0.836066,0.821608,0.832372,3.93
opt-ga,kmeans,1,500,0.005031,0.839248,0.821608,0.832372,7.72
opt-ga,kmeans,1,1000,0.004743,0.858134,0.821608,0.832372,15.41
opt-ga,kmeans,1,2000,0.004362,0.860916,0.821608,0.832372,30.19
opt-ga,kmeans,2,125,0.005513,0.830399,0.803864,0.808888,1.98
opt-ga,kmeans,2,250,0.005246,0.853993,0.803864,0.808888,3.91
opt-ga,kmeans,2,500,0.005057,0.837760,0.803864,0.808888,7.77
opt-ga,kmeans,2,1000,0.004600,0.821667,0.803864,0.808888,15.46
opt-ga,kmeans,2,2000,0.004365,0.824969,0.803864,0.808888,31.17
opt-ga,kmeans,3,125,0.005496,0.879458,0.865678,0.858451,2.12
opt-ga,kmeans,3,250,0.005469,0.879730,0.865678,0.858451,4.09
opt-ga,kmeans,3,500,0.005195,0.875375,0.865678,0.858451,8.12
opt-ga,kmeans,3,1000,0.005014,0.882580,0.865678,0.858451,16.28
opt-ga,kmeans,3,2000,0.004547,0.892047,0.865678,0.858451,32.72
opt-ga,kmeans,4,125,0.005363,0.858623,0.720357,0.755459,2.16
opt-ga,kmeans,4,250,0.005345,0.854259,0.720357,0.755459,4.16
opt-ga,kmeans,4,500,0.005149,0.859428,0.720357,0.755459,8.67
opt-ga,kmeans,4,1000,0.004769,0.875035,0.720357,0.755459,17.46
opt-ga,kmeans,4,2000,0.004528,0.870588,0.720357,0.755459,33.39
opt-ga,kmeans,5,125,0.005254,0.841626,0.844120,0.842144,1.99
opt-ga,kmeans,5,250,0.005254,0.841626,0.844120,0.842144,3.84
opt-ga,kmeans,5,500,0.005216,0.846001,0.844120,0.842144,7.65
opt-ga,kmeans,5,1000,0.005065,0.848102,0.844120,0.842144,15.42
opt-ga,kmeans,5,2000,0.004825,0.851467,0.844120,0.842144,30.80
opt-ga,kmeans,6,125,0.005668,0.875081,0.846181,0.862466,2.08
opt-ga,kmeans,6,250,0.005406,0.881927,0.846181,0.862466,4.13
opt-ga,kmeans,6,500,0.005354,0.891048,0.846181,0.862466,8.28
opt-ga,kmeans,6,1000,0.005079,0.890703,0.846181,0.862466,16.41
opt-ga,kmeans,6,2000,0.004682,0.904763,0.846181,0.862466,32.05
opt-ga,kmeans,7,125,0.005506,0.855252,0.860044,0.870453,1.98
opt-ga,kmeans,7,250,0.005418,0.852864,0.860044,0.870453,3.95
opt-ga,kmeans,7,500,0.005087,0.863855,0.860044,0.870453,7.94
opt-ga,kmeans,7,1000,0.004585,0.891961,0.860044,0.870453,15.65
opt-ga,kmeans,7,2000,0.004230,0.891185,0.860044,0.870453,31.80
opt-ga,kmeans,8,125,0.005773,0.884506,0.858980,0.872438,2.09
opt-ga,kmeans,8,250,0.005514,0.843815,0.858980,0.872438,4.07
opt-ga,kmeans,8,500,0.005105,0.886502,0.858980,0.872438,7.96
opt-ga,kmeans,8,1000,0.004728,0.889046,0.858980,0.872438,15.78
opt-ga,kmeans,8,2000,0.004430,0.883943,0.858980,0.872438,30.86
opt-ga,kmeans,9,125,0.005457,0.865664,0.859687,0.849755,1.90
opt-ga,kmeans,9,250,0.005239,0.866034,0.859687,0.849755,3.72
opt-ga,kmeans,9,500,0.005165,0.866944,0.859687,0.849755,7.52
opt-ga,kmeans,9,1000,0.004983,0.861162,0.859687,0.849755,15.10
opt-ga,kmeans,9,2000,0.004817,0.863637,0.859687,0.849755,30.38
scipy-lbfgsb,kmeans,0,125,0.006495,0.848378,0.848369,0.858037,2.04
scipy-lbfgsb,kmeans,0,250,0.005976,0.860458,0.848369,0.858037,4.00
scipy-lbfgsb,kmeans,0,500,0.005277,0.875606,0.848369,0.858037,7.89
scipy-lbfgsb,kmeans,0,1000,0.005232,0.876574,0.848369,0.858037,15.76
scipy-lbfgsb,kmeans,0,2000,0.005145,0.878671,0.848369,0.858037,31.71
scipy-lbfgsb,kmeans,1,125,0.005449,0.821621,0.821608,0.832372,1.96
scipy-lbfgsb,kmeans,1,250,0.005051,0.827747,0.821608,0.832372,3.89
scipy-lbfgsb,kmeans,1,500,0.004133,0.844323,0.821608,0.832372,7.99
scipy-lbfgsb,kmeans,1,1000,0.003581,0.862651,0.821608,0.832372,16.77
scipy-lbfgsb,kmeans,1,2000,0.003481,0.876050,0.821608,0.832372,33.07
scipy-lbfgsb,kmeans,2,125,0.006189,0.803857,0.803864,0.808888,1.91
scipy-lbfgsb,kmeans,2,250,0.005619,0.818333,0.803864,0.808888,3.89
scipy-lbfgsb,kmeans,2,500,0.005524,0.819354,0.803864,0.808888,8.04
scipy-lbfgsb,kmeans,2,1000,0.005507,0.753587,0.803864,0.808888,16.75
scipy-lbfgsb,kmeans,2,2000,0.005390,0.755127,0.803864,0.808888,33.78
scipy-lbfgsb,kmeans,3,125,0.006127,0.865665,0.865678,0.858451,2.10
scipy-lbfgsb,kmeans,3,250,0.005366,0.877230,0.865678,0.858451,4.16
scipy-lbfgsb,kmeans,3,500,0.004460,0.887287,0.865678,0.858451,8.13
scipy-lbfgsb,kmeans,3,1000,0.003777,0.893977,0.865678,0.858451,16.43
scipy-lbfgsb,kmeans,3,2000,0.003377,0.892396,0.865678,0.858451,32.88
scipy-lbfgsb,kmeans,4,125,0.007273,0.720350,0.720357,0.755459,1.93
scipy-lbfgsb,kmeans,4,250,0.007219,0.726779,0.720357,0.755459,3.90
scipy-lbfgsb,kmeans,4,500,0.005054,0.807318,0.720357,0.755459,7.94
scipy-lbfgsb,kmeans,4,1000,0.005054,0.807318,0.720357,0.755459,16.36
scipy-lbfgsb,kmeans,4,2000,0.004089,0.857705,0.720357,0.755459,33.48
scipy-lbfgsb,kmeans,5,125,0.005855,0.844100,0.844120,0.842144,2.25
scipy-lbfgsb,kmeans,5,250,0.005263,0.843419,0.844120,0.842144,4.33
scipy-lbfgsb,kmeans,5,500,0.004517,0.858485,0.844120,0.842144,8.47
scipy-lbfgsb,kmeans,5,1000,0.004415,0.864181,0.844120,0.842144,17.05
scipy-lbfgsb,kmeans,5,2000,0.004251,0.790693,0.844120,0.842144,34.22
scipy-lbfgsb,kmeans,6,125,0.006786,0.846216,0.846181,0.862466,2.25
scipy-lbfgsb,kmeans,6,250,0.005908,0.874909,0.846181,0.862466,4.42
scipy-lbfgsb,kmeans,6,500,0.005207,0.890988,0.846181,0.862466,8.79
scipy-lbfgsb,kmeans,6,1000,0.004395,0.913379,0.846181,0.862466,17.99
scipy-lbfgsb,kmeans,6,2000,0.003603,0.925518,0.846181,0.862466,34.84
scipy-lbfgsb,kmeans,7,125,0.006488,0.860007,0.860044,0.870453,2.09
scipy-lbfgsb,kmeans,7,250,0.006122,0.862356,0.860044,0.870453,4.19
scipy-lbfgsb,kmeans,7,500,0.005350,0.880261,0.860044,0.870453,8.14
scipy-lbfgsb,kmeans,7,1000,0.004233,0.883088,0.860044,0.870453,15.27
scipy-lbfgsb,kmeans,7,2000,0.004201,0.881179,0.860044,0.870453,29.86
scipy-lbfgsb,kmeans,8,125,0.006375,0.858978,0.858980,0.872438,1.79
scipy-lbfgsb,kmeans,8,250,0.005443,0.860255,0.858980,0.872438,3.57
scipy-lbfgsb,kmeans,8,500,0.004382,0.891594,0.858980,0.872438,7.06
scipy-lbfgsb,kmeans,8,1000,0.003695,0.887054,0.858980,0.872438,14.17
scipy-lbfgsb,kmeans,8,2000,0.003114,0.887821,0.858980,0.872438,28.48
scipy-lbfgsb,kmeans,9,125,0.006095,0.859666,0.859687,0.849755,2.01
scipy-lbfgsb,kmeans,9,250,0.006095,0.859666,0.859687,0.849755,3.76
scipy-lbfgsb,kmeans,9,500,0.005797,0.798832,0.859687,0.849755,7.48
scipy-lbfgsb,kmeans,9,1000,0.005790,0.798905,0.859687,0.849755,14.44
scipy-lbfgsb,kmeans,9,2000,0.005688,0.800807,0.859687,0.849755,28.63
none,fcm,0,125,0.006542,0.838933,0.838933,0.858037,0.02
none,fcm,0,250,0.006542,0.838933,0.838933,0.858037,0.02
none,fcm,0,500,0.006542,0.838933,0.838933,0.858037,0.02
none,fcm,0,1000,0.006542,0.838933,0.838933,0.858037,0.02
none,fcm,0,2000,0.006542,0.838933,0.838933,0.858037,0.02
none,fcm,1,125,0.006131,0.803971,0.803971,0.832372,0.01
none,fcm,1,250,0.006131,0.803971,0.803971,0.832372,0.01
none,fcm,1,500,0.006131,0.803971,0.803971,0.832372,0.01
none,fcm,1,1000,0.006131,0.803971,0.803971,0.832372,0.01
none,fcm,1,2000,0.006131,0.803971,0.803971,0.832372,0.01
none,fcm,2,125,0.006340,0.809238,0.809238,0.808888,0.01
none,fcm,2,250,0.006340,0.809238,0.809238,0.808888,0.01
none,fcm,2,500,0.006340,0.809238,0.809238,0.808888,0.01
none,fcm,2,1000,0.006340,0.809238,0.809238,0.808888,0.01
none,fcm,2,2000,0.006340,0.809238,0.809238,0.808888,0.01
none,fcm,3,125,0.006088,0.868022,0.868022,0.858451,0.01
none,fcm,3,250,0.006088,0.868022,0.868022,0.858451,0.01
none,fcm,3,500,0.006088,0.868022,0.868022,0.858451,0.01
none,fcm,3,1000,0.006088,0.868022,0.868022,0.858451,0.01
none,fcm,3,2000,0.006088,0.868022,0.868022,0.858451,0.01
none,fcm,4,125,0.006669,0.801641,0.801641,0.755459,0.01
none,fcm,4,250,0.006669,0.801641,0.801641,0.755459,0.01
none,fcm,4,500,0.006669,0.801641,0.801641,0.755459,0.01
none,fcm,4,1000,0.006669,0.801641,0.801641,0.755459,0.01
none,fcm,4,2000,0.006669,0.801641,0.801641,0.755459,0.01
none,fcm,5,125,0.006009,0.833408,0.833408,0.842144,0.01
none,fcm,5,250,0.006009,0.833408,0.833408,0.842144,0.01
none,fcm,5,500,0.006009,0.833408,0.833408,0.842144,0.01
none,fcm,5,1000,0.006009,0.833408,0.833408,0.842144,0.01
none,fcm,5,2000,0.006009,0.833408,0.833408,0.842144,0.01
none,fcm,6,125,0.008529,0.776392,0.776392,0.862466,0.01
none,fcm,6,250,0.008529,0.776392,0.776392,0.862466,0.01
none,fcm,6,500,0.008529,0.776392,0.776392,0.862466,0.01
none,fcm,6,1000,0.008529,0.776392,0.776392,0.862466,0.01
none,fcm,6,2000,0.008529,0.776392,0.776392,0.862466,0.01
none,fcm,7,125,0.006890,0.852946,0.852946,0.870453,0.02
none,fcm,7,250,0.006890,0.852946,0.852946,0.870453,0.02
none,fcm,7,500,0.006890,0.852946,0.852946,0.870453,0.02
none,fcm,7,1000,0.006890,0.852946,0.852946,0.870453,0.02
none,fcm,7,2000,0.006890,0.852946,0.852946,0.870453,0.02
none,fcm,8,125,0.006381,0.868411,0.868411,0.872438,0.02
none,fcm,8,250,0.006381,0.868411,0.868411,0.872438,0.02
none,fcm,8,500,0.006381,0.868411,0.868411,0.872438,0.02
none,fcm,8,1000,0.006381,0.868411,0.868411,0.872438,0.02
none,fcm,8,2000,0.006381,0.868411,0.868411,0.872438,0.02
none,fcm,9,125,0.007663,0.737595,0.737595,0.849755,0.01
none,fcm,9,250,0.007663,0.737595,0.737595,0.849755,0.01
none,fcm,9,500,0.007663,0.737595,0.737595,0.849755,0.01
none,fcm,9,1000,0.007663,0.737595,0.737595,0.849755,0.01
none,fcm,9,2000,0.007663,0.737595,0.737595,0.849755,0.01
opt-ga,fcm,0,125,0.005456,0.862911,0.838933,0.858037,1.97
opt-ga,fcm,0,250,0.005261,0.867078,0.838933,0.858037,3.88
opt-ga,fcm,0,500,0.005171,0.865226,0.838933,0.858037,7.65
opt-ga,fcm,0,1000,0.004903,0.875471,0.838933,0.858037,15.36
opt-ga,fcm,0,2000,0.004588,0.879690,0.838933,0.858037,29.65
opt-ga,fcm,1,125,0.005226,0.834826,0.803971,0.832372,1.74
opt-ga,fcm,1,250,0.005170,0.836066,0.803971,0.832372,3.40
opt-ga,fcm,1,500,0.004958,0.859477,0.803971,0.832372,6.90
opt-ga,fcm,1,1000,0.004524,0.834800,0.803971,0.832372,14.12
opt-ga,fcm,1,2000,0.004317,0.868491,0.803971,0.832372,28.25
opt-ga,fcm,2,125,0.005513,0.830399,0.809238,0.808888,1.88
opt-ga,fcm,2,250,0.005246,0.853993,0.809238,0.808888,3.88
opt-ga,fcm,2,500,0.004973,0.853506,0.809238,0.808888,7.87
opt-ga,fcm,2,1000,0.004773,0.845989,0.809238,0.808888,15.84
opt-ga,fcm,2,2000,0.004490,0.850737,0.809238,0.808888,31.45
opt-ga,fcm,3,125,0.005496,0.879458,0.868022,0.858451,2.09
opt-ga,fcm,3,250,0.005469,0.879730,0.868022,0.858451,3.91
opt-ga,fcm,3,500,0.005227,0.893887,0.868022,0.858451,7.70
opt-ga,fcm,3,1000,0.005083,0.881295,0.868022,0.858451,14.91
opt-ga,fcm,3,2000,0.004516,0.893936,0.868022,0.858451,28.79
opt-ga,fcm,4,125,0.005363,0.858623,0.801641,0.755459,1.95
opt-ga,fcm,4,250,0.005218,0.843856,0.801641,0.755459,3.81
opt-ga,fcm,4,500,0.005060,0.842529,0.801641,0.755459,7.37
opt-ga,fcm,4,1000,0.004867,0.840763,0.801641,0.755459,14.62
opt-ga,fcm,4,2000,0.004540,0.868495,0.801641,0.755459,29.13
opt-ga,fcm,5,125,0.005254,0.841626,0.833408,0.842144,1.74
opt-ga,fcm,5,250,0.005254,0.841626,0.833408,0.842144,3.57
opt-ga,fcm,5,500,0.005174,0.847964,0.833408,0.842144,7.01
opt-ga,fcm,5,1000,0.005060,0.834051,0.833408,0.842144,13.99
opt-ga,fcm,5,2000,0.004830,0.842861,0.833408,0.842144,28.07
opt-ga,fcm,6,125,0.005668,0.875081,0.776392,0.862466,1.84
opt-ga,fcm,6,250,0.005574,0.861099,0.776392,0.862466,3.59
opt-ga,fcm,6,500,0.005282,0.892114,0.776392,0.862466,7.09
opt-ga,fcm,6,1000,0.004919,0.893551,0.776392,0.862466,14.31
opt-ga,fcm,6,2000,0.004293,0.896921,0.776392,0.862466,29.49
opt-ga,fcm,7,125,0.005506,0.855252,0.852946,0.870453,1.83
opt-ga,fcm,7,250,0.005418,0.852864,0.852946,0.870453,3.58
opt-ga,fcm,7,500,0.005131,0.875802,0.852946,0.870453,7.18
opt-ga,fcm,7,1000,0.004542,0.901079,0.852946,0.870453,14.26
opt-ga,fcm,7,2000,0.004194,0.890130,0.852946,0.870453,29.14
opt-ga,fcm,8,125,0.005773,0.884506,0.868411,0.872438,1.89
opt-ga,fcm,8,250,0.005707,0.871773,0.868411,0.872438,3.74
opt-ga,fcm,8,500,0.005453,0.892744,0.868411,0.872438,7.51
opt-ga,fcm,8,1000,0.005075,0.898815,0.868411,0.872438,14.56
opt-ga,fcm,8,2000,0.004666,0.880965,0.868411,0.872438,28.93
opt-ga,fcm,9,125,0.005457,0.865664,0.737595,0.849755,2.10
opt-ga,fcm,9,250,0.005239,0.866034,0.737595,0.849755,3.93
opt-ga,fcm,9,500,0.005165,0.866944,0.737595,0.849755,7.60
opt-ga,fcm,9,1000,0.004860,0.881478,0.737595,0.849755,14.94
opt-ga,fcm,9,2000,0.004525,0.880265,0.737595,0.849755,30.60
scipy-lbfgsb,fcm,0,125,0.006540,0.838952,0.838933,0.858037,1.97
scipy-lbfgsb,fcm,0,250,0.006540,0.838952,0.838933,0.858037,3.96
scipy-lbfgsb,fcm,0,500,0.006506,0.839060,0.838933,0.858037,7.97
scipy-lbfgsb,fcm,0,1000,0.006471,0.839137,0.838933,0.858037,16.04
scipy-lbfgsb,fcm,0,2000,0.006361,0.839259,0.838933,0.858037,31.61
scipy-lbfgsb,fcm,1,125,0.006129,0.803999,0.803971,0.832372,1.80
scipy-lbfgsb,fcm,1,250,0.005553,0.824802,0.803971,0.832372,3.62
scipy-lbfgsb,fcm,1,500,0.005415,0.829464,0.803971,0.832372,7.48
scipy-lbfgsb,fcm,1,1000,0.005386,0.830309,0.803971,0.832372,15.49
scipy-lbfgsb,fcm,1,2000,0.005212,0.833408,0.803971,0.832372,31.27
scipy-lbfgsb,fcm,2,125,0.006339,0.809351,0.809238,0.808888,2.07
scipy-lbfgsb,fcm,2,250,0.006339,0.809351,0.809238,0.808888,4.09
scipy-lbfgsb,fcm,2,500,0.006295,0.745671,0.809238,0.808888,7.97
scipy-lbfgsb,fcm,2,1000,0.006111,0.754183,0.809238,0.808888,15.77
scipy-lbfgsb,fcm,2,2000,0.006098,0.754632,0.809238,0.808888,30.67
scipy-lbfgsb,fcm,3,125,0.006086,0.868144,0.868022,0.858451,2.08
scipy-lbfgsb,fcm,3,250,0.006086,0.868144,0.868022,0.858451,4.07
scipy-lbfgsb,fcm,3,500,0.006085,0.868180,0.868022,0.858451,8.00
scipy-lbfgsb,fcm,3,1000,0.006053,0.869393,0.868022,0.858451,15.65
scipy-lbfgsb,fcm,3,2000,0.006044,0.869627,0.868022,0.858451,30.99
scipy-lbfgsb,fcm,4,125,0.006664,0.801739,0.801641,0.755459,1.94
scipy-lbfgsb,fcm,4,250,0.005311,0.826339,0.801641,0.755459,3.82
scipy-lbfgsb,fcm,4,500,0.005238,0.829115,0.801641,0.755459,7.72
scipy-lbfgsb,fcm,4,1000,0.005056,0.835869,0.801641,0.755459,15.55
scipy-lbfgsb,fcm,4,2000,0.004837,0.844785,0.801641,0.755459,32.75
scipy-lbfgsb,fcm,5,125,0.006007,0.833406,0.833408,0.842144,2.08
scipy-lbfgsb,fcm,5,250,0.005550,0.828410,0.833408,0.842144,4.16
scipy-lbfgsb,fcm,5,500,0.005187,0.830915,0.833408,0.842144,8.54
scipy-lbfgsb,fcm,5,1000,0.004797,0.830766,0.833408,0.842144,17.38
scipy-lbfgsb,fcm,5,2000,0.004707,0.756241,0.833408,0.842144,34.24
scipy-lbfgsb,fcm,6,125,0.008528,0.776324,0.776392,0.862466,2.30
scipy-lbfgsb,fcm,6,250,0.007085,0.825274,0.776392,0.862466,4.47
scipy-lbfgsb,fcm,6,500,0.005917,0.872110,0.776392,0.862466,8.72
scipy-lbfgsb,fcm,6,1000,0.005548,0.871481,0.776392,0.862466,17.42
scipy-lbfgsb,fcm,6,2000,0.005491,0.873238,0.776392,0.862466,35.02
scipy-lbfgsb,fcm,7,125,0.006889,0.852997,0.852946,0.870453,2.07
scipy-lbfgsb,fcm,7,250,0.006889,0.852997,0.852946,0.870453,4.25
scipy-lbfgsb,fcm,7,500,0.006775,0.856420,0.852946,0.870453,8.40
scipy-lbfgsb,fcm,7,1000,0.006422,0.869147,0.852946,0.870453,16.56
scipy-lbfgsb,fcm,7,2000,0.006412,0.869449,0.852946,0.870453,32.11
scipy-lbfgsb,fcm,8,125,0.006381,0.868441,0.868411,0.872438,1.94
scipy-lbfgsb,fcm,8,250,0.006381,0.868441,0.868411,0.872438,3.86
scipy-lbfgsb,fcm,8,500,0.006075,0.874722,0.868411,0.872438,7.80
scipy-lbfgsb,fcm,8,1000,0.006071,0.874811,0.868411,0.872438,15.53
scipy-lbfgsb,fcm,8,2000,0.006071,0.874811,0.868411,0.872438,30.89
scipy-lbfgsb,fcm,9,125,0.007661,0.737589,0.737595,0.849755,2.22
scipy-lbfgsb,fcm,9,250,0.007442,0.747496,0.737595,0.849755,4.23
scipy-lbfgsb,fcm,9,500,0.006457,0.767927,0.737595,0.849755,8.31
scipy-lbfgsb,fcm,9,1000,0.005408,0.766574,0.737595,0.849755,16.36
scipy-lbfgsb,fcm,9,2000,0.004641,0.776632,0.737595,0.849755,32.34
