arm,init,seed,budget,obj,acc,acc_0,heuristic_acc,seconds
none,hot,0,125,0.009248,0.999771,0.999771,0.999771,0.032
none,hot,0,250,0.009248,0.999771,0.999771,0.999771,0.032
none,hot,0,500,0.009248,0.999771,0.999771,0.999771,0.032
none,hot,0,1000,0.009248,0.999771,0.999771,0.999771,0.032
none,hot,0,2000,0.009248,0.999771,0.999771,0.999771,0.032
scipy-lbfgsb,hot,0,125,0.009178,0.999771,0.999771,0.999771,3.846
scipy-lbfgsb,hot,0,250,0.003306,0.999833,0.999771,0.999771,7.651
scipy-lbfgsb,hot,0,500,0.001478,0.999812,0.999771,0.999771,15.323
scipy-lbfgsb,hot,0,1000,0.000832,0.999854,0.999771,0.999771,30.505
scipy-lbfgsb,hot,0,2000,0.000755,0.999833,0.999771,0.999771,60.951
scipy-powell,hot,0,125,0.001583,0.999812,0.999771,0.999771,3.766
scipy-powell,hot,0,250,0.001583,0.999812,0.999771,0.999771,7.527
scipy-powell,hot,0,500,0.001210,0.999854,0.999771,0.999771,15.060
scipy-powell,hot,0,1000,0.000898,0.999854,0.999771,0.999771,30.258
scipy-powell,hot,0,2000,0.000647,0.999875,0.999771,0.999771,60.692
scipy-de,hot,0,125,0.009248,0.999771,0.999771,0.999771,0.051
scipy-de,hot,0,250,0.009248,0.999771,0.999771,0.999771,0.051
scipy-de,hot,0,500,0.009248,0.999771,0.999771,0.999771,0.051
scipy-de,hot,0,1000,0.009248,0.999771,0.999771,0.999771,0.051
scipy-de,hot,0,2000,0.009248,0.999771,0.999771,0.999771,0.051
opt-ga,hot,0,125,0.009248,0.999771,0.999771,0.999771,2.404
opt-ga,hot,0,250,0.009248,0.999771,0.999771,0.999771,4.963
opt-ga,hot,0,500,0.003000,0.999771,0.999771,0.999771,10.879
opt-ga,hot,0,1000,0.001118,0.999812,0.999771,0.999771,25.936
opt-ga,hot,0,2000,0.000881,0.999833,0.999771,0.999771,55.848
opt-pso,hot,0,125,0.009248,0.999771,0.999771,0.999771,2.287
opt-pso,hot,0,250,0.009248,0.999771,0.999771,0.999771,4.573
opt-pso,hot,0,500,0.009248,0.999771,0.999771,0.999771,9.170
opt-pso,hot,0,1000,0.009248,0.999771,0.999771,0.999771,18.673
opt-pso,hot,0,2000,0.009248,0.999771,0.999771,0.999771,37.468
opt-aco,hot,0,125,0.009248,0.999771,0.999771,0.999771,2.387
opt-aco,hot,0,250,0.009248,0.999771,0.999771,0.999771,4.744
opt-aco,hot,0,500,0.008538,0.998958,0.999771,0.999771,9.482
opt-aco,hot,0,1000,0.008538,0.998958,0.999771,0.999771,18.902
opt-aco,hot,0,2000,0.002975,0.999354,0.999771,0.999771,37.766
opt-gd,hot,0,125,0.009214,0.999771,0.999771,0.999771,4.010
opt-gd,hot,0,250,0.009214,0.999771,0.999771,0.999771,7.889
opt-gd,hot,0,500,0.001597,0.999854,0.999771,0.999771,15.583
opt-gd,hot,0,1000,0.000966,0.999854,0.999771,0.999771,31.230
opt-gd,hot,0,2000,0.000758,0.999812,0.999771,0.999771,62.891
none,hot,1,125,0.008828,0.999854,0.999854,0.999854,0.034
none,hot,1,250,0.008828,0.999854,0.999854,0.999854,0.034
none,hot,1,500,0.008828,0.999854,0.999854,0.999854,0.034
none,hot,1,1000,0.008828,0.999854,0.999854,0.999854,0.034
none,hot,1,2000,0.008828,0.999854,0.999854,0.999854,0.034
scipy-lbfgsb,hot,1,125,0.008765,0.999854,0.999854,0.999854,3.983
scipy-lbfgsb,hot,1,250,0.003734,0.999854,0.999854,0.999854,7.782
scipy-lbfgsb,hot,1,500,0.001407,0.999812,0.999854,0.999854,15.434
scipy-lbfgsb,hot,1,1000,0.000883,0.999854,0.999854,0.999854,30.859
scipy-lbfgsb,hot,1,2000,0.000848,0.999854,0.999854,0.999854,61.532
scipy-powell,hot,1,125,0.001579,0.999812,0.999854,0.999854,3.803
scipy-powell,hot,1,250,0.001461,0.999854,0.999854,0.999854,7.539
scipy-powell,hot,1,500,0.001319,0.999854,0.999854,0.999854,15.090
scipy-powell,hot,1,1000,0.000988,0.999854,0.999854,0.999854,30.297
scipy-powell,hot,1,2000,0.000846,0.999875,0.999854,0.999854,60.728
scipy-de,hot,1,125,0.008828,0.999854,0.999854,0.999854,0.039
scipy-de,hot,1,250,0.008828,0.999854,0.999854,0.999854,0.039
scipy-de,hot,1,500,0.008828,0.999854,0.999854,0.999854,0.039
scipy-de,hot,1,1000,0.008828,0.999854,0.999854,0.999854,0.039
scipy-de,hot,1,2000,0.008828,0.999854,0.999854,0.999854,0.039
opt-ga,hot,1,125,0.008828,0.999854,0.999854,0.999854,2.303
opt-ga,hot,1,250,0.008828,0.999854,0.999854,0.999854,4.717
opt-ga,hot,1,500,0.004601,0.999500,0.999854,0.999854,10.386
opt-ga,hot,1,1000,0.001370,0.999854,0.999854,0.999854,24.804
opt-ga,hot,1,2000,0.000865,0.999771,0.999854,0.999854,55.648
opt-pso,hot,1,125,0.008828,0.999854,0.999854,0.999854,2.295
opt-pso,hot,1,250,0.008828,0.999854,0.999854,0.999854,4.459
opt-pso,hot,1,500,0.008828,0.999854,0.999854,0.999854,8.907
opt-pso,hot,1,1000,0.008828,0.999854,0.999854,0.999854,18.059
opt-pso,hot,1,2000,0.008828,0.999854,0.999854,0.999854,36.533
opt-aco,hot,1,125,0.008828,0.999854,0.999854,0.999854,2.208
opt-aco,hot,1,250,0.008828,0.999854,0.999854,0.999854,4.459
opt-aco,hot,1,500,0.008828,0.999854,0.999854,0.999854,8.891
opt-aco,hot,1,1000,0.008828,0.999854,0.999854,0.999854,17.970
opt-aco,hot,1,2000,0.006692,0.999271,0.999854,0.999854,36.558
opt-gd,hot,1,125,0.008796,0.999854,0.999854,0.999854,3.854
opt-gd,hot,1,250,0.008796,0.999854,0.999854,0.999854,7.644
opt-gd,hot,1,500,0.001517,0.999812,0.999854,0.999854,15.419
opt-gd,hot,1,1000,0.000959,0.999854,0.999854,0.999854,30.875
opt-gd,hot,1,2000,0.000878,0.999854,0.999854,0.999854,62.569
none,hot,2,125,0.011620,0.999250,0.999250,0.999250,0.031
none,hot,2,250,0.011620,0.999250,0.999250,0.999250,0.031
none,hot,2,500,0.011620,0.999250,0.999250,0.999250,0.031
none,hot,2,1000,0.011620,0.999250,0.999250,0.999250,0.031
none,hot,2,2000,0.011620,0.999250,0.999250,0.999250,0.031
scipy-lbfgsb,hot,2,125,0.011520,0.999354,0.999250,0.999250,3.944
scipy-lbfgsb,hot,2,250,0.003079,0.999625,0.999250,0.999250,7.852
scipy-lbfgsb,hot,2,500,0.001797,0.999667,0.999250,0.999250,16.020
scipy-lbfgsb,hot,2,1000,0.000671,0.999812,0.999250,0.999250,32.581
scipy-lbfgsb,hot,2,2000,0.000584,0.999812,0.999250,0.999250,65.191
scipy-powell,hot,2,125,0.002305,0.999667,0.999250,0.999250,3.911
scipy-powell,hot,2,250,0.002305,0.999667,0.999250,0.999250,7.811
scipy-powell,hot,2,500,0.000980,0.999750,0.999250,0.999250,15.631
scipy-powell,hot,2,1000,0.000696,0.999833,0.999250,0.999250,31.016
scipy-powell,hot,2,2000,0.000591,0.999833,0.999250,0.999250,62.305
scipy-de,hot,2,125,0.011620,0.999250,0.999250,0.999250,2.443
scipy-de,hot,2,250,0.011620,0.999250,0.999250,0.999250,4.955
scipy-de,hot,2,500,0.011620,0.999250,0.999250,0.999250,9.557
scipy-de,hot,2,1000,0.011620,0.999250,0.999250,0.999250,19.130
scipy-de,hot,2,2000,0.011620,0.999250,0.999250,0.999250,37.734
opt-ga,hot,2,125,0.010365,0.998979,0.999250,0.999250,2.430
opt-ga,hot,2,250,0.007772,0.999479,0.999250,0.999250,4.972
opt-ga,hot,2,500,0.005076,0.999313,0.999250,0.999250,11.512
opt-ga,hot,2,1000,0.001024,0.999750,0.999250,0.999250,26.374
opt-ga,hot,2,2000,0.000810,0.999812,0.999250,0.999250,56.629
opt-pso,hot,2,125,0.011620,0.999250,0.999250,0.999250,2.340
opt-pso,hot,2,250,0.011620,0.999250,0.999250,0.999250,4.656
opt-pso,hot,2,500,0.011620,0.999250,0.999250,0.999250,9.451
opt-pso,hot,2,1000,0.011620,0.999250,0.999250,0.999250,18.897
opt-pso,hot,2,2000,0.011620,0.999250,0.999250,0.999250,37.319
opt-aco,hot,2,125,0.011620,0.999250,0.999250,0.999250,2.298
opt-aco,hot,2,250,0.011620,0.999250,0.999250,0.999250,4.619
opt-aco,hot,2,500,0.011620,0.999250,0.999250,0.999250,9.125
opt-aco,hot,2,1000,0.008435,0.998833,0.999250,0.999250,17.997
opt-aco,hot,2,2000,0.008435,0.998833,0.999250,0.999250,35.285
opt-gd,hot,2,125,0.011574,0.999292,0.999250,0.999250,4.203
opt-gd,hot,2,250,0.011574,0.999292,0.999250,0.999250,8.338
opt-gd,hot,2,500,0.001837,0.999687,0.999250,0.999250,16.544
opt-gd,hot,2,1000,0.000816,0.999833,0.999250,0.999250,32.664
opt-gd,hot,2,2000,0.000608,0.999771,0.999250,0.999250,64.212
none,hot,3,125,0.010282,0.999708,0.999708,0.999708,0.032
none,hot,3,250,0.010282,0.999708,0.999708,0.999708,0.032
none,hot,3,500,0.010282,0.999708,0.999708,0.999708,0.032
none,hot,3,1000,0.010282,0.999708,0.999708,0.999708,0.032
none,hot,3,2000,0.010282,0.999708,0.999708,0.999708,0.032
scipy-lbfgsb,hot,3,125,0.010180,0.999708,0.999708,0.999708,4.010
scipy-lbfgsb,hot,3,250,0.001738,0.999729,0.999708,0.999708,7.894
scipy-lbfgsb,hot,3,500,0.001137,0.999771,0.999708,0.999708,15.698
scipy-lbfgsb,hot,3,1000,0.000603,0.999833,0.999708,0.999708,31.207
scipy-lbfgsb,hot,3,2000,0.000598,0.999833,0.999708,0.999708,61.938
scipy-powell,hot,3,125,0.001068,0.999792,0.999708,0.999708,3.770
scipy-powell,hot,3,250,0.001068,0.999792,0.999708,0.999708,7.510
scipy-powell,hot,3,500,0.000901,0.999792,0.999708,0.999708,14.934
scipy-powell,hot,3,1000,0.000613,0.999833,0.999708,0.999708,29.925
scipy-powell,hot,3,2000,0.000591,0.999854,0.999708,0.999708,59.666
scipy-de,hot,3,125,0.010282,0.999708,0.999708,0.999708,2.399
scipy-de,hot,3,250,0.010282,0.999708,0.999708,0.999708,4.787
scipy-de,hot,3,500,0.010282,0.999708,0.999708,0.999708,9.408
scipy-de,hot,3,1000,0.010282,0.999708,0.999708,0.999708,18.689
scipy-de,hot,3,2000,0.010282,0.999708,0.999708,0.999708,37.301
opt-ga,hot,3,125,0.010282,0.999708,0.999708,0.999708,2.244
opt-ga,hot,3,250,0.010282,0.999708,0.999708,0.999708,4.706
opt-ga,hot,3,500,0.004931,0.999771,0.999708,0.999708,10.531
opt-ga,hot,3,1000,0.001237,0.999812,0.999708,0.999708,24.506
opt-ga,hot,3,2000,0.000668,0.999833,0.999708,0.999708,55.458
opt-pso,hot,3,125,0.010282,0.999708,0.999708,0.999708,2.276
opt-pso,hot,3,250,0.010282,0.999708,0.999708,0.999708,4.694
opt-pso,hot,3,500,0.010282,0.999708,0.999708,0.999708,9.657
opt-pso,hot,3,1000,0.010282,0.999708,0.999708,0.999708,19.070
opt-pso,hot,3,2000,0.010282,0.999708,0.999708,0.999708,37.857
opt-aco,hot,3,125,0.010282,0.999708,0.999708,0.999708,2.288
opt-aco,hot,3,250,0.010282,0.999708,0.999708,0.999708,4.568
opt-aco,hot,3,500,0.006823,0.997979,0.999708,0.999708,9.353
opt-aco,hot,3,1000,0.006823,0.997979,0.999708,0.999708,19.126
opt-aco,hot,3,2000,0.006309,0.999604,0.999708,0.999708,37.552
opt-gd,hot,3,125,0.010234,0.999708,0.999708,0.999708,4.054
opt-gd,hot,3,250,0.010234,0.999708,0.999708,0.999708,8.073
opt-gd,hot,3,500,0.001205,0.999771,0.999708,0.999708,15.946
opt-gd,hot,3,1000,0.000639,0.999833,0.999708,0.999708,31.796
opt-gd,hot,3,2000,0.000602,0.999833,0.999708,0.999708,62.622
none,hot,4,125,0.015801,0.998833,0.998833,0.998833,0.030
none,hot,4,250,0.015801,0.998833,0.998833,0.998833,0.030
none,hot,4,500,0.015801,0.998833,0.998833,0.998833,0.030
none,hot,4,1000,0.015801,0.998833,0.998833,0.998833,0.030
none,hot,4,2000,0.015801,0.998833,0.998833,0.998833,0.030
scipy-lbfgsb,hot,4,125,0.006511,0.999729,0.998833,0.998833,3.885
scipy-lbfgsb,hot,4,250,0.006457,0.999750,0.998833,0.998833,7.840
scipy-lbfgsb,hot,4,500,0.005499,0.999854,0.998833,0.998833,15.694
scipy-lbfgsb,hot,4,1000,0.002463,0.999833,0.998833,0.998833,31.369
scipy-lbfgsb,hot,4,2000,0.001495,0.999812,0.998833,0.998833,63.076
scipy-powell,hot,4,125,0.015801,0.998833,0.998833,0.998833,3.832
scipy-powell,hot,4,250,0.003023,0.999500,0.998833,0.998833,7.617
scipy-powell,hot,4,500,0.002280,0.999667,0.998833,0.998833,15.206
scipy-powell,hot,4,1000,0.001252,0.999812,0.998833,0.998833,30.314
scipy-powell,hot,4,2000,0.001144,0.999812,0.998833,0.998833,59.990
scipy-de,hot,4,125,0.015801,0.998833,0.998833,0.998833,2.479
scipy-de,hot,4,250,0.015801,0.998833,0.998833,0.998833,4.823
scipy-de,hot,4,500,0.015801,0.998833,0.998833,0.998833,9.539
scipy-de,hot,4,1000,0.015801,0.998833,0.998833,0.998833,18.986
scipy-de,hot,4,2000,0.015801,0.998833,0.998833,0.998833,37.470
opt-ga,hot,4,125,0.015801,0.998833,0.998833,0.998833,2.332
opt-ga,hot,4,250,0.015801,0.998833,0.998833,0.998833,4.611
opt-ga,hot,4,500,0.015801,0.998833,0.998833,0.998833,9.187
opt-ga,hot,4,1000,0.015773,0.999750,0.998833,0.998833,18.701
opt-ga,hot,4,2000,0.012728,0.999812,0.998833,0.998833,38.577
opt-pso,hot,4,125,0.015801,0.998833,0.998833,0.998833,2.318
opt-pso,hot,4,250,0.015801,0.998833,0.998833,0.998833,4.639
opt-pso,hot,4,500,0.015801,0.998833,0.998833,0.998833,9.343
opt-pso,hot,4,1000,0.015801,0.998833,0.998833,0.998833,19.200
opt-pso,hot,4,2000,0.015801,0.998833,0.998833,0.998833,38.358
opt-aco,hot,4,125,0.015801,0.998833,0.998833,0.998833,2.278
opt-aco,hot,4,250,0.015801,0.998833,0.998833,0.998833,4.499
opt-aco,hot,4,500,0.015801,0.998833,0.998833,0.998833,9.064
opt-aco,hot,4,1000,0.015801,0.998833,0.998833,0.998833,18.570
opt-aco,hot,4,2000,0.015801,0.998833,0.998833,0.998833,36.886
opt-gd,hot,4,125,0.006528,0.999750,0.998833,0.998833,3.962
opt-gd,hot,4,250,0.006527,0.999750,0.998833,0.998833,7.910
opt-gd,hot,4,500,0.005538,0.999854,0.998833,0.998833,15.635
opt-gd,hot,4,1000,0.003215,0.999833,0.998833,0.998833,31.209
opt-gd,hot,4,2000,0.002327,0.999812,0.998833,0.998833,61.717
none,hot,5,125,0.011508,0.999583,0.999583,0.999583,0.031
none,hot,5,250,0.011508,0.999583,0.999583,0.999583,0.031
none,hot,5,500,0.011508,0.999583,0.999583,0.999583,0.031
none,hot,5,1000,0.011508,0.999583,0.999583,0.999583,0.031
none,hot,5,2000,0.011508,0.999583,0.999583,0.999583,0.031
scipy-lbfgsb,hot,5,125,0.011393,0.999583,0.999583,0.999583,4.053
scipy-lbfgsb,hot,5,250,0.001939,0.999625,0.999583,0.999583,8.083
scipy-lbfgsb,hot,5,500,0.000618,0.999708,0.999583,0.999583,16.299
scipy-lbfgsb,hot,5,1000,0.000434,0.999687,0.999583,0.999583,32.575
scipy-lbfgsb,hot,5,2000,0.000310,0.999750,0.999583,0.999583,65.229
scipy-powell,hot,5,125,0.001676,0.999604,0.999583,0.999583,3.894
scipy-powell,hot,5,250,0.001676,0.999604,0.999583,0.999583,7.737
scipy-powell,hot,5,500,0.000805,0.999750,0.999583,0.999583,15.502
scipy-powell,hot,5,1000,0.000522,0.999812,0.999583,0.999583,30.894
scipy-powell,hot,5,2000,0.000426,0.999833,0.999583,0.999583,61.958
scipy-de,hot,5,125,0.011508,0.999583,0.999583,0.999583,0.036
scipy-de,hot,5,250,0.011508,0.999583,0.999583,0.999583,0.036
scipy-de,hot,5,500,0.011508,0.999583,0.999583,0.999583,0.036
scipy-de,hot,5,1000,0.011508,0.999583,0.999583,0.999583,0.036
scipy-de,hot,5,2000,0.011508,0.999583,0.999583,0.999583,0.036
opt-ga,hot,5,125,0.011508,0.999583,0.999583,0.999583,2.256
opt-ga,hot,5,250,0.011508,0.999583,0.999583,0.999583,4.607
opt-ga,hot,5,500,0.008365,0.999792,0.999583,0.999583,9.941
opt-ga,hot,5,1000,0.000942,0.999792,0.999583,0.999583,23.904
opt-ga,hot,5,2000,0.000502,0.999792,0.999583,0.999583,54.861
opt-pso,hot,5,125,0.011508,0.999583,0.999583,0.999583,2.445
opt-pso,hot,5,250,0.011508,0.999583,0.999583,0.999583,4.940
opt-pso,hot,5,500,0.011508,0.999583,0.999583,0.999583,9.967
opt-pso,hot,5,1000,0.011508,0.999583,0.999583,0.999583,19.316
opt-pso,hot,5,2000,0.011508,0.999583,0.999583,0.999583,37.702
opt-aco,hot,5,125,0.011508,0.999583,0.999583,0.999583,2.360
opt-aco,hot,5,250,0.011508,0.999583,0.999583,0.999583,4.877
opt-aco,hot,5,500,0.011508,0.999583,0.999583,0.999583,9.569
opt-aco,hot,5,1000,0.011508,0.999583,0.999583,0.999583,18.929
opt-aco,hot,5,2000,0.011508,0.999583,0.999583,0.999583,37.716
opt-gd,hot,5,125,0.011459,0.999583,0.999583,0.999583,4.203
opt-gd,hot,5,250,0.011459,0.999583,0.999583,0.999583,8.380
opt-gd,hot,5,500,0.001164,0.999646,0.999583,0.999583,16.540
opt-gd,hot,5,1000,0.000809,0.999687,0.999583,0.999583,32.716
opt-gd,hot,5,2000,0.000357,0.999771,0.999583,0.999583,64.460
none,hot,6,125,0.013122,0.999625,0.999625,0.999625,0.032
none,hot,6,250,0.013122,0.999625,0.999625,0.999625,0.032
none,hot,6,500,0.013122,0.999625,0.999625,0.999625,0.032
none,hot,6,1000,0.013122,0.999625,0.999625,0.999625,0.032
none,hot,6,2000,0.013122,0.999625,0.999625,0.999625,0.032
scipy-lbfgsb,hot,6,125,0.012933,0.999625,0.999625,0.999625,4.048
scipy-lbfgsb,hot,6,250,0.000907,0.999792,0.999625,0.999625,7.958
scipy-lbfgsb,hot,6,500,0.000432,0.999812,0.999625,0.999625,15.739
scipy-lbfgsb,hot,6,1000,0.000353,0.999792,0.999625,0.999625,31.220
scipy-lbfgsb,hot,6,2000,0.000340,0.999812,0.999625,0.999625,62.832
scipy-powell,hot,6,125,0.001255,0.999646,0.999625,0.999625,4.051
scipy-powell,hot,6,250,0.001255,0.999646,0.999625,0.999625,7.946
scipy-powell,hot,6,500,0.000977,0.999812,0.999625,0.999625,15.835
scipy-powell,hot,6,1000,0.000412,0.999792,0.999625,0.999625,31.729
scipy-powell,hot,6,2000,0.000379,0.999792,0.999625,0.999625,63.030
scipy-de,hot,6,125,0.013122,0.999625,0.999625,0.999625,2.524
scipy-de,hot,6,250,0.013122,0.999625,0.999625,0.999625,4.989
scipy-de,hot,6,500,0.013122,0.999625,0.999625,0.999625,9.856
scipy-de,hot,6,1000,0.013122,0.999625,0.999625,0.999625,19.248
scipy-de,hot,6,2000,0.013122,0.999625,0.999625,0.999625,37.816
opt-ga,hot,6,125,0.013122,0.999625,0.999625,0.999625,2.279
opt-ga,hot,6,250,0.012705,0.999542,0.999625,0.999625,4.626
opt-ga,hot,6,500,0.005697,0.999812,0.999625,0.999625,9.995
opt-ga,hot,6,1000,0.001352,0.999708,0.999625,0.999625,23.604
opt-ga,hot,6,2000,0.000582,0.999771,0.999625,0.999625,53.331
opt-pso,hot,6,125,0.013122,0.999625,0.999625,0.999625,2.418
opt-pso,hot,6,250,0.013122,0.999625,0.999625,0.999625,4.756
opt-pso,hot,6,500,0.013122,0.999625,0.999625,0.999625,9.586
opt-pso,hot,6,1000,0.013122,0.999625,0.999625,0.999625,18.730
opt-pso,hot,6,2000,0.013122,0.999625,0.999625,0.999625,36.586
opt-aco,hot,6,125,0.013122,0.999625,0.999625,0.999625,2.360
opt-aco,hot,6,250,0.013122,0.999625,0.999625,0.999625,4.690
opt-aco,hot,6,500,0.013122,0.999625,0.999625,0.999625,9.412
opt-aco,hot,6,1000,0.013122,0.999625,0.999625,0.999625,18.826
opt-aco,hot,6,2000,0.010923,0.999687,0.999625,0.999625,37.634
opt-gd,hot,6,125,0.013056,0.999625,0.999625,0.999625,3.883
opt-gd,hot,6,250,0.013056,0.999625,0.999625,0.999625,7.719
opt-gd,hot,6,500,0.001193,0.999687,0.999625,0.999625,15.488
opt-gd,hot,6,1000,0.000705,0.999812,0.999625,0.999625,31.057
opt-gd,hot,6,2000,0.000352,0.999812,0.999625,0.999625,62.473
none,hot,7,125,0.010203,0.999854,0.999854,0.999854,0.033
none,hot,7,250,0.010203,0.999854,0.999854,0.999854,0.033
none,hot,7,500,0.010203,0.999854,0.999854,0.999854,0.033
none,hot,7,1000,0.010203,0.999854,0.999854,0.999854,0.033
none,hot,7,2000,0.010203,0.999854,0.999854,0.999854,0.033
scipy-lbfgsb,hot,7,125,0.010109,0.999854,0.999854,0.999854,4.248
scipy-lbfgsb,hot,7,250,0.002235,0.999854,0.999854,0.999854,8.271
scipy-lbfgsb,hot,7,500,0.001531,0.999812,0.999854,0.999854,16.592
scipy-lbfgsb,hot,7,1000,0.000769,0.999854,0.999854,0.999854,32.270
scipy-lbfgsb,hot,7,2000,0.000695,0.999875,0.999854,0.999854,63.170
scipy-powell,hot,7,125,0.010203,0.999854,0.999854,0.999854,3.766
scipy-powell,hot,7,250,0.001535,0.999812,0.999854,0.999854,7.546
scipy-powell,hot,7,500,0.001288,0.999854,0.999854,0.999854,15.300
scipy-powell,hot,7,1000,0.000844,0.999854,0.999854,0.999854,30.160
scipy-powell,hot,7,2000,0.000657,0.999875,0.999854,0.999854,60.318
scipy-de,hot,7,125,0.010203,0.999854,0.999854,0.999854,2.280
scipy-de,hot,7,250,0.010203,0.999854,0.999854,0.999854,4.547
scipy-de,hot,7,500,0.010203,0.999854,0.999854,0.999854,8.964
scipy-de,hot,7,1000,0.010203,0.999854,0.999854,0.999854,18.007
scipy-de,hot,7,2000,0.010203,0.999854,0.999854,0.999854,36.614
opt-ga,hot,7,125,0.010203,0.999854,0.999854,0.999854,2.418
opt-ga,hot,7,250,0.010135,0.999854,0.999854,0.999854,4.901
opt-ga,hot,7,500,0.005077,0.999812,0.999854,0.999854,10.275
opt-ga,hot,7,1000,0.001408,0.999854,0.999854,0.999854,24.577
opt-ga,hot,7,2000,0.000992,0.999792,0.999854,0.999854,54.340
opt-pso,hot,7,125,0.010203,0.999854,0.999854,0.999854,2.197
opt-pso,hot,7,250,0.010203,0.999854,0.999854,0.999854,4.428
opt-pso,hot,7,500,0.010203,0.999854,0.999854,0.999854,9.077
opt-pso,hot,7,1000,0.010203,0.999854,0.999854,0.999854,18.319
opt-pso,hot,7,2000,0.010203,0.999854,0.999854,0.999854,37.595
opt-aco,hot,7,125,0.010203,0.999854,0.999854,0.999854,2.381
opt-aco,hot,7,250,0.010203,0.999854,0.999854,0.999854,4.791
opt-aco,hot,7,500,0.010203,0.999854,0.999854,0.999854,9.657
opt-aco,hot,7,1000,0.010203,0.999854,0.999854,0.999854,19.417
opt-aco,hot,7,2000,0.010203,0.999854,0.999854,0.999854,38.536
opt-gd,hot,7,125,0.010159,0.999854,0.999854,0.999854,3.918
opt-gd,hot,7,250,0.010159,0.999854,0.999854,0.999854,7.888
opt-gd,hot,7,500,0.001847,0.999771,0.999854,0.999854,15.715
opt-gd,hot,7,1000,0.000835,0.999854,0.999854,0.999854,31.588
opt-gd,hot,7,2000,0.000693,0.999875,0.999854,0.999854,62.913
none,hot,8,125,0.011041,0.999854,0.999854,0.999854,0.032
none,hot,8,250,0.011041,0.999854,0.999854,0.999854,0.032
none,hot,8,500,0.011041,0.999854,0.999854,0.999854,0.032
none,hot,8,1000,0.011041,0.999854,0.999854,0.999854,0.032
none,hot,8,2000,0.011041,0.999854,0.999854,0.999854,0.032
scipy-lbfgsb,hot,8,125,0.010931,0.999854,0.999854,0.999854,4.026
scipy-lbfgsb,hot,8,250,0.001624,0.999854,0.999854,0.999854,7.898
scipy-lbfgsb,hot,8,500,0.001475,0.999812,0.999854,0.999854,15.643
scipy-lbfgsb,hot,8,1000,0.000833,0.999854,0.999854,0.999854,31.289
scipy-lbfgsb,hot,8,2000,0.000796,0.999854,0.999854,0.999854,63.549
scipy-powell,hot,8,125,0.001539,0.999812,0.999854,0.999854,4.060
scipy-powell,hot,8,250,0.001539,0.999812,0.999854,0.999854,8.005
scipy-powell,hot,8,500,0.001284,0.999854,0.999854,0.999854,15.775
scipy-powell,hot,8,1000,0.000861,0.999854,0.999854,0.999854,31.165
scipy-powell,hot,8,2000,0.000778,0.999875,0.999854,0.999854,62.094
scipy-de,hot,8,125,0.011041,0.999854,0.999854,0.999854,2.426
scipy-de,hot,8,250,0.011041,0.999854,0.999854,0.999854,4.713
scipy-de,hot,8,500,0.011041,0.999854,0.999854,0.999854,9.287
scipy-de,hot,8,1000,0.011041,0.999854,0.999854,0.999854,18.965
scipy-de,hot,8,2000,0.011041,0.999854,0.999854,0.999854,37.427
opt-ga,hot,8,125,0.011041,0.999854,0.999854,0.999854,2.276
opt-ga,hot,8,250,0.011041,0.999854,0.999854,0.999854,4.645
opt-ga,hot,8,500,0.004140,0.999625,0.999854,0.999854,10.535
opt-ga,hot,8,1000,0.001245,0.999854,0.999854,0.999854,25.145
opt-ga,hot,8,2000,0.000844,0.999854,0.999854,0.999854,55.577
opt-pso,hot,8,125,0.011041,0.999854,0.999854,0.999854,2.242
opt-pso,hot,8,250,0.011041,0.999854,0.999854,0.999854,4.517
opt-pso,hot,8,500,0.011041,0.999854,0.999854,0.999854,9.268
opt-pso,hot,8,1000,0.011041,0.999854,0.999854,0.999854,18.857
opt-pso,hot,8,2000,0.011041,0.999854,0.999854,0.999854,38.296
opt-aco,hot,8,125,0.011041,0.999854,0.999854,0.999854,2.360
opt-aco,hot,8,250,0.011041,0.999854,0.999854,0.999854,4.817
opt-aco,hot,8,500,0.011041,0.999854,0.999854,0.999854,9.675
opt-aco,hot,8,1000,0.011041,0.999854,0.999854,0.999854,19.276
opt-aco,hot,8,2000,0.008724,0.999458,0.999854,0.999854,37.866
opt-gd,hot,8,125,0.010995,0.999854,0.999854,0.999854,3.919
opt-gd,hot,8,250,0.010995,0.999854,0.999854,0.999854,7.761
opt-gd,hot,8,500,0.001310,0.999854,0.999854,0.999854,15.481
opt-gd,hot,8,1000,0.000846,0.999854,0.999854,0.999854,31.101
opt-gd,hot,8,2000,0.000824,0.999854,0.999854,0.999854,62.237
none,hot,9,125,0.013512,0.999917,0.999917,0.999917,0.033
none,hot,9,250,0.013512,0.999917,0.999917,0.999917,0.033
none,hot,9,500,0.013512,0.999917,0.999917,0.999917,0.033
none,hot,9,1000,0.013512,0.999917,0.999917,0.999917,0.033
none,hot,9,2000,0.013512,0.999917,0.999917,0.999917,0.033
scipy-lbfgsb,hot,9,125,0.013335,0.999917,0.999917,0.999917,4.118
scipy-lbfgsb,hot,9,250,0.002689,0.999875,0.999917,0.999917,8.202
scipy-lbfgsb,hot,9,500,0.001905,0.999917,0.999917,0.999917,16.138
scipy-lbfgsb,hot,9,1000,0.001589,0.999917,0.999917,0.999917,32.027
scipy-lbfgsb,hot,9,2000,0.001541,0.999917,0.999917,0.999917,64.425
scipy-powell,hot,9,125,0.003143,0.999875,0.999917,0.999917,4.036
scipy-powell,hot,9,250,0.003143,0.999875,0.999917,0.999917,7.975
scipy-powell,hot,9,500,0.002558,0.999875,0.999917,0.999917,15.844
scipy-powell,hot,9,1000,0.001693,0.999917,0.999917,0.999917,32.148
scipy-powell,hot,9,2000,0.001583,0.999917,0.999917,0.999917,63.800
scipy-de,hot,9,125,0.013512,0.999917,0.999917,0.999917,2.439
scipy-de,hot,9,250,0.013512,0.999917,0.999917,0.999917,4.838
scipy-de,hot,9,500,0.013512,0.999917,0.999917,0.999917,9.654
scipy-de,hot,9,1000,0.013512,0.999917,0.999917,0.999917,19.100
scipy-de,hot,9,2000,0.013512,0.999917,0.999917,0.999917,38.413
opt-ga,hot,9,125,0.013512,0.999917,0.999917,0.999917,2.274
opt-ga,hot,9,250,0.013512,0.999917,0.999917,0.999917,4.455
opt-ga,hot,9,500,0.013512,0.999917,0.999917,0.999917,8.830
opt-ga,hot,9,1000,0.013512,0.999917,0.999917,0.999917,17.818
opt-ga,hot,9,2000,0.013512,0.999917,0.999917,0.999917,36.306
opt-pso,hot,9,125,0.013512,0.999917,0.999917,0.999917,2.283
opt-pso,hot,9,250,0.013512,0.999917,0.999917,0.999917,4.562
opt-pso,hot,9,500,0.013512,0.999917,0.999917,0.999917,9.232
opt-pso,hot,9,1000,0.013512,0.999917,0.999917,0.999917,18.663
opt-pso,hot,9,2000,0.013512,0.999917,0.999917,0.999917,37.176
opt-aco,hot,9,125,0.013512,0.999917,0.999917,0.999917,2.327
opt-aco,hot,9,250,0.013512,0.999917,0.999917,0.999917,4.822
opt-aco,hot,9,500,0.013512,0.999917,0.999917,0.999917,9.568
opt-aco,hot,9,1000,0.013512,0.999917,0.999917,0.999917,18.921
opt-aco,hot,9,2000,0.008145,0.999687,0.999917,0.999917,37.086
opt-gd,hot,9,125,0.013449,0.999917,0.999917,0.999917,4.152
opt-gd,hot,9,250,0.013449,0.999917,0.999917,0.999917,8.203
opt-gd,hot,9,500,0.002597,0.999875,0.999917,0.999917,16.358
opt-gd,hot,9,1000,0.001821,0.999917,0.999917,0.999917,32.479
opt-gd,hot,9,2000,0.001576,0.999917,0.999917,0.999917,65.626
