family,n,seed,flat_k,flat_ari_per_level,flat_pou_max,flat_pou_mean,ms_granularities,ms_ari_per_level,ms_pou_max,ms_pou_mean
single_scale,100,0,3,[0.4724689165186501],1.1102230246251565e-16,2.2204460492503132e-17,[5],[1.0],1.1102230246251565e-16,2.2204460492503132e-17
single_scale,100,1,2,[0.36538461538461536],0.0,0.0,"[5, 2]",[1.0],1.1102230246251565e-16,2.2204460492503132e-17
single_scale,100,2,2,[0.36538461538461536],1.1102230246251565e-16,1.1102230246251565e-16,"[5, 2]",[1.0],2.220446049250313e-16,9.992007221626409e-17
single_scale,100,3,2,[0.36538461538461536],0.0,0.0,"[5, 2]",[1.0],2.220446049250313e-16,2.2204460492503132e-17
single_scale,100,4,2,[0.36538461538461536],0.0,0.0,"[5, 2]",[1.0],0.0,0.0
single_scale,100,5,2,[0.36538461538461536],0.0,0.0,"[5, 2]",[1.0],1.1102230246251565e-16,3.3306690738754695e-17
single_scale,100,6,4,[0.7755102040816326],2.220446049250313e-16,8.881784197001253e-17,[4],[0.7755102040816326],2.220446049250313e-16,8.881784197001253e-17
single_scale,100,7,5,[1.0],2.220446049250313e-16,6.661338147750939e-17,[5],[1.0],2.220446049250313e-16,6.661338147750939e-17
single_scale,100,8,3,[0.4724689165186501],1.1102230246251565e-16,8.881784197001253e-17,[5],[1.0],2.220446049250313e-16,6.661338147750939e-17
single_scale,100,9,2,[0.36538461538461536],0.0,0.0,"[5, 2]",[1.0],2.220446049250313e-16,4.4408920985006264e-17
single_scale,250,0,3,[0.6115444617784711],0.0,0.0,"[5, 2]",[1.0],2.220446049250313e-16,2.2204460492503132e-17
single_scale,250,1,3,[0.47871598046057223],0.0,0.0,[5],[1.0],0.0,0.0
single_scale,250,2,2,[0.3712121212121212],0.0,0.0,"[5, 2]",[1.0],1.1102230246251565e-16,1.1102230246251566e-17
single_scale,250,3,3,[0.47871598046057223],0.0,0.0,[5],[1.0],2.220446049250313e-16,6.661338147750939e-17
single_scale,250,4,2,[0.3712121212121212],0.0,0.0,"[5, 2]",[1.0],1.1102230246251565e-16,1.1102230246251566e-17
single_scale,250,5,3,[0.6115444617784711],0.0,0.0,"[5, 2]",[1.0],2.220446049250313e-16,2.2204460492503132e-17
single_scale,250,6,3,[0.6115444617784711],0.0,0.0,"[5, 2]",[1.0],2.220446049250313e-16,3.3306690738754695e-17
single_scale,250,7,3,[0.47871598046057223],1.1102230246251565e-16,6.661338147750939e-17,[5],[1.0],0.0,0.0
single_scale,250,8,2,[0.3712121212121212],0.0,0.0,"[5, 2]",[1.0],2.220446049250313e-16,3.3306690738754695e-17
single_scale,250,9,3,[0.47871598046057223],2.220446049250313e-16,4.4408920985006264e-17,[5],[1.0],2.220446049250313e-16,4.4408920985006264e-17
single_scale,500,0,2,[0.3731155778894472],1.1102230246251565e-16,1.1102230246251565e-16,"[5, 2]",[1.0],1.1102230246251565e-16,5.551115123125783e-17
single_scale,500,1,3,[0.48074921956295524],1.1102230246251565e-16,8.881784197001253e-17,[5],[1.0],2.220446049250313e-16,8.881784197001253e-17
single_scale,500,2,3,[0.48074921956295524],0.0,0.0,[5],[1.0],1.1102230246251565e-16,4.4408920985006264e-17
single_scale,500,3,3,[0.6134779240898528],0.0,0.0,"[5, 2]",[1.0],1.1102230246251565e-16,1.1102230246251566e-17
single_scale,500,4,5,[1.0],2.220446049250313e-16,1.1102230246251565e-16,[5],[1.0],2.220446049250313e-16,1.1102230246251565e-16
single_scale,500,5,3,[0.48074921956295524],0.0,0.0,[5],[1.0],2.220446049250313e-16,4.4408920985006264e-17
single_scale,500,6,3,[0.6134779240898528],1.1102230246251565e-16,8.881784197001253e-17,"[5, 2]",[1.0],2.220446049250313e-16,6.66133814775094e-17
single_scale,500,7,2,[0.3731155778894472],0.0,0.0,"[5, 2]",[1.0],0.0,0.0
single_scale,500,8,2,[0.3731155778894472],1.1102230246251565e-16,1.1102230246251565e-16,"[5, 2]",[1.0],1.1102230246251565e-16,5.551115123125783e-17
single_scale,500,9,3,[0.6134779240898528],0.0,0.0,"[5, 2]",[1.0],2.220446049250313e-16,8.881784197001253e-17
single_scale,1000,0,2,[0.37406015037593987],0.0,0.0,"[5, 2]",[1.0],1.1102230246251565e-16,4.4408920985006264e-17
single_scale,1000,1,2,[0.37406015037593987],1.1102230246251565e-16,1.1102230246251565e-16,"[5, 2]",[1.0],2.220446049250313e-16,9.992007221626409e-17
single_scale,1000,2,3,[0.4817568735950199],0.0,0.0,[5],[1.0],2.220446049250313e-16,8.881784197001253e-17
single_scale,1000,3,2,[0.37406015037593987],0.0,0.0,"[45, 5, 2]",[1.0],4.440892098500626e-16,5.451195050909518e-17
single_scale,1000,4,3,[0.4817568735950199],2.220446049250313e-16,1.1102230246251565e-16,[5],[1.0],2.220446049250313e-16,4.4408920985006264e-17
single_scale,1000,5,2,[0.37406015037593987],0.0,0.0,"[5, 2]",[1.0],1.1102230246251565e-16,1.1102230246251566e-17
single_scale,1000,6,3,[0.6144345812427634],1.1102230246251565e-16,8.881784197001253e-17,"[5, 2]",[1.0],2.220446049250313e-16,5.551115123125783e-17
single_scale,1000,7,3,[0.4817568735950199],0.0,0.0,[5],[1.0],2.220446049250313e-16,4.4408920985006264e-17
single_scale,1000,8,3,[0.4817568735950199],0.0,0.0,[5],[1.0],2.220446049250313e-16,4.4408920985006264e-17
single_scale,1000,9,3,[0.6144345812427634],0.0,0.0,"[5, 2]",[1.0],2.220446049250313e-16,3.3306690738754695e-17
single_scale,2000,0,3,[0.4822584822584823],2.220446049250313e-16,1.1102230246251565e-16,[5],[1.0],0.0,0.0
single_scale,2000,1,3,[0.61491042188403],0.0,0.0,"[5, 2]",[1.0],2.220446049250313e-16,3.33066907387547e-17
single_scale,2000,2,2,[0.37453066332916146],1.1102230246251565e-16,1.1102230246251565e-16,"[5, 2]",[1.0],1.1102230246251565e-16,6.661338147750939e-17
single_scale,2000,3,3,[0.4822584822584823],0.0,0.0,[5],[1.0],1.1102230246251565e-16,2.2204460492503132e-17
single_scale,2000,4,2,[0.37453066332916146],0.0,0.0,"[5, 2]",[1.0],0.0,0.0
single_scale,2000,5,2,[0.37453066332916146],0.0,0.0,"[5, 2]",[1.0],2.220446049250313e-16,2.2204460492503132e-17
single_scale,2000,6,2,[0.37453066332916146],0.0,0.0,"[5, 2]",[1.0],2.220446049250313e-16,4.4408920985006264e-17
single_scale,2000,7,3,[0.61491042188403],0.0,0.0,"[5, 2]",[1.0],1.1102230246251565e-16,4.4408920985006264e-17
single_scale,2000,8,3,[0.61491042188403],0.0,0.0,"[5, 2]",[1.0],1.1102230246251565e-16,1.1102230246251566e-17
single_scale,2000,9,3,[0.4822584822584823],1.1102230246251565e-16,2.2204460492503132e-17,[5],[1.0],2.220446049250313e-16,8.881784197001253e-17
single_scale,5000,0,2,[0.3748124062031016],0.0,0.0,"[5, 2]",[1.0],0.0,0.0
single_scale,5000,1,2,[0.3748124062031016],1.1102230246251565e-16,1.1102230246251565e-16,"[5, 2]",[1.0],1.1102230246251565e-16,8.881784197001253e-17
single_scale,5000,2,3,[0.6151951350935263],0.0,0.0,"[5, 2]",[1.0],2.220446049250313e-16,4.4408920985006264e-17
single_scale,5000,3,2,[0.3748124062031016],0.0,0.0,"[5, 2]",[1.0],1.1102230246251565e-16,2.2204460492503132e-17
single_scale,5000,4,3,[0.48255874133112514],0.0,0.0,[5],[1.0],1.1102230246251565e-16,2.2204460492503132e-17
single_scale,5000,5,3,[0.48255874133112514],1.1102230246251565e-16,2.2204460492503132e-17,[5],[1.0],1.1102230246251565e-16,4.4408920985006264e-17
single_scale,5000,6,3,[0.48255874133112514],2.220446049250313e-16,4.4408920985006264e-17,[5],[1.0],1.1102230246251565e-16,2.2204460492503132e-17
single_scale,5000,7,2,[0.3748124062031016],0.0,0.0,"[5, 2]",[1.0],2.220446049250313e-16,2.2204460492503132e-17
single_scale,5000,8,3,[0.48255874133112514],1.1102230246251565e-16,2.2204460492503132e-17,[5],[1.0],2.220446049250313e-16,8.881784197001253e-17
single_scale,5000,9,3,[0.6151951350935263],0.0,0.0,"[5, 2]",[1.0],2.220446049250313e-16,6.661338147750939e-17
many_scale,100,0,2,"[0.23869578591202706, 0.49355432780847147, 1.0]",0.0,0.0,"[8, 4, 2]","[1.0, 1.0, 1.0]",0.0,0.0
many_scale,100,1,2,"[0.23869578591202706, 0.49355432780847147, 1.0]",0.0,0.0,"[8, 4, 2]","[1.0, 1.0, 1.0]",0.0,0.0
many_scale,100,2,2,"[0.23869578591202706, 0.49355432780847147, 1.0]",0.0,0.0,"[8, 4, 2]","[1.0, 1.0, 1.0]",0.0,0.0
many_scale,100,3,2,"[0.23869578591202706, 0.49355432780847147, 1.0]",0.0,0.0,"[8, 4, 2]","[1.0, 1.0, 1.0]",1.1102230246251565e-16,1.4802973661668754e-17
many_scale,100,4,2,"[0.23869578591202706, 0.49355432780847147, 1.0]",0.0,0.0,"[8, 4, 2]","[1.0, 1.0, 1.0]",1.1102230246251565e-16,8.881784197001253e-18
many_scale,100,5,2,"[0.23869578591202706, 0.49355432780847147, 1.0]",0.0,0.0,"[8, 4, 2]","[1.0, 1.0, 1.0]",0.0,0.0
many_scale,100,6,2,"[0.23869578591202706, 0.49355432780847147, 1.0]",0.0,0.0,"[8, 4, 2]","[1.0, 1.0, 1.0]",0.0,0.0
many_scale,100,7,2,"[0.23869578591202706, 0.49355432780847147, 1.0]",0.0,0.0,"[8, 4, 2]","[1.0, 1.0, 1.0]",0.0,0.0
many_scale,100,8,2,"[0.23869578591202706, 0.49355432780847147, 1.0]",0.0,0.0,"[8, 4, 2]","[1.0, 1.0, 1.0]",1.1102230246251565e-16,8.881784197001253e-18
many_scale,100,9,2,"[0.23869578591202706, 0.49355432780847147, 1.0]",0.0,0.0,"[8, 4, 2]","[1.0, 1.0, 1.0]",1.1102230246251565e-16,1.0362081563168128e-17
many_scale,250,0,2,"[0.24477713342877247, 0.49701847093615165, 1.0]",0.0,0.0,"[8, 4, 2]","[1.0, 1.0, 1.0]",0.0,0.0
many_scale,250,1,2,"[0.24477713342877247, 0.49701847093615165, 1.0]",0.0,0.0,"[8, 4, 2]","[1.0, 1.0, 1.0]",1.1102230246251565e-16,9.177843670234627e-18
many_scale,250,2,2,"[0.24477713342877247, 0.49701847093615165, 1.0]",0.0,0.0,"[8, 4, 2]","[1.0, 1.0, 1.0]",0.0,0.0
many_scale,250,3,2,"[0.24477713342877247, 0.49701847093615165, 1.0]",0.0,0.0,"[8, 4, 2]","[1.0, 1.0, 1.0]",0.0,0.0
many_scale,250,4,2,"[0.24477713342877247, 0.49701847093615165, 1.0]",0.0,0.0,"[8, 4, 2]","[1.0, 1.0, 1.0]",1.1102230246251565e-16,9.177843670234627e-18
many_scale,250,5,2,"[0.24477713342877247, 0.49701847093615165, 1.0]",0.0,0.0,"[8, 4, 2]","[1.0, 1.0, 1.0]",0.0,0.0
many_scale,250,6,2,"[0.24477713342877247, 0.49701847093615165, 1.0]",0.0,0.0,"[8, 4, 2]","[1.0, 1.0, 1.0]",1.1102230246251565e-16,9.177843670234627e-18
many_scale,250,7,2,"[0.24477713342877247, 0.49701847093615165, 1.0]",0.0,0.0,"[8, 4, 2]","[1.0, 1.0, 1.0]",1.1102230246251565e-16,9.177843670234627e-18
many_scale,250,8,2,"[0.24477713342877247, 0.49701847093615165, 1.0]",0.0,0.0,"[8, 4, 2]","[1.0, 1.0, 1.0]",0.0,0.0
many_scale,250,9,2,"[0.24477713342877247, 0.49701847093615165, 1.0]",0.0,0.0,"[8, 4, 2]","[1.0, 1.0, 1.0]",0.0,0.0
many_scale,500,0,2,"[0.2474452349257801, 0.4985408443004494, 1.0]",0.0,0.0,"[8, 4, 2]","[1.0, 1.0, 1.0]",0.0,0.0
many_scale,500,1,2,"[0.2474452349257801, 0.4985408443004494, 1.0]",0.0,0.0,"[8, 4, 2]","[1.0, 1.0, 1.0]",0.0,0.0
many_scale,500,2,2,"[0.2474452349257801, 0.4985408443004494, 1.0]",0.0,0.0,"[8, 4, 2]","[1.0, 1.0, 1.0]",0.0,0.0
many_scale,500,3,2,"[0.2474452349257801, 0.4985408443004494, 1.0]",0.0,0.0,"[8, 4, 2]","[1.0, 1.0, 1.0]",0.0,0.0
many_scale,500,4,2,"[0.2474452349257801, 0.4985408443004494, 1.0]",0.0,0.0,"[8, 4, 2]","[1.0, 1.0, 1.0]",1.1102230246251565e-16,1.865174681370263e-17
many_scale,500,5,2,"[0.2474452349257801, 0.4985408443004494, 1.0]",0.0,0.0,"[8, 4, 2]","[1.0, 1.0, 1.0]",0.0,0.0
many_scale,500,6,2,"[0.2474452349257801, 0.4985408443004494, 1.0]",0.0,0.0,"[8, 4, 2]","[1.0, 1.0, 1.0]",0.0,0.0
many_scale,500,7,2,"[0.2474452349257801, 0.4985408443004494, 1.0]",0.0,0.0,"[8, 4, 2]","[1.0, 1.0, 1.0]",0.0,0.0
many_scale,500,8,2,"[0.2474452349257801, 0.4985408443004494, 1.0]",0.0,0.0,"[8, 4, 2]","[1.0, 1.0, 1.0]",1.1102230246251565e-16,9.177843670234627e-18
many_scale,500,9,2,"[0.2474452349257801, 0.4985408443004494, 1.0]",0.0,0.0,"[8, 4, 2]","[1.0, 1.0, 1.0]",0.0,0.0
many_scale,1000,0,2,"[0.24868388067184757, 0.4992481203007519, 1.0]",0.0,0.0,"[8, 4, 2]","[1.0, 1.0, 1.0]",1.1102230246251565e-16,9.25185853854297e-18
many_scale,1000,1,2,"[0.24868388067184757, 0.4992481203007519, 1.0]",0.0,0.0,"[8, 4, 2]","[1.0, 1.0, 1.0]",0.0,0.0
many_scale,1000,2,2,"[0.24868388067184757, 0.4992481203007519, 1.0]",0.0,0.0,"[8, 4, 2]","[1.0, 1.0, 1.0]",0.0,0.0
many_scale,1000,3,2,"[0.24868388067184757, 0.4992481203007519, 1.0]",0.0,0.0,"[8, 4, 2]","[1.0, 1.0, 1.0]",1.1102230246251565e-16,2.7755575615628914e-17
many_scale,1000,4,2,"[0.24868388067184757, 0.4992481203007519, 1.0]",0.0,0.0,"[8, 4, 2]","[1.0, 1.0, 1.0]",0.0,0.0
many_scale,1000,5,2,"[0.24868388067184757, 0.4992481203007519, 1.0]",0.0,0.0,"[8, 4, 2]","[1.0, 1.0, 1.0]",0.0,0.0
many_scale,1000,6,2,"[0.24868388067184757, 0.4992481203007519, 1.0]",0.0,0.0,"[8, 4, 2]","[1.0, 1.0, 1.0]",1.1102230246251565e-16,1.850371707708594e-17
many_scale,1000,7,2,"[0.24868388067184757, 0.4992481203007519, 1.0]",0.0,0.0,"[8, 4, 2]","[1.0, 1.0, 1.0]",0.0,0.0
many_scale,1000,8,2,"[0.24868388067184757, 0.4992481203007519, 1.0]",0.0,0.0,"[8, 4, 2]","[1.0, 1.0, 1.0]",1.1102230246251565e-16,9.25185853854297e-18
many_scale,1000,9,2,"[0.24868388067184757, 0.4992481203007519, 1.0]",0.0,0.0,"[8, 4, 2]","[1.0, 1.0, 1.0]",0.0,0.0
many_scale,2000,0,2,"[0.249342846413819, 0.4996245306633292, 1.0]",0.0,0.0,"[8, 4, 2]","[1.0, 1.0, 1.0]",0.0,0.0
many_scale,2000,1,2,"[0.249342846413819, 0.4996245306633292, 1.0]",0.0,0.0,"[8, 4, 2]","[1.0, 1.0, 1.0]",1.1102230246251565e-16,9.25185853854297e-18
many_scale,2000,2,2,"[0.249342846413819, 0.4996245306633292, 1.0]",0.0,0.0,"[8, 4, 2]","[1.0, 1.0, 1.0]",1.1102230246251565e-16,9.25185853854297e-18
many_scale,2000,3,2,"[0.249342846413819, 0.4996245306633292, 1.0]",0.0,0.0,"[8, 4, 2]","[1.0, 1.0, 1.0]",0.0,0.0
many_scale,2000,4,2,"[0.249342846413819, 0.4996245306633292, 1.0]",0.0,0.0,"[8, 4, 2]","[1.0, 1.0, 1.0]",1.1102230246251565e-16,1.850371707708594e-17
many_scale,2000,5,2,"[0.249342846413819, 0.4996245306633292, 1.0]",0.0,0.0,"[8, 4, 2]","[1.0, 1.0, 1.0]",1.1102230246251565e-16,9.25185853854297e-18
many_scale,2000,6,2,"[0.249342846413819, 0.4996245306633292, 1.0]",0.0,0.0,"[8, 4, 2]","[1.0, 1.0, 1.0]",0.0,0.0
many_scale,2000,7,2,"[0.249342846413819, 0.4996245306633292, 1.0]",0.0,0.0,"[8, 4, 2]","[1.0, 1.0, 1.0]",0.0,0.0
many_scale,2000,8,2,"[0.249342846413819, 0.4996245306633292, 1.0]",0.0,0.0,"[8, 4, 2]","[1.0, 1.0, 1.0]",1.1102230246251565e-16,1.850371707708594e-17
many_scale,2000,9,2,"[0.249342846413819, 0.4996245306633292, 1.0]",0.0,0.0,"[8, 4, 2]","[1.0, 1.0, 1.0]",0.0,0.0
many_scale,5000,0,2,"[0.24973735554555004, 0.49984992496248126, 1.0]",0.0,0.0,"[8, 4, 2]","[1.0, 1.0, 1.0]",1.1102230246251565e-16,3.700743415417188e-17
many_scale,5000,1,2,"[0.24973735554555004, 0.49984992496248126, 1.0]",0.0,0.0,"[8, 4, 2]","[1.0, 1.0, 1.0]",1.1102230246251565e-16,9.25185853854297e-18
many_scale,5000,2,2,"[0.24973735554555004, 0.49984992496248126, 1.0]",0.0,0.0,"[8, 4, 2]","[1.0, 1.0, 1.0]",1.1102230246251565e-16,4.625929269271486e-17
many_scale,5000,3,2,"[0.24973735554555004, 0.49984992496248126, 1.0]",0.0,0.0,"[8, 4, 2]","[1.0, 1.0, 1.0]",1.1102230246251565e-16,3.700743415417188e-17
many_scale,5000,4,2,"[0.24973735554555004, 0.49984992496248126, 1.0]",0.0,0.0,"[8, 4, 2]","[1.0, 1.0, 1.0]",0.0,0.0
many_scale,5000,5,2,"[0.24973735554555004, 0.49984992496248126, 1.0]",0.0,0.0,"[8, 4, 2]","[1.0, 1.0, 1.0]",1.1102230246251565e-16,9.25185853854297e-18
many_scale,5000,6,2,"[0.24973735554555004, 0.49984992496248126, 1.0]",0.0,0.0,"[8, 4, 2]","[1.0, 1.0, 1.0]",0.0,0.0
many_scale,5000,7,2,"[0.24973735554555004, 0.49984992496248126, 1.0]",0.0,0.0,"[8, 4, 2]","[1.0, 1.0, 1.0]",1.1102230246251565e-16,1.850371707708594e-17
many_scale,5000,8,2,"[0.24973735554555004, 0.49984992496248126, 1.0]",0.0,0.0,"[8, 4, 2]","[1.0, 1.0, 1.0]",1.1102230246251565e-16,2.7755575615628914e-17
many_scale,5000,9,2,"[0.24973735554555004, 0.49984992496248126, 1.0]",0.0,0.0,"[8, 4, 2]","[1.0, 1.0, 1.0]",1.1102230246251565e-16,5.551115123125783e-17
log_separated,100,0,3,[1.0],1.1102230246251565e-16,3.663735981263017e-17,[3],[1.0],1.1102230246251565e-16,3.663735981263017e-17
log_separated,100,1,2,[0.5371164066518087],0.0,0.0,[2],[0.5371164066518087],0.0,0.0
log_separated,100,2,2,[0.5737902531427588],0.0,0.0,[2],[0.5737902531427588],0.0,0.0
log_separated,100,3,3,[0.9701548275714295],2.220446049250313e-16,3.219646771412954e-17,[3],[0.9701548275714295],2.220446049250313e-16,3.219646771412954e-17
log_separated,100,4,3,[0.9403191547968097],0.0,0.0,[3],[0.9403191547968097],0.0,0.0
log_separated,100,5,3,[0.969690846635684],0.0,0.0,[3],[0.969690846635684],0.0,0.0
log_separated,100,6,2,[0.5737902531427588],1.1102230246251565e-16,3.663735981263017e-17,[2],[0.5737902531427588],1.1102230246251565e-16,3.663735981263017e-17
log_separated,100,7,3,[1.0],0.0,0.0,"[2, 2]",[0.5737902531427588],1.1102230246251565e-16,4.2053902447922596e-17
log_separated,100,8,3,[0.969690846635684],1.1102230246251565e-16,3.663735981263017e-17,"[2, 2]",[0.5628321618378193],1.1102230246251565e-16,8.285246452426541e-19
log_separated,100,9,3,[1.0],1.1102230246251565e-16,3.663735981263017e-17,"[2, 2]",[0.5737902531427588],1.1102230246251565e-16,2.7755575615628914e-17
log_separated,250,0,3,[0.9284800477225224],2.220446049250313e-16,8.881784197001253e-19,"[2, 3]",[0.9284800477225224],2.220446049250313e-16,2.9537282927436995e-17
log_separated,250,1,3,[1.0],0.0,0.0,"[2, 2]",[0.5723941804393521],1.1102230246251565e-16,3.34404525489505e-19
log_separated,250,2,3,[0.9879514201259478],1.1102230246251565e-16,7.37188088351104e-17,"[5, 2]",[0.5577102419222119],2.220446049250313e-16,1.3376181019580199e-17
log_separated,250,3,3,[1.0],0.0,0.0,"[2, 2]",[0.5723941804393521],1.1102230246251565e-16,4.651968234989601e-17
log_separated,250,4,3,[0.9759040248600789],2.220446049250313e-16,8.881784197001253e-19,"[3, 3]",[0.9759040248600789],2.220446049250313e-16,3.120930555488452e-17
log_separated,250,5,3,[0.9879514201259478],1.1102230246251565e-16,3.68594044175552e-17,"[2, 2]",[0.5679960502496023],1.1102230246251565e-16,3.34404525489505e-19
log_separated,250,6,3,[0.9879514201259478],0.0,0.0,"[4, 2]",[0.5577102419222119],1.1102230246251565e-16,1.33761810195802e-18
log_separated,250,7,3,[0.988024296307651],0.0,0.0,"[2, 3]",[0.988024296307651],1.1102230246251565e-16,4.347258831363565e-18
log_separated,250,8,3,[0.9522552547276488],0.0,0.0,"[3, 3]",[0.9522552547276488],2.220446049250313e-16,2.3408316784265347e-18
log_separated,250,9,3,[0.9645153468826817],1.1102230246251565e-16,4.440892098500626e-19,"[4, 2]",[0.5723941804393521],2.220446049250313e-16,9.363326713706139e-18
log_separated,500,0,3,[0.9940181573287548],1.1102230246251565e-16,7.37188088351104e-17,[3],[0.9940181573287548],1.1102230246251565e-16,7.37188088351104e-17
log_separated,500,1,3,[0.9879820985607913],0.0,0.0,"[11, 3]",[0.9879820985607913],2.220446049250313e-16,1.755623758819901e-17
log_separated,500,2,3,[0.976092153010952],0.0,0.0,"[14, 2]",[0.566031810504931],4.440892098500626e-16,2.140188963132832e-17
log_separated,500,3,3,[0.9760192868711381],1.1102230246251565e-16,3.663735981263017e-17,"[2, 2]",[0.561661721864553],1.1102230246251565e-16,4.752289592636453e-17
log_separated,500,4,3,[0.9356515466983694],1.1102230246251565e-16,3.8635761256955445e-17,"[9, 3]",[0.9356515466983694],3.3306690738754696e-16,1.0191579842438546e-16
log_separated,500,5,3,[0.9880726759870132],0.0,0.0,"[7, 2]",[0.5733847456715089],2.220446049250313e-16,6.470727568221922e-17
log_separated,500,6,3,[0.9474901091195781],1.1102230246251565e-16,4.440892098500626e-19,"[4, 2]",[0.5733847456715089],1.1102230246251565e-16,2.875878919209743e-17
log_separated,500,7,3,[1.0],0.0,0.0,"[11, 2]",[0.5733847456715089],3.3306690738754696e-16,3.4982726220508096e-17
log_separated,500,8,3,[1.0],0.0,0.0,"[11, 2]",[0.5733847456715089],4.440892098500626e-16,1.3677145092520754e-16
log_separated,500,9,3,[0.9760192868711381],2.220446049250313e-16,4.440892098500626e-19,[3],[0.9760192868711381],2.220446049250313e-16,4.440892098500626e-19
log_separated,1000,0,3,[0.9910316759581931],1.1102230246251565e-16,1.1102230246251566e-19,[3],[0.9910316759581931],1.1102230246251565e-16,1.1102230246251566e-19
log_separated,1000,1,3,[0.9790928297835501],0.0,0.0,[3],[0.9790928297835501],0.0,0.0
log_separated,1000,2,3,[0.9790567596171209],1.1102230246251565e-16,3.3306690738754697e-19,[3],[0.9790567596171209],1.1102230246251565e-16,3.3306690738754697e-19
log_separated,1000,3,3,[0.9850982426645389],2.220446049250313e-16,2.220446049250313e-19,[3],[0.9850982426645389],2.220446049250313e-16,2.220446049250313e-19
log_separated,1000,4,3,[0.9940120542038232],0.0,0.0,[3],[0.9940120542038232],0.0,0.0
log_separated,1000,5,3,[1.0],0.0,0.0,"[16, 2]",[0.5716725949351892],4.440892098500626e-16,2.0587469000181207e-17
log_separated,1000,6,3,[0.9940120542038232],0.0,0.0,[3],[0.9940120542038232],0.0,0.0
log_separated,1000,7,3,[1.0],1.1102230246251565e-16,3.6970426720017715e-17,[3],[1.0],1.1102230246251565e-16,3.6970426720017715e-17
log_separated,1000,8,4,[0.9716026046794789],1.1102230246251565e-16,3.652633751016765e-17,[4],[0.9716026046794789],1.1102230246251565e-16,3.652633751016765e-17
log_separated,1000,9,3,[0.9790567596171209],2.220446049250313e-16,3.763656053479281e-17,[3],[0.9790567596171209],2.220446049250313e-16,3.763656053479281e-17
log_separated,2000,0,3,[0.998498874063205],0.0,0.0,[3],[0.998498874063205],0.0,0.0
log_separated,2000,1,3,[0.982051353032952],0.0,0.0,[3],[0.982051353032952],0.0,0.0
log_separated,2000,2,3,[0.9970045105157064],0.0,0.0,[3],[0.9970045105157064],0.0,0.0
log_separated,2000,3,3,[0.9985011274427],2.220446049250313e-16,1.1085576900882189e-16,[3],[0.9985011274427],2.220446049250313e-16,1.1085576900882189e-16
log_separated,2000,4,3,[0.9940011449332934],0.0,0.0,[3],[0.9940011449332934],0.0,0.0
log_separated,2000,5,3,[1.0],0.0,0.0,[3],[1.0],0.0,0.0
log_separated,2000,6,3,[0.9895102548218281],0.0,0.0,[3],[0.9895102548218281],0.0,0.0
log_separated,2000,7,3,[0.9954988812135157],0.0,0.0,[3],[0.9954988812135157],0.0,0.0
log_separated,2000,8,3,[0.9910214988399823],1.1102230246251565e-16,5.551115123125783e-20,[3],[0.9910214988399823],1.1102230246251565e-16,5.551115123125783e-20
log_separated,2000,9,3,[0.9955101525888608],1.1102230246251565e-16,3.713696017371149e-17,[3],[0.9955101525888608],1.1102230246251565e-16,3.713696017371149e-17
log_separated,5000,0,5,[0.9925136564614422],2.220446049250313e-16,1.3322676295501877e-19,[5],[0.9925136564614422],2.220446049250313e-16,1.3322676295501877e-19
log_separated,5000,1,4,[0.9868452666452728],1.1102230246251565e-16,3.6992631180510216e-17,[4],[0.9868452666452728],1.1102230246251565e-16,3.6992631180510216e-17
log_separated,5000,2,3,[0.9886255830704507],1.1102230246251565e-16,3.657074643115266e-17,[3],[0.9886255830704507],1.1102230246251565e-16,3.657074643115266e-17
log_separated,5000,3,3,[0.9928045434407125],2.220446049250313e-16,7.407408020299045e-17,[3],[0.9928045434407125],2.220446049250313e-16,7.407408020299045e-17
log_separated,5000,4,4,[0.9958028302472776],1.1102230246251565e-16,7.389644451905042e-17,[4],[0.9958028302472776],1.1102230246251565e-16,7.389644451905042e-17
log_separated,5000,5,3,[0.9856257462025345],2.220446049250313e-16,3.681499549657019e-17,[3],[0.9856257462025345],2.220446049250313e-16,3.681499549657019e-17
log_separated,5000,6,4,[0.9949127228372585],2.220446049250313e-16,8.881784197001253e-20,[4],[0.9949127228372585],2.220446049250313e-16,8.881784197001253e-20
log_separated,5000,7,5,[0.9898102023871123],2.220446049250313e-16,3.6970426720017715e-17,[5],[0.9898102023871123],2.220446049250313e-16,3.6970426720017715e-17
log_separated,5000,8,4,[0.9883213517247007],1.1102230246251565e-16,2.2204460492503132e-20,[4],[0.9883213517247007],1.1102230246251565e-16,2.2204460492503132e-20
log_separated,5000,9,5,[0.9886220550462067],2.220446049250313e-16,2.6645352591003755e-19,[5],[0.9886220550462067],2.220446049250313e-16,2.6645352591003755e-19
