seed,condition,detector,auroc,fpr95,n_neg,n_pos,train_ms,n_params,samples_per_sec,structure
0,raw,FIS · centroid,0.5596712393257399,1.0,188,1627,2061.093799988157,55,591552.0487191405,2R/27MF
0,raw,FIS · delta,0.5668146569197976,1.0,188,1627,796.037600011914,45,653488.8734137678,2R/22MF
0,raw,FIS · deltaref,0.5993572558814683,1.0,188,1627,756.4944000041578,63,577308.4383239043,2R/31MF
0,raw,FIS · geom,0.6913912827420262,1.0,188,1627,745.4255000047851,43,722215.5902450738,2R/21MF
0,raw,FIS · curve,0.5386071479946122,1.0,188,1627,729.2062000051374,47,671923.5915402581,2R/23MF
0,raw,FIS · agg,0.6030254089892636,1.0,188,1627,694.8490999930073,49,687109.5960559115,2R/24MF
0,raw,OneClassSVM · deltaref,0.5854267742483883,0.9202127659574468,188,1627,2.4930000072345138,334,310463.3858054987,37SV
0,raw,Mahalanobis · stats,0.854506401286796,0.5797872340425532,188,1627,1.4516999945044518,209,1450375.5825122725,19f
0,raw,mean entropy,0.8746191267049394,0.5212765957446809,188,1627,0.0,0,3000992.101756386,threshold
0,raw,perplexity,0.8486412794727275,0.5638297872340425,188,1627,0.0,0,5054302.442364933,threshold
0,raw,n_tokens (control),0.45639572898821745,0.9680851063829787,188,1627,0.0,0,5346097.282398286,threshold
0,length,FIS · centroid,0.5467539599953751,1.0,186,186,2061.093799988157,55,216846.40109285858,2R/27MF
0,length,FIS · delta,0.5292230315643427,1.0,186,186,796.037600011914,45,207138.48255159,2R/22MF
0,length,FIS · deltaref,0.5628974447913053,1.0,186,186,756.4944000041578,63,189274.44875804096,2R/31MF
0,length,FIS · geom,0.6432535553243149,1.0,186,186,745.4255000047851,43,209601.0823465975,2R/21MF
0,length,FIS · curve,0.5149150190773499,1.0,186,186,729.2062000051374,47,228979.44089897192,2R/23MF
0,length,FIS · agg,0.6005896635449185,1.0,186,186,694.8490999930073,49,227703.9851109955,2R/24MF
0,length,OneClassSVM · deltaref,0.5879003352988785,0.9086021505376344,186,186,2.4930000072345138,334,199849.57558262738,37SV
0,length,Mahalanobis · stats,0.8641461440628975,0.5376344086021505,186,186,1.4516999945044518,209,507295.7890966485,19f
0,length,mean entropy,0.8332755231818707,0.7096774193548387,186,186,0.0,0,1062553.547526717,threshold
0,length,perplexity,0.7981269510926119,0.6935483870967742,186,186,0.0,0,2003230.9910647166,threshold
0,length,n_tokens (control),0.5,0.946236559139785,186,186,0.0,0,1399548.5263279895,threshold
0,length+template,FIS · centroid,0.564812326435546,1.0,183,183,2061.093799988157,55,206313.415551512,2R/27MF
0,length+template,FIS · delta,0.548836931529756,1.0,183,183,796.037600011914,45,210489.9933603832,2R/22MF
0,length+template,FIS · deltaref,0.6212338379766491,1.0,183,183,756.4944000041578,63,221482.6027152861,2R/31MF
0,length+template,FIS · geom,0.6331183373645077,1.0,183,183,745.4255000047851,43,503231.12309443543,2R/21MF
0,length+template,FIS · curve,0.4787392875272478,1.0,183,183,729.2062000051374,47,560747.6693720997,2R/23MF
0,length+template,FIS · agg,0.6612171160679626,1.0,183,183,694.8490999930073,49,541019.9557926367,2R/24MF
0,length+template,OneClassSVM · deltaref,0.5477022305831766,0.9289617486338798,183,183,2.4930000072345138,334,428772.26116794295,37SV
0,length+template,Mahalanobis · stats,0.8373794380244259,0.7103825136612022,183,183,1.4516999945044518,209,1069549.968005603,19f
0,length+template,mean entropy,0.8260324285586312,0.7103825136612022,183,183,0.0,0,2444889.7005081796,threshold
0,length+template,perplexity,0.8105646630236794,0.6939890710382514,183,183,0.0,0,3088607.5923636463,threshold
0,length+template,n_tokens (control),0.5,0.9453551912568307,183,183,0.0,0,3543078.385852552,threshold
0,length+template+entropy,FIS · centroid,0.5941022592152201,1.0,145,145,2061.093799988157,55,337444.7306342945,2R/27MF
0,length+template+entropy,FIS · delta,0.5463971462544589,1.0,145,145,796.037600011914,45,400110.3731733035,2R/22MF
0,length+template+entropy,FIS · deltaref,0.6176456599286564,1.0,145,145,756.4944000041578,63,377358.48964867456,2R/31MF
0,length+template+entropy,FIS · geom,0.6012604042806182,1.0,145,145,745.4255000047851,43,436221.4212563206,2R/21MF
0,length+template+entropy,FIS · curve,0.4283947681331748,1.0,145,145,729.2062000051374,47,455259.02336820547,2R/23MF
0,length+template+entropy,FIS · agg,0.6709631391200952,1.0,145,145,694.8490999930073,49,437934.1540003988,2R/24MF
0,length+template+entropy,OneClassSVM · deltaref,0.5617598097502973,0.8344827586206897,145,145,2.4930000072345138,334,372033.35551820573,37SV
0,length+template+entropy,Mahalanobis · stats,0.7726516052318668,0.7241379310344828,145,145,1.4516999945044518,209,747230.0931296325,19f
0,length+template+entropy,mean entropy,0.6251605231866825,0.8,145,145,0.0,0,1982228.3860473088,threshold
0,length+template+entropy,perplexity,0.6039476813317479,0.7517241379310344,145,145,0.0,0,1776960.721461105,threshold
0,length+template+entropy,n_tokens (control),0.5,0.9448275862068966,145,145,0.0,0,2491408.9633848057,threshold
1,raw,FIS · centroid,0.5778420013338739,1.0,188,1627,770.6060999917099,47,663183.2794997544,2R/23MF
1,raw,FIS · delta,0.5721730374400084,0.8404255319148937,188,1627,807.7897999901325,41,718157.7158819198,2R/20MF
1,raw,FIS · deltaref,0.5699826073310753,1.0,188,1627,747.5504000030924,59,1335049.6452136042,2R/29MF
1,raw,FIS · geom,0.5716875465875061,1.0,188,1627,737.3041000100784,45,1708396.086310609,2R/22MF
1,raw,FIS · curve,0.5241208855876238,1.0,188,1627,694.4774000003235,45,1703905.3842966582,2R/22MF
1,raw,FIS · agg,0.5980266513227582,1.0,188,1627,737.3413999885088,39,1925320.8784639388,2R/19MF
1,raw,OneClassSVM · deltaref,0.628911715858714,0.8723404255319149,188,1627,2.3815000022295862,370,586429.7239791316,41SV
1,raw,Mahalanobis · stats,0.8474283696661393,0.5425531914893617,188,1627,1.3202000118326396,209,2931675.0153708276,19f
1,raw,mean entropy,0.8848324157501734,0.48404255319148937,188,1627,0.0,0,4945504.079763845,threshold
1,raw,perplexity,0.8646118034759184,0.5,188,1627,0.0,0,5643656.89984739,threshold
1,raw,n_tokens (control),0.4620270959473774,0.9574468085106383,188,1627,0.0,0,5795019.187705769,threshold
1,length,FIS · centroid,0.6085184310018903,1.0,184,184,770.6060999917099,47,197192.15438934794,2R/23MF
1,length,FIS · delta,0.558601134215501,0.8369565217391305,184,184,807.7897999901325,41,217083.5298977691,2R/20MF
1,length,FIS · deltaref,0.5663102551984877,1.0,184,184,747.5504000030924,59,195994.8878790505,2R/29MF
1,length,FIS · geom,0.581063917769376,1.0,184,184,737.3041000100784,45,222895.21520024494,2R/22MF
1,length,FIS · curve,0.5235704158790171,1.0,184,184,694.4774000003235,45,233147.4891529551,2R/22MF
1,length,FIS · agg,0.6226961247637051,1.0,184,184,737.3413999885088,39,239770.6539168578,2R/19MF
1,length,OneClassSVM · deltaref,0.6619210775047258,0.8695652173913043,184,184,2.3815000022295862,370,192993.49731203963,41SV
1,length,Mahalanobis · stats,0.8565099243856332,0.5652173913043478,184,184,1.3202000118326396,209,499050.72017077403,19f
1,length,mean entropy,0.8685905009451796,0.4945652173913043,184,184,0.0,0,1230769.203458742,threshold
1,length,perplexity,0.8389650283553874,0.5054347826086957,184,184,0.0,0,1902792.255284249,threshold
1,length,n_tokens (control),0.5,0.9456521739130435,184,184,0.0,0,1714818.2325355322,threshold
1,length+template,FIS · centroid,0.6502204081632652,1.0,175,175,770.6060999917099,47,200999.2531632532,2R/23MF
1,length+template,FIS · delta,0.5678040816326531,0.8571428571428571,175,175,807.7897999901325,41,220195.03043167564,2R/20MF
1,length+template,FIS · deltaref,0.6203102040816327,1.0,175,175,747.5504000030924,59,205459.3477330179,2R/29MF
1,length+template,FIS · geom,0.5447836734693877,1.0,175,175,737.3041000100784,45,223871.05012722453,2R/22MF
1,length+template,FIS · curve,0.4848,1.0,175,175,694.4774000003235,45,237159.50616333462,2R/22MF
1,length+template,FIS · agg,0.659069387755102,1.0,175,175,737.3413999885088,39,233598.07780689478,2R/19MF
1,length+template,OneClassSVM · deltaref,0.598334693877551,0.9028571428571428,175,175,2.3815000022295862,370,216839.10421003198,41SV
1,length+template,Mahalanobis · stats,0.8555428571428572,0.5542857142857143,175,175,1.3202000118326396,209,732677.4134231106,19f
1,length+template,mean entropy,0.8516244897959183,0.5428571428571428,175,175,0.0,0,1877682.3248026378,threshold
1,length+template,perplexity,0.8360816326530611,0.5714285714285714,175,175,0.0,0,1984127.0980847813,threshold
1,length+template,n_tokens (control),0.5,0.9485714285714286,175,175,0.0,0,2463054.3496762994,threshold
1,length+template+entropy,FIS · centroid,0.6797598379629629,1.0,144,144,770.6060999917099,47,390455.53176513826,2R/23MF
1,length+template+entropy,FIS · delta,0.5460310570987654,0.8541666666666666,144,144,807.7897999901325,41,428443.9179308345,2R/20MF
1,length+template+entropy,FIS · deltaref,0.6159095293209877,1.0,144,144,747.5504000030924,59,369562.4293405452,2R/29MF
1,length+template+entropy,FIS · geom,0.5680459104938272,1.0,144,144,737.3041000100784,45,419886.2727211742,2R/22MF
1,length+template+entropy,FIS · curve,0.47212577160493824,1.0,144,144,694.4774000003235,45,454688.9755589168,2R/22MF
1,length+template+entropy,FIS · agg,0.6531153549382716,1.0,144,144,737.3413999885088,39,480240.1223741097,2R/19MF
1,length+template+entropy,OneClassSVM · deltaref,0.6333912037037037,0.8680555555555556,144,144,2.3815000022295862,370,357852.8819087672,41SV
1,length+template+entropy,Mahalanobis · stats,0.826195987654321,0.6875,144,144,1.3202000118326396,209,885336.6037327877,19f
1,length+template+entropy,mean entropy,0.6563464506172839,0.7083333333333334,144,144,0.0,0,2412060.4550420744,threshold
1,length+template+entropy,perplexity,0.646460262345679,0.6666666666666666,144,144,0.0,0,2311396.6850089333,threshold
1,length+template+entropy,n_tokens (control),0.5,0.9513888888888888,144,144,0.0,0,2601626.0417985693,threshold
2,raw,FIS · centroid,0.5729347840301299,1.0,188,1627,741.3203999894904,57,1109481.0195474413,2R/28MF
2,raw,FIS · delta,0.5356353555035374,1.0,188,1627,886.5408999990905,43,1275474.3551212389,2R/21MF
2,raw,FIS · deltaref,0.571211863631014,1.0,188,1627,744.7401999961585,63,1089566.5684018414,2R/31MF
2,raw,FIS · geom,0.6975669879297492,1.0,188,1627,732.1393999882275,43,1422636.7837360913,2R/21MF
2,raw,FIS · curve,0.42434842877505924,1.0,188,1627,713.8326999993296,47,1147934.9890246291,2R/23MF
2,raw,FIS · agg,0.6120780970066301,1.0,188,1627,684.8906000086572,45,1635429.8132113898,2R/22MF
2,raw,OneClassSVM · deltaref,0.6162726072003034,0.8457446808510638,188,1627,1.4156999968690798,370,285651.332404978,41SV
2,raw,Mahalanobis · stats,0.8583249421334136,0.5585106382978723,188,1627,0.7580999954370782,209,1567492.857551355,19f
2,raw,mean entropy,0.8702023042017026,0.5531914893617021,188,1627,0.0,0,3825885.301088449,threshold
2,raw,perplexity,0.8501778498476507,0.5851063829787234,188,1627,0.0,0,4279651.037997964,threshold
2,raw,n_tokens (control),0.4590700153003177,0.9627659574468085,188,1627,0.0,0,5663026.339503299,threshold
2,length,FIS · centroid,0.5753410798936294,1.0,186,186,741.3203999894904,57,298723.20055327425,2R/28MF
2,length,FIS · delta,0.566452769106255,1.0,186,186,886.5408999990905,43,381186.59895781806,2R/21MF
2,length,FIS · deltaref,0.5804572782980691,1.0,186,186,744.7401999961585,63,319231.10024632484,2R/31MF
2,length,FIS · geom,0.6887790496011099,1.0,186,186,732.1393999882275,43,388552.3293847141,2R/21MF
2,length,FIS · curve,0.4601109954908082,1.0,186,186,713.8326999993296,47,401078.1650559331,2R/23MF
2,length,FIS · agg,0.6279916753381893,1.0,186,186,684.8906000086572,45,375909.4593506452,2R/22MF
2,length,OneClassSVM · deltaref,0.6120649786102439,0.8709677419354839,186,186,1.4156999968690798,370,261254.3013642469,41SV
2,length,Mahalanobis · stats,0.8619493583073188,0.510752688172043,186,186,0.7580999954370782,209,766062.6007386595,19f
2,length,mean entropy,0.8518325818013642,0.6344086021505376,186,186,0.0,0,2077051.9741279779,threshold
2,length,perplexity,0.8401838362816509,0.5752688172043011,186,186,0.0,0,2079373.8484276165,threshold
2,length,n_tokens (control),0.5,0.956989247311828,186,186,0.0,0,1284086.9485092775,threshold
2,length+template,FIS · centroid,0.6236540682250866,1.0,179,179,741.3203999894904,57,172913.44623241996,2R/28MF
2,length+template,FIS · delta,0.5042601666614649,1.0,179,179,886.5408999990905,43,211421.4845968927,2R/21MF
2,length+template,FIS · deltaref,0.6195499516244811,1.0,179,179,744.7401999961585,63,186604.11796740486,2R/31MF
2,length+template,FIS · geom,0.6069723167192035,1.0,179,179,732.1393999882275,43,278599.22054606304,2R/21MF
2,length+template,FIS · curve,0.4631409756249805,0.9273743016759777,179,179,713.8326999993296,47,328440.3654037696,2R/23MF
2,length+template,FIS · agg,0.6948128959770294,1.0,179,179,684.8906000086572,45,419695.1981304354,2R/22MF
2,length+template,OneClassSVM · deltaref,0.5667738210417902,0.8770949720670391,179,179,1.4156999968690798,370,252592.95682880163,41SV
2,length+template,Mahalanobis · stats,0.8595861552386006,0.5810055865921788,179,179,0.7580999954370782,209,717578.6719001059,19f
2,length+template,mean entropy,0.8473830404793858,0.5754189944134078,179,179,0.0,0,1898197.142137329,threshold
2,length+template,perplexity,0.8359601760244686,0.5754189944134078,179,179,0.0,0,2020316.0731481763,threshold
2,length+template,n_tokens (control),0.5,0.9497206703910615,179,179,0.0,0,2309677.396387126,threshold
2,length+template+entropy,FIS · centroid,0.6158776435744365,1.0,147,147,741.3203999894904,57,263016.6401552329,2R/28MF
2,length+template+entropy,FIS · delta,0.5116386690730713,1.0,147,147,886.5408999990905,43,310257.4933515745,2R/21MF
2,length+template+entropy,FIS · deltaref,0.6317275209403489,1.0,147,147,744.7401999961585,63,330708.6604337437,2R/31MF
2,length+template+entropy,FIS · geom,0.6458882872877042,1.0,147,147,732.1393999882275,43,366400.79184586415,2R/21MF
2,length+template+entropy,FIS · curve,0.4360914433800731,1.0,147,147,713.8326999993296,47,362560.1163389456,2R/23MF
2,length+template+entropy,FIS · agg,0.6898514507843954,1.0,147,147,684.8906000086572,45,364583.33359590784,2R/22MF
2,length+template+entropy,OneClassSVM · deltaref,0.6216854088574204,0.7619047619047619,147,147,1.4156999968690798,370,307692.3077918767,41SV
2,length+template+entropy,Mahalanobis · stats,0.8058216483872461,0.7278911564625851,147,147,0.7580999954370782,209,724673.4224948369,19f
2,length+template+entropy,mean entropy,0.6376972557730575,0.7551020408163265,147,147,0.0,0,1896774.174686634,threshold
2,length+template+entropy,perplexity,0.621176361701143,0.7346938775510204,147,147,0.0,0,1985145.2706060926,threshold
2,length+template+entropy,n_tokens (control),0.49999999999999994,0.9455782312925171,147,147,0.0,0,2361445.74273313,threshold
3,raw,FIS · centroid,0.5479148413082426,1.0,188,1627,716.3727000006475,55,1406431.6113361055,2R/27MF
3,raw,FIS · delta,0.5521338712419411,1.0,188,1627,765.5444999982137,45,1532292.110022062,2R/22MF
3,raw,FIS · deltaref,0.5693091318050453,1.0,188,1627,735.214200001792,67,1376564.278749138,2R/33MF
3,raw,FIS · geom,0.6591331127646497,1.0,188,1627,728.8178000017069,45,1635577.1901847469,2R/22MF
3,raw,FIS · curve,0.5676058271979494,0.8882978723404256,188,1627,709.1205000033369,51,1612330.1049140475,2R/25MF
3,raw,FIS · agg,0.5959146843819064,1.0,188,1627,752.8697999950964,45,1110907.08867399,2R/22MF
3,raw,OneClassSVM · deltaref,0.6123592566922544,0.8670212765957447,188,1627,1.3575000048149377,361,402439.0231947881,40SV
3,raw,Mahalanobis · stats,0.8494455269455596,0.5691489361702128,188,1627,0.7556000055046752,209,2485620.3736506146,19f
3,raw,mean entropy,0.872082150936981,0.5425531914893617,188,1627,0.0,0,5022136.115483419,threshold
3,raw,perplexity,0.8472747126286468,0.5531914893617021,188,1627,0.0,0,6368421.335449233,threshold
3,raw,n_tokens (control),0.4660793916489036,0.9680851063829787,188,1627,0.0,0,6578470.679410959,threshold
3,length,FIS · centroid,0.5793571950328708,1.0,185,185,716.3727000006475,55,185148.11756348365,2R/27MF
3,length,FIS · delta,0.529218407596786,1.0,185,185,765.5444999982137,45,207935.2589129111,2R/22MF
3,length,FIS · deltaref,0.5419430241051864,1.0,185,185,735.214200001792,67,178253.11925578097,2R/33MF
3,length,FIS · geom,0.6695398100803507,1.0,185,185,728.8178000017069,45,208662.30569040615,2R/22MF
3,length,FIS · curve,0.5786413440467495,0.9027027027027027,185,185,709.1205000033369,51,212937.3845000982,2R/25MF
3,length,FIS · agg,0.5896859021183345,1.0,185,185,752.8697999950964,45,225623.51342740064,2R/22MF
3,length,OneClassSVM · deltaref,0.6143170197224251,0.8756756756756757,185,185,1.3575000048149377,361,203062.3998143846,40SV
3,length,Mahalanobis · stats,0.8512198685171658,0.5405405405405406,185,185,0.7556000055046752,209,491106.97952885093,19f
3,length,mean entropy,0.8540832724616507,0.6162162162162163,185,185,0.0,0,1051136.398881239,threshold
3,length,perplexity,0.831146822498174,0.6,185,185,0.0,0,1834407.5965126771,threshold
3,length,n_tokens (control),0.5,0.9459459459459459,185,185,0.0,0,1839880.6259827155,threshold
3,length+template,FIS · centroid,0.6326188016528925,1.0,176,176,716.3727000006475,55,178508.03816443635,2R/27MF
3,length+template,FIS · delta,0.5105888429752066,1.0,176,176,765.5444999982137,45,220427.0762568195,2R/22MF
3,length+template,FIS · deltaref,0.6271468233471075,1.0,176,176,735.214200001792,67,183601.08463436237,2R/33MF
3,length+template,FIS · geom,0.5860989152892563,1.0,176,176,728.8178000017069,45,198042.0838626858,2R/22MF
3,length+template,FIS · curve,0.5076188016528926,0.8806818181818182,176,176,709.1205000033369,51,213333.33260784246,2R/25MF
3,length+template,FIS · agg,0.681769757231405,1.0,176,176,752.8697999950964,45,365790.2966484533,2R/22MF
3,length+template,OneClassSVM · deltaref,0.6059207128099173,0.875,176,176,1.3575000048149377,361,373554.0694157087,40SV
3,length+template,Mahalanobis · stats,0.8406831095041323,0.6761363636363636,176,176,0.7556000055046752,209,915951.0767516778,19f
3,length+template,mean entropy,0.8484310433884298,0.6136363636363636,176,176,0.0,0,2338870.488151695,threshold
3,length+template,perplexity,0.8386492768595041,0.5738636363636364,176,176,0.0,0,2429261.359413095,threshold
3,length+template,n_tokens (control),0.5,0.9545454545454546,176,176,0.0,0,3317624.646344185,threshold
3,length+template+entropy,FIS · centroid,0.5816306288434834,1.0,142,142,716.3727000006475,55,356649.4995556394,2R/27MF
3,length+template+entropy,FIS · delta,0.49933048998214635,1.0,142,142,765.5444999982137,45,409989.89922339574,2R/22MF
3,length+template+entropy,FIS · deltaref,0.6212061098988296,1.0,142,142,735.214200001792,67,380646.0304023664,2R/33MF
3,length+template+entropy,FIS · geom,0.5670005951200159,1.0,142,142,728.8178000017069,45,438406.91600604425,2R/22MF
3,length+template+entropy,FIS · curve,0.5336490775639754,0.8661971830985915,142,142,709.1205000033369,51,414477.5200526112,2R/25MF
3,length+template+entropy,FIS · agg,0.6474409839317596,1.0,142,142,752.8697999950964,45,456224.89179333946,2R/22MF
3,length+template+entropy,OneClassSVM · deltaref,0.6018151160484031,0.7183098591549296,142,142,1.3575000048149377,361,313950.9157921723,40SV
3,length+template+entropy,Mahalanobis · stats,0.7995933346558224,0.6267605633802817,142,142,0.7556000055046752,209,738621.581024666,19f
3,length+template+entropy,mean entropy,0.6349930569331481,0.676056338028169,142,142,0.0,0,2094395.2904404541,threshold
3,length+template+entropy,perplexity,0.6096508629240229,0.6619718309859155,142,142,0.0,0,2465277.6905787974,threshold
3,length+template+entropy,n_tokens (control),0.5,0.9577464788732394,142,142,0.0,0,2331691.092857579,threshold
4,raw,FIS · centroid,0.5725915076697746,1.0,188,1627,765.5208000069251,61,1235198.0414338205,2R/30MF
4,raw,FIS · delta,0.5396238998809975,1.0,188,1627,761.70830000774,45,1603215.276298146,2R/22MF
4,raw,FIS · deltaref,0.5664632073127673,1.0,188,1627,787.7797999972245,57,1111247.1619029169,2R/28MF
4,raw,FIS · geom,0.6542193568635656,1.0,188,1627,727.1426000079373,41,1293011.3204283614,2R/20MF
4,raw,FIS · curve,0.5469749179406034,1.0,188,1627,706.7691999982344,47,1235450.2790180924,2R/23MF
4,raw,FIS · agg,0.6019301939347972,1.0,188,1627,688.8728000049014,37,1250516.7491586679,2R/18MF
4,raw,OneClassSVM · deltaref,0.620954242895814,0.8723404255319149,188,1627,1.490199996624142,343,390456.9310012068,38SV
4,raw,Mahalanobis · stats,0.8548039074657705,0.5478723404255319,188,1627,0.7779000006848946,209,2037265.680531282,19f
4,raw,mean entropy,0.8722521544678236,0.48404255319148937,188,1627,0.0,0,4430070.723508997,threshold
4,raw,perplexity,0.8525055905007257,0.5372340425531915,188,1627,0.0,0,5242634.281489102,threshold
4,raw,n_tokens (control),0.4569367979181106,0.9627659574468085,188,1627,0.0,0,6337290.224971889,threshold
4,length,FIS · centroid,0.538903349932096,1.0,188,188,765.5208000069251,61,180508.88147284105,2R/30MF
4,length,FIS · delta,0.5066489361702129,1.0,188,188,761.70830000774,45,215435.74125245673,2R/22MF
4,length,FIS · deltaref,0.5419307378904481,1.0,188,188,787.7797999972245,57,195690.64164801597,2R/28MF
4,length,FIS · geom,0.6635638297872342,1.0,188,188,727.1426000079373,41,220114.74096352217,2R/20MF
4,length,FIS · curve,0.484933793571752,1.0,188,188,706.7691999982344,47,219472.33162737638,2R/23MF
4,length,FIS · agg,0.5824185151652331,1.0,188,188,688.8728000049014,37,215312.3751371924,2R/18MF
4,length,OneClassSVM · deltaref,0.6271502942507922,0.8191489361702128,188,188,1.490199996624142,343,181397.14444172263,38SV
4,length,Mahalanobis · stats,0.850526256224536,0.5691489361702128,188,188,0.7779000006848946,209,516412.58080796845,19f
4,length,mean entropy,0.8457163875056586,0.48404255319148937,188,188,0.0,0,1250415.6758017237,threshold
4,length,perplexity,0.8237041647804437,0.5797872340425532,188,188,0.0,0,1634782.6758515828,threshold
4,length,n_tokens (control),0.5,0.9468085106382979,188,188,0.0,0,1784527.7335697,threshold
4,length+template,FIS · centroid,0.631686994324357,1.0,182,182,765.5208000069251,61,169168.56335309183,2R/30MF
4,length+template,FIS · delta,0.48523729018234507,1.0,182,182,761.70830000774,45,206700.73912577349,2R/22MF
4,length+template,FIS · deltaref,0.6095127400072455,1.0,182,182,787.7797999972245,57,193606.72336336193,2R/28MF
4,length+template,FIS · geom,0.6177997826349475,1.0,182,182,727.1426000079373,41,216229.06049202813,2R/20MF
4,length+template,FIS · curve,0.46763675884555006,1.0,182,182,706.7691999982344,47,216164.8551631088,2R/23MF
4,length+template,FIS · agg,0.6517328825021134,1.0,182,182,688.8728000049014,37,232054.0613940351,2R/18MF
4,length+template,OneClassSVM · deltaref,0.578341987682647,0.8791208791208791,182,182,1.490199996624142,343,187880.66513071628,38SV
4,length+template,Mahalanobis · stats,0.8597391619369641,0.532967032967033,182,182,0.7779000006848946,209,463281.1494635785,19f
4,length+template,mean entropy,0.844734935394276,0.5494505494505495,182,182,0.0,0,1148264.9908324769,threshold
4,length+template,perplexity,0.831330757154933,0.521978021978022,182,182,0.0,0,1518564.9256397714,threshold
4,length+template,n_tokens (control),0.5,0.945054945054945,182,182,0.0,0,2651128.9585771724,threshold
4,length+template+entropy,FIS · centroid,0.6429208106586601,1.0,146,146,765.5208000069251,61,256185.2975750123,2R/30MF
4,length+template+entropy,FIS · delta,0.43490805029086127,1.0,146,146,761.70830000774,45,315914.74802077893,2R/22MF
4,length+template+entropy,FIS · deltaref,0.6033261399887409,1.0,146,146,787.7797999972245,57,320491.7146146286,2R/28MF
4,length+template+entropy,FIS · geom,0.5228466879339464,1.0,146,146,727.1426000079373,41,361207.3230643446,2R/20MF
4,length+template+entropy,FIS · curve,0.44855976731094016,1.0,146,146,706.7691999982344,47,359119.42293793487,2R/23MF
4,length+template+entropy,FIS · agg,0.6608416213173203,1.0,146,146,688.8728000049014,37,364271.4541204857,2R/18MF
4,length+template+entropy,OneClassSVM · deltaref,0.6171889660349034,0.7602739726027398,146,146,1.490199996624142,343,282918.32162560953,38SV
4,length+template+entropy,Mahalanobis · stats,0.7979921185963595,0.589041095890411,146,146,0.7779000006848946,209,652076.8344687109,19f
4,length+template+entropy,mean entropy,0.6606774254081441,0.726027397260274,146,146,0.0,0,1776155.7138937686,threshold
4,length+template+entropy,perplexity,0.6385344342278101,0.7602739726027398,146,146,0.0,0,1423001.911599103,threshold
4,length+template+entropy,n_tokens (control),0.5,0.9452054794520548,146,146,0.0,0,1870595.827479349,threshold
5,raw,FIS · centroid,0.5860544795930377,1.0,188,1627,749.2092000029515,51,594283.094571287,2R/25MF
5,raw,FIS · delta,0.5650590435339812,1.0,188,1627,792.7999999956228,45,668557.5380539311,2R/22MF
5,raw,FIS · deltaref,0.5708653179719887,1.0,188,1627,749.3230999971274,63,593699.9097865035,2R/31MF
5,raw,FIS · geom,0.666972890975428,1.0,188,1627,768.4571999998298,49,642182.3588878568,2R/24MF
5,raw,FIS · curve,0.5341935947900457,1.0,188,1627,729.2655000055674,55,635994.1121692606,2R/27MF
5,raw,FIS · agg,0.6709941283395886,1.0,188,1627,714.2762000003131,37,700393.6096856254,2R/18MF
5,raw,OneClassSVM · deltaref,0.6258941531862585,0.8776595744680851,188,1627,2.4645999947097152,343,296046.19297383365,38SV
5,raw,Mahalanobis · stats,0.8607736468372804,0.5691489361702128,188,1627,1.360000009299256,209,1396691.0353017482,19f
5,raw,mean entropy,0.8709967437785245,0.5531914893617021,188,1627,0.0,0,2506906.0852519935,threshold
5,raw,perplexity,0.8444892701617648,0.5851063829787234,188,1627,0.0,0,7098161.989841545,threshold
5,raw,n_tokens (control),0.4779371379251722,0.9521276595744681,188,1627,0.0,0,7846951.995090223,threshold
5,length,FIS · centroid,0.5986819285466527,1.0,186,186,749.2092000029515,51,328650.9397021294,2R/25MF
5,length,FIS · delta,0.5371719273904498,1.0,186,186,792.7999999956228,45,373044.52032027114,2R/22MF
5,length,FIS · deltaref,0.5954734651404787,1.0,186,186,749.3230999971274,63,320055.0624763561,2R/31MF
5,length,FIS · geom,0.6833159902878946,1.0,186,186,768.4571999998298,49,354454.50133015873,2R/24MF
5,length,FIS · curve,0.5507573129841601,1.0,186,186,729.2655000055674,55,358554.2174387712,2R/27MF
5,length,FIS · agg,0.6651636027286392,1.0,186,186,714.2762000003131,37,401944.8928767094,2R/18MF
5,length,OneClassSVM · deltaref,0.6583130997803215,0.8279569892473119,186,186,2.4645999947097152,343,270113.2743379753,38SV
5,length,Mahalanobis · stats,0.8585963695224882,0.5967741935483871,186,186,1.360000009299256,209,814895.9508026043,19f
5,length,mean entropy,0.8417158052954098,0.6129032258064516,186,186,0.0,0,2179261.803251803,threshold
5,length,perplexity,0.8161637183489421,0.5967741935483871,186,186,0.0,0,2282208.5294568697,threshold
5,length,n_tokens (control),0.49999999999999994,0.9516129032258065,186,186,0.0,0,2743362.84522482,threshold
5,length+template,FIS · centroid,0.6653395061728395,1.0,180,180,749.2092000029515,51,318979.2681748181,2R/25MF
5,length+template,FIS · delta,0.549074074074074,1.0,180,180,792.7999999956228,45,363342.75626583106,2R/22MF
5,length+template,FIS · deltaref,0.5784259259259259,1.0,180,180,749.3230999971274,63,331583.30982795364,2R/31MF
5,length+template,FIS · geom,0.5841975308641976,1.0,180,180,768.4571999998298,49,337489.4526916514,2R/24MF
5,length+template,FIS · curve,0.4937654320987654,1.0,180,180,729.2655000055674,55,337806.13846077083,2R/27MF
5,length+template,FIS · agg,0.7024845679012346,1.0,180,180,714.2762000003131,37,281646.0620978556,2R/18MF
5,length+template,OneClassSVM · deltaref,0.6014506172839507,0.8611111111111112,180,180,2.4645999947097152,343,376136.2459589015,38SV
5,length+template,Mahalanobis · stats,0.8510185185185184,0.6166666666666667,180,180,1.360000009299256,209,959999.9916553498,19f
5,length+template,mean entropy,0.8161111111111111,0.6555555555555556,180,180,0.0,0,2032749.9139464952,threshold
5,length+template,perplexity,0.795679012345679,0.6444444444444445,180,180,0.0,0,2696629.2558858953,threshold
5,length+template,n_tokens (control),0.5,0.9555555555555556,180,180,0.0,0,3002502.180051739,threshold
5,length+template+entropy,FIS · centroid,0.626264308012487,1.0,155,155,749.2092000029515,51,360339.4154829062,2R/25MF
5,length+template+entropy,FIS · delta,0.5157544224765869,1.0,155,155,792.7999999956228,45,400465.0557526714,2R/22MF
5,length+template+entropy,FIS · deltaref,0.5783558792924037,1.0,155,155,749.3230999971274,63,388373.8364034769,2R/31MF
5,length+template+entropy,FIS · geom,0.6176899063475545,1.0,155,155,768.4571999998298,49,420966.86307523266,2R/24MF
5,length+template+entropy,FIS · curve,0.46426638917793966,1.0,155,155,729.2655000055674,55,406397.481827323,2R/27MF
5,length+template+entropy,FIS · agg,0.6626847034339229,1.0,155,155,714.2762000003131,37,477805.17350097164,2R/18MF
5,length+template+entropy,OneClassSVM · deltaref,0.6386264308012486,0.8258064516129032,155,155,2.4645999947097152,343,377358.49149266514,38SV
5,length+template+entropy,Mahalanobis · stats,0.8348387096774194,0.5870967741935483,155,155,1.360000009299256,209,829542.4284386095,19f
5,length+template+entropy,mean entropy,0.6271800208116545,0.7677419354838709,155,155,0.0,0,2316890.8787072855,threshold
5,length+template+entropy,perplexity,0.6130697190426638,0.7419354838709677,155,155,0.0,0,2875695.5745117413,threshold
5,length+template+entropy,n_tokens (control),0.5,0.9548387096774194,155,155,0.0,0,2257829.60757946,threshold
6,raw,FIS · centroid,0.5735755665694595,1.0,188,1627,781.8248999974458,47,1436144.9546673528,2R/23MF
6,raw,FIS · delta,0.5351776536897306,1.0,188,1627,777.8701999923214,45,1504226.7642821271,2R/22MF
6,raw,FIS · deltaref,0.5937079077796231,1.0,188,1627,834.020900001633,63,895809.6824371477,2R/31MF
6,raw,FIS · geom,0.6555205377342452,1.0,188,1627,778.4696999879088,45,1528035.0314738154,2R/22MF
6,raw,FIS · curve,0.5461003805463652,1.0,188,1627,741.8357999995351,45,1608472.1843741601,2R/22MF
6,raw,FIS · agg,0.6272868744196994,1.0,188,1627,725.3102999966359,39,1731374.5935838756,2R/19MF
6,raw,OneClassSVM · deltaref,0.5861917901371798,0.8670212765957447,188,1627,1.8643000075826421,352,540066.0564193778,39SV
6,raw,Mahalanobis · stats,0.854846408348481,0.5425531914893617,188,1627,0.7766000053379685,209,2837267.4864247143,19f
6,raw,mean entropy,0.8767735945285018,0.526595744680851,188,1627,0.0,0,4589127.694761381,threshold
6,raw,perplexity,0.8526919405249187,0.5531914893617021,188,1627,0.0,0,5262394.791884411,threshold
6,raw,n_tokens (control),0.46250441355320465,0.973404255319149,188,1627,0.0,0,6456776.917786338,threshold
6,length,FIS · centroid,0.5830878778346535,1.0,187,187,781.8248999974458,47,324146.30024003977,2R/23MF
6,length,FIS · delta,0.538762904286654,1.0,187,187,777.8701999923214,45,335335.78586010495,2R/22MF
6,length,FIS · deltaref,0.6232663215991306,1.0,187,187,834.020900001633,63,298745.9059648706,2R/31MF
6,length,FIS · geom,0.612370957133461,1.0,187,187,778.4696999879088,45,346488.78627947194,2R/22MF
6,length,FIS · curve,0.5341588263890875,1.0,187,187,741.8357999995351,45,353999.05431508913,2R/22MF
6,length,FIS · agg,0.624009837284452,1.0,187,187,725.3102999966359,39,375012.5346556642,2R/19MF
6,length,OneClassSVM · deltaref,0.5896365352169064,0.8288770053475936,187,187,1.8643000075826421,352,242841.37421465624,39SV
6,length,Mahalanobis · stats,0.8446624152821071,0.6363636363636364,187,187,0.7766000053379685,209,707395.5052131886,19f
6,length,mean entropy,0.8648517258142926,0.5080213903743316,187,187,0.0,0,1780952.3950903222,threshold
6,length,perplexity,0.8417455460550775,0.5454545454545454,187,187,0.0,0,2004287.3015479776,threshold
6,length,n_tokens (control),0.5,0.946524064171123,187,187,0.0,0,2196124.465209772,threshold
6,length+template,FIS · centroid,0.5930745079096728,1.0,182,182,781.8248999974458,47,300826.4457403399,2R/23MF
6,length+template,FIS · delta,0.5337217727327618,1.0,182,182,777.8701999923214,45,310871.97615459486,2R/22MF
6,length+template,FIS · deltaref,0.6321096485931651,1.0,182,182,834.020900001633,63,278351.30297232076,2R/31MF
6,length+template,FIS · geom,0.5895121362154329,1.0,182,182,778.4696999879088,45,323153.4115767153,2R/22MF
6,length+template,FIS · curve,0.5321971984059897,1.0,182,182,741.8357999995351,45,346303.8721205766,2R/22MF
6,length+template,FIS · agg,0.6624501871754619,1.0,182,182,725.3102999966359,39,357072.7908946864,2R/19MF
6,length+template,OneClassSVM · deltaref,0.5551865716700881,0.8461538461538461,182,182,1.8643000075826421,352,239442.1798848,39SV
6,length+template,Mahalanobis · stats,0.8483576862697743,0.6208791208791209,182,182,0.7766000053379685,209,702431.5102918156,19f
6,length+template,mean entropy,0.8252928390291028,0.6978021978021978,182,182,0.0,0,1910761.2013010406,threshold
6,length+template,perplexity,0.8104395604395604,0.6758241758241759,182,182,0.0,0,2046093.2960091026,threshold
6,length+template,n_tokens (control),0.5,0.945054945054945,182,182,0.0,0,2150029.6094013113,threshold
6,length+template+entropy,FIS · centroid,0.6071333333333333,1.0,150,150,781.8248999974458,47,237567.3113463973,2R/23MF
6,length+template+entropy,FIS · delta,0.5151333333333332,1.0,150,150,777.8701999923214,45,309310.24042542785,2R/22MF
6,length+template+entropy,FIS · deltaref,0.6370222222222222,1.0,150,150,834.020900001633,63,301993.1556603171,2R/31MF
6,length+template+entropy,FIS · geom,0.590311111111111,1.0,150,150,778.4696999879088,45,354484.22643743065,2R/22MF
6,length+template+entropy,FIS · curve,0.5568,1.0,150,150,741.8357999995351,45,378596.6639385805,2R/22MF
6,length+template+entropy,FIS · agg,0.6728444444444445,1.0,150,150,725.3102999966359,39,409612.2318105779,2R/19MF
6,length+template+entropy,OneClassSVM · deltaref,0.5887111111111111,0.78,150,150,1.8643000075826421,352,336247.47893287323,39SV
6,length+template+entropy,Mahalanobis · stats,0.7821333333333332,0.6733333333333333,150,150,0.7766000053379685,209,751503.0091078877,19f
6,length+template+entropy,mean entropy,0.634,0.78,150,150,0.0,0,1960784.3026493997,threshold
6,length+template+entropy,perplexity,0.6168888888888888,0.7733333333333333,150,150,0.0,0,1417099.6912615576,threshold
6,length+template+entropy,n_tokens (control),0.5,0.9466666666666667,150,150,0.0,0,2485501.1954150978,threshold
7,raw,FIS · centroid,0.5748277079600883,1.0,188,1627,799.6964000049047,53,1013456.92016649,2R/26MF
7,raw,FIS · delta,0.4925950385123383,1.0,188,1627,767.8308000031393,43,1173238.5207785405,2R/21MF
7,raw,FIS · deltaref,0.5848497430331245,1.0,188,1627,783.8658999971813,65,976436.40567132,2R/32MF
7,raw,FIS · geom,0.6521155631693889,1.0,188,1627,758.5866999870632,39,1051077.1406892114,2R/19MF
7,raw,FIS · curve,0.5620398462121905,1.0,188,1627,751.8972000107169,53,994738.5669076816,2R/26MF
7,raw,FIS · agg,0.5534138016712654,1.0,188,1627,759.5957000012277,45,1100733.824393975,2R/22MF
7,raw,OneClassSVM · deltaref,0.6400273313368816,0.824468085106383,188,1627,2.093800008879043,343,322305.68375341577,38SV
7,raw,Mahalanobis · stats,0.8296335770050608,0.6223404255319149,188,1627,1.0425000073155388,209,1923076.8976791145,19f
7,raw,mean entropy,0.8821221671527024,0.5372340425531915,188,1627,0.0,0,3908268.733384566,threshold
7,raw,perplexity,0.8567491401744498,0.5585106382978723,188,1627,0.0,0,4577553.514285265,threshold
7,raw,n_tokens (control),0.4670961435352889,0.9627659574468085,188,1627,0.0,0,4686289.757748744,threshold
7,length,FIS · centroid,0.5976991559717887,1.0,186,186,799.6964000049047,53,248580.01989068376,2R/26MF
7,length,FIS · delta,0.48395768296912944,1.0,186,186,767.8308000031393,43,233272.71491534347,2R/21MF
7,length,FIS · deltaref,0.5849375650364204,1.0,186,186,783.8658999971813,65,156217.1922435658,2R/32MF
7,length,FIS · geom,0.6336715227193895,1.0,186,186,758.5866999870632,39,325744.3100264404,2R/19MF
7,length,FIS · curve,0.5628974447913053,0.9193548387096774,186,186,751.8972000107169,53,313263.16029015015,2R/26MF
7,length,FIS · agg,0.5718146606544109,1.0,186,186,759.5957000012277,45,328912.46764086356,2R/22MF
7,length,OneClassSVM · deltaref,0.6303040813966932,0.8440860215053764,186,186,2.093800008879043,343,223008.2112702537,38SV
7,length,Mahalanobis · stats,0.83125216788068,0.5806451612903226,186,186,1.0425000073155388,209,456161.85801192396,19f
7,length,mean entropy,0.8778182448838016,0.5161290322580645,186,186,0.0,0,922161.6233600011,threshold
7,length,perplexity,0.848306162562146,0.5591397849462365,186,186,0.0,0,1422018.357652369,threshold
7,length,n_tokens (control),0.5,0.946236559139785,186,186,0.0,0,1512810.1148886452,threshold
7,length+template,FIS · centroid,0.648592349450827,1.0,178,178,799.6964000049047,53,162996.19995875948,2R/26MF
7,length+template,FIS · delta,0.4531309178134074,1.0,178,178,767.8308000031393,43,196576.47766717323,2R/21MF
7,length+template,FIS · deltaref,0.6074043681353365,1.0,178,178,783.8658999971813,65,174279.14051314967,2R/32MF
7,length+template,FIS · geom,0.5743592980684258,1.0,178,178,758.5866999870632,39,174595.3899776328,2R/19MF
7,length+template,FIS · curve,0.4919517737659387,1.0,178,178,751.8972000107169,53,170090.77855990478,2R/26MF
7,length+template,FIS · agg,0.6152158818331018,1.0,178,178,759.5957000012277,45,171673.81963098625,2R/22MF
7,length+template,OneClassSVM · deltaref,0.5884042418886504,0.8707865168539326,178,178,2.093800008879043,343,193100.45610353115,38SV
7,length+template,Mahalanobis · stats,0.8266633000883727,0.6797752808988764,178,178,1.0425000073155388,209,475872.20539702347,19f
7,length+template,mean entropy,0.8706602701679081,0.5393258426966292,178,178,0.0,0,1162259.2629744962,threshold
7,length+template,perplexity,0.8469890165383158,0.550561797752809,178,178,0.0,0,1510394.631535613,threshold
7,length+template,n_tokens (control),0.5,0.949438202247191,178,178,0.0,0,1548499.318295384,threshold
7,length+template+entropy,FIS · centroid,0.6494978943958536,1.0,147,147,799.6964000049047,53,334813.8054238722,2R/26MF
7,length+template+entropy,FIS · delta,0.4286871211069462,1.0,147,147,767.8308000031393,43,376923.07589696883,2R/21MF
7,length+template+entropy,FIS · deltaref,0.6329770003239391,1.0,147,147,783.8658999971813,65,358361.77292743896,2R/32MF
7,length+template+entropy,FIS · geom,0.5783007080383173,1.0,147,147,758.5866999870632,39,402188.7864449884,2R/19MF
7,length+template+entropy,FIS · curve,0.506918413623953,1.0,147,147,751.8972000107169,53,317152.1032326365,2R/26MF
7,length+template+entropy,FIS · agg,0.5966264056643065,1.0,147,147,759.5957000012277,45,357881.9241898179,2R/22MF
7,length+template+entropy,OneClassSVM · deltaref,0.6293673932157897,0.7551020408163265,147,147,2.093800008879043,343,297932.7146210871,38SV
7,length+template+entropy,Mahalanobis · stats,0.77601925123791,0.6054421768707483,147,147,1.0425000073155388,209,665760.8679553086,19f
7,length+template+entropy,mean entropy,0.6570873247258087,0.6870748299319728,147,147,0.0,0,1766826.912086581,threshold
7,length+template+entropy,perplexity,0.6396408903697532,0.673469387755102,147,147,0.0,0,1936758.8131719176,threshold
7,length+template+entropy,n_tokens (control),0.5,0.9523809523809523,147,147,0.0,0,1965240.588129256,threshold
