family,detector,norm,K,top_n,silhouette,mfs,nonfinite,auroc,auprc,fpr@95tpr
TriviaQA,FIS fused (hidden+stats),min/max,2,8,0.0908351107218643,23,0.0,0.6309014353737397,0.908346628977675,0.886685552407932
FalsePremise,FIS fused (hidden+stats),min/max,2,8,0.0908351107218643,23,0.0,0.7962199503062339,0.871446164103807,0.6912181303116147
TriviaQA,FIS fused (hidden+stats),probability,2,8,0.0908351107218643,23,0.0,0.6336266650593695,0.9044158842851366,0.9093484419263456
FalsePremise,FIS fused (hidden+stats),probability,2,8,0.0908351107218643,23,0.0,0.7860556760093057,0.8524323035115091,0.5722379603399433
TriviaQA,FIS fused (hidden+stats),hamacher,2,8,0.0908351107218643,23,0.0,0.6387886719994489,0.9084805512209373,0.9178470254957507
FalsePremise,FIS fused (hidden+stats),hamacher,2,8,0.0908351107218643,23,0.0,0.7944672163577952,0.8664554322471364,0.5977337110481586
TriviaQA,FIS fused (hidden+stats),min/max,2,12,0.0908351107218643,35,0.0,0.6135024439526882,0.9039972674891021,0.9263456090651558
FalsePremise,FIS fused (hidden+stats),min/max,2,12,0.0908351107218643,35,0.0,0.7529792520613418,0.8423363027467655,0.7082152974504249
TriviaQA,FIS fused (hidden+stats),probability,2,12,0.0908351107218643,35,0.0,0.6178751531955077,0.9007978134279453,0.9036827195467422
FalsePremise,FIS fused (hidden+stats),probability,2,12,0.0908351107218643,35,0.0,0.7508368018738031,0.8290703876980218,0.6402266288951841
TriviaQA,FIS fused (hidden+stats),hamacher,2,12,0.0908351107218643,35,0.0,0.6194465731564158,0.9041708179961856,0.9235127478753541
FalsePremise,FIS fused (hidden+stats),hamacher,2,12,0.0908351107218643,35,0.0,0.7569120230427145,0.8431787590233154,0.6175637393767706
TriviaQA,FIS fused (hidden+stats),min/max,2,24,0.0908351107218643,91,0.0,0.586412311896008,0.8968470123146566,0.9348441926345609
FalsePremise,FIS fused (hidden+stats),min/max,2,24,0.0908351107218643,91,0.0,0.615348093753462,0.7547962726934672,0.773371104815864
TriviaQA,FIS fused (hidden+stats),probability,2,24,0.0908351107218643,91,0.0,0.5987626682280409,0.8965058242792775,0.9206798866855525
FalsePremise,FIS fused (hidden+stats),probability,2,24,0.0908351107218643,91,0.0,0.6978611106714989,0.7935692860421827,0.7620396600566572
TriviaQA,FIS fused (hidden+stats),hamacher,2,24,0.0908351107218643,91,0.004727116458960034,,,
FalsePremise,FIS fused (hidden+stats),hamacher,2,24,0.0908351107218643,91,0.0,0.6690656305885705,0.783137295713787,0.7422096317280453
TriviaQA,FIS fused (hidden+stats),min/max,2,48,0.0908351107218643,150,0.0,0.5813421505061551,0.8890863403314806,0.9206798866855525
FalsePremise,FIS fused (hidden+stats),min/max,2,48,0.0908351107218643,150,0.0,0.7056712614936618,0.8621965488299754,0.9206798866855525
TriviaQA,FIS fused (hidden+stats),probability,2,48,0.0908351107218643,150,0.0,0.5848947076871855,0.8880456608038412,0.8980169971671388
FalsePremise,FIS fused (hidden+stats),probability,2,48,0.0908351107218643,150,0.0,0.7561325905645149,0.876375717196032,0.886685552407932
TriviaQA,FIS fused (hidden+stats),hamacher,2,48,0.0908351107218643,150,0.004727116458960034,,,
FalsePremise,FIS fused (hidden+stats),hamacher,2,48,0.0908351107218643,150,0.0,0.7253351164005254,0.8704648111225015,0.8980169971671388
TriviaQA,FIS fused (hidden+stats),min/max,2,8,0.0908351107218643,23,0.0,0.6309014353737397,0.908346628977675,0.886685552407932
FalsePremise,FIS fused (hidden+stats),min/max,2,8,0.0908351107218643,23,0.0,0.7962199503062339,0.871446164103807,0.6912181303116147
TriviaQA,FIS fused (hidden+stats),probability,2,8,0.0908351107218643,23,0.0,0.6336266650593695,0.9044158842851366,0.9093484419263456
FalsePremise,FIS fused (hidden+stats),probability,2,8,0.0908351107218643,23,0.0,0.7860556760093057,0.8524323035115091,0.5722379603399433
TriviaQA,FIS fused (hidden+stats),hamacher,2,8,0.0908351107218643,23,0.0,0.6387886719994489,0.9084805512209373,0.9178470254957507
FalsePremise,FIS fused (hidden+stats),hamacher,2,8,0.0908351107218643,23,0.0,0.7944672163577952,0.8664554322471364,0.5977337110481586
TriviaQA,FIS fused (hidden+stats),min/max,2,12,0.0908351107218643,35,0.0,0.6135024439526882,0.9039972674891021,0.9263456090651558
FalsePremise,FIS fused (hidden+stats),min/max,2,12,0.0908351107218643,35,0.0,0.7529792520613418,0.8423363027467655,0.7082152974504249
TriviaQA,FIS fused (hidden+stats),probability,2,12,0.0908351107218643,35,0.0,0.6178751531955077,0.9007978134279453,0.9036827195467422
FalsePremise,FIS fused (hidden+stats),probability,2,12,0.0908351107218643,35,0.0,0.7508368018738031,0.8290703876980218,0.6402266288951841
TriviaQA,FIS fused (hidden+stats),hamacher,2,12,0.0908351107218643,35,0.0,0.6194465731564158,0.9041708179961856,0.9235127478753541
FalsePremise,FIS fused (hidden+stats),hamacher,2,12,0.0908351107218643,35,0.0,0.7569120230427145,0.8431787590233154,0.6175637393767706
TriviaQA,FIS fused (hidden+stats),min/max,2,24,0.0908351107218643,91,0.0,0.586412311896008,0.8968470123146566,0.9348441926345609
FalsePremise,FIS fused (hidden+stats),min/max,2,24,0.0908351107218643,91,0.0,0.615348093753462,0.7547962726934672,0.773371104815864
TriviaQA,FIS fused (hidden+stats),probability,2,24,0.0908351107218643,91,0.0,0.5987626682280409,0.8965058242792775,0.9206798866855525
FalsePremise,FIS fused (hidden+stats),probability,2,24,0.0908351107218643,91,0.0,0.6978611106714989,0.7935692860421827,0.7620396600566572
TriviaQA,FIS fused (hidden+stats),hamacher,2,24,0.0908351107218643,91,0.004727116458960034,,,
FalsePremise,FIS fused (hidden+stats),hamacher,2,24,0.0908351107218643,91,0.0,0.6690656305885705,0.783137295713787,0.7422096317280453
TriviaQA,FIS fused (hidden+stats),min/max,2,48,0.0908351107218643,150,0.0,0.5813421505061551,0.8890863403314806,0.9206798866855525
FalsePremise,FIS fused (hidden+stats),min/max,2,48,0.0908351107218643,150,0.0,0.7056712614936618,0.8621965488299754,0.9206798866855525
TriviaQA,FIS fused (hidden+stats),probability,2,48,0.0908351107218643,150,0.0,0.5848947076871855,0.8880456608038412,0.8980169971671388
FalsePremise,FIS fused (hidden+stats),probability,2,48,0.0908351107218643,150,0.0,0.7561325905645149,0.876375717196032,0.886685552407932
TriviaQA,FIS fused (hidden+stats),hamacher,2,48,0.0908351107218643,150,0.004727116458960034,,,
FalsePremise,FIS fused (hidden+stats),hamacher,2,48,0.0908351107218643,150,0.0,0.7253351164005254,0.8704648111225015,0.8980169971671388
TriviaQA,FIS fused (hidden+stats),min/max,4,8,0.04206543895861592,39,0.0,0.6270841046924465,0.906489692964901,0.8951841359773371
FalsePremise,FIS fused (hidden+stats),min/max,4,8,0.04206543895861592,39,0.0,0.7812089512083181,0.8735900083030814,0.7308781869688386
TriviaQA,FIS fused (hidden+stats),probability,4,8,0.04206543895861592,39,0.0,0.6168849433571271,0.9014232809627238,0.9036827195467422
FalsePremise,FIS fused (hidden+stats),probability,4,8,0.04206543895861592,39,0.0,0.7772010065361545,0.8573558232448737,0.6912181303116147
TriviaQA,FIS fused (hidden+stats),hamacher,4,8,0.04206543895861592,39,0.0,0.6131695038331166,0.9029864683078808,0.9150141643059491
FalsePremise,FIS fused (hidden+stats),hamacher,4,8,0.04206543895861592,39,0.0,0.777038789624448,0.8698753882518351,0.7478753541076487
TriviaQA,FIS fused (hidden+stats),min/max,4,12,0.04206543895861592,68,0.0,0.6097410816535643,0.9024749700552888,0.8923512747875354
FalsePremise,FIS fused (hidden+stats),min/max,4,12,0.04206543895861592,68,0.0,0.783988399512558,0.8771455598298052,0.7393767705382436
TriviaQA,FIS fused (hidden+stats),probability,4,12,0.04206543895861592,68,0.0,0.6076128480444074,0.899501177476552,0.9036827195467422
FalsePremise,FIS fused (hidden+stats),probability,4,12,0.04206543895861592,68,0.0,0.7876501495560796,0.867268372027589,0.7025495750708215
TriviaQA,FIS fused (hidden+stats),hamacher,4,12,0.04206543895861592,68,0.0,0.5993280923966234,0.9004413851522572,0.9320113314447592
FalsePremise,FIS fused (hidden+stats),hamacher,4,12,0.04206543895861592,68,0.0,0.780362258059411,0.8755655350738669,0.7535410764872521
TriviaQA,FIS fused (hidden+stats),min/max,4,24,0.04206543895861592,155,0.0,0.5801754250009328,0.8903652179420838,0.9461756373937678
FalsePremise,FIS fused (hidden+stats),min/max,4,24,0.04206543895861592,155,0.0,0.6375045499865478,0.768319831301074,0.9235127478753541
TriviaQA,FIS fused (hidden+stats),probability,4,24,0.04206543895861592,155,0.0,0.5975679585317341,0.8936229447020962,0.9291784702549575
FalsePremise,FIS fused (hidden+stats),probability,4,24,0.04206543895861592,155,0.0,0.7054675012265181,0.8012974718652623,0.830028328611898
TriviaQA,FIS fused (hidden+stats),hamacher,4,24,0.04206543895861592,155,0.006875805758487323,,,
FalsePremise,FIS fused (hidden+stats),hamacher,4,24,0.04206543895861592,155,0.0,0.6723020558026176,0.7928392319228381,0.8696883852691218
TriviaQA,FIS fused (hidden+stats),min/max,4,48,0.04206543895861592,257,0.0,0.5794528588362595,0.8869847902389044,0.9093484419263456
FalsePremise,FIS fused (hidden+stats),min/max,4,48,0.04206543895861592,257,0.0,0.7849478531976515,0.8934999719039509,0.6883852691218131
TriviaQA,FIS fused (hidden+stats),probability,4,48,0.04206543895861592,257,0.0,0.587158556991599,0.8845553417324943,0.9178470254957507
FalsePremise,FIS fused (hidden+stats),probability,4,48,0.04206543895861592,257,0.0,0.8120717077879942,0.8894927911004171,0.6657223796033994
TriviaQA,FIS fused (hidden+stats),hamacher,4,48,0.04206543895861592,257,0.006875805758487323,,,
FalsePremise,FIS fused (hidden+stats),hamacher,4,48,0.04206543895861592,257,0.0,0.8069974836596135,0.9032956278077425,0.6572237960339944
TriviaQA,FIS fused (hidden+stats),min/max,8,8,0.019985748129785947,79,0.0,0.6060242070428317,0.8992236776796368,0.9206798866855525
FalsePremise,FIS fused (hidden+stats),min/max,8,8,0.019985748129785947,79,0.0,0.7599308402044724,0.8554502851945373,0.830028328611898
TriviaQA,FIS fused (hidden+stats),probability,8,8,0.019985748129785947,79,0.0,0.6040567031465711,0.8982907233285704,0.9348441926345609
FalsePremise,FIS fused (hidden+stats),probability,8,8,0.019985748129785947,79,0.0,0.7371848639751848,0.8326351316308424,0.8470254957507082
TriviaQA,FIS fused (hidden+stats),hamacher,8,8,0.019985748129785947,79,1.0,,,
FalsePremise,FIS fused (hidden+stats),hamacher,8,8,0.019985748129785947,79,1.0,,,
TriviaQA,FIS fused (hidden+stats),min/max,8,12,0.019985748129785947,124,0.0,0.6122768798918519,0.9003881776142478,0.9206798866855525
FalsePremise,FIS fused (hidden+stats),min/max,8,12,0.019985748129785947,124,0.0,0.7549377245319449,0.840046877331818,0.7195467422096318
TriviaQA,FIS fused (hidden+stats),probability,8,12,0.019985748129785947,124,0.0,0.6041657697374652,0.8967865818506667,0.9320113314447592
FalsePremise,FIS fused (hidden+stats),probability,8,12,0.019985748129785947,124,0.0,0.7458100558659218,0.8279096611929107,0.7393767705382436
TriviaQA,FIS fused (hidden+stats),hamacher,8,12,0.019985748129785947,124,1.0,,,
FalsePremise,FIS fused (hidden+stats),hamacher,8,12,0.019985748129785947,124,1.0,,,
TriviaQA,FIS fused (hidden+stats),min/max,8,24,0.019985748129785947,296,0.0,0.5744774131700778,0.8872441741314574,0.9121813031161473
FalsePremise,FIS fused (hidden+stats),min/max,8,24,0.019985748129785947,296,0.0,0.6427726431069682,0.7647770375545734,0.9093484419263456
TriviaQA,FIS fused (hidden+stats),probability,8,24,0.019985748129785947,296,0.0,0.5952452706717067,0.8935335996763462,0.9206798866855525
FalsePremise,FIS fused (hidden+stats),probability,8,24,0.019985748129785947,296,0.0,0.6527133745865448,0.7687399323170419,0.8583569405099151
TriviaQA,FIS fused (hidden+stats),hamacher,8,24,0.019985748129785947,296,1.0,,,
FalsePremise,FIS fused (hidden+stats),hamacher,8,24,0.019985748129785947,296,1.0,,,
TriviaQA,FIS fused (hidden+stats),min/max,8,48,0.019985748129785947,524,0.0,0.577120125369176,0.8875184591974851,0.9121813031161473
FalsePremise,FIS fused (hidden+stats),min/max,8,48,0.019985748129785947,524,0.0,0.7660634307689873,0.8803897190935617,0.9008498583569405
TriviaQA,FIS fused (hidden+stats),probability,8,48,0.019985748129785947,524,0.0,0.5908682561687202,0.8892822886444903,0.9376770538243626
FalsePremise,FIS fused (hidden+stats),probability,8,48,0.019985748129785947,524,0.0,0.7745857533986421,0.8830529453913483,0.8356940509915014
TriviaQA,FIS fused (hidden+stats),hamacher,8,48,0.019985748129785947,524,1.0,,,
FalsePremise,FIS fused (hidden+stats),hamacher,8,48,0.019985748129785947,524,1.0,,,
TriviaQA,FIS fused (hidden+stats),min/max,16,8,0.0265611257163002,176,0.0,0.6137708051697565,0.9046684415093647,0.9461756373937678
FalsePremise,FIS fused (hidden+stats),min/max,16,8,0.0265611257163002,176,0.0,0.7478674410875655,0.8510400975274213,0.8130311614730878
TriviaQA,FIS fused (hidden+stats),probability,16,8,0.0265611257163002,176,0.0,0.6141927206661099,0.9028268138173281,0.9348441926345609
FalsePremise,FIS fused (hidden+stats),probability,16,8,0.0265611257163002,176,0.0,0.7401126814059853,0.8297775031116672,0.8668555240793201
TriviaQA,FIS fused (hidden+stats),hamacher,16,8,0.0265611257163002,176,1.0,,,
FalsePremise,FIS fused (hidden+stats),hamacher,16,8,0.0265611257163002,176,1.0,,,
TriviaQA,FIS fused (hidden+stats),min/max,16,12,0.0265611257163002,267,0.0,0.6072899535318919,0.9010990271386667,0.9575070821529745
FalsePremise,FIS fused (hidden+stats),min/max,16,12,0.0265611257163002,267,0.0,0.7139680630509441,0.8290334063704041,0.8470254957507082
TriviaQA,FIS fused (hidden+stats),probability,16,12,0.0265611257163002,267,0.0,0.6048259096297189,0.8991459183255595,0.943342776203966
FalsePremise,FIS fused (hidden+stats),probability,16,12,0.0265611257163002,267,0.0,0.7169314890721192,0.819651421820378,0.8838526912181303
TriviaQA,FIS fused (hidden+stats),hamacher,16,12,0.0265611257163002,267,1.0,,,
FalsePremise,FIS fused (hidden+stats),hamacher,16,12,0.0265611257163002,267,1.0,,,
TriviaQA,FIS fused (hidden+stats),min/max,16,24,0.0265611257163002,594,0.0,0.581672220452282,0.8850465591816332,0.9121813031161473
FalsePremise,FIS fused (hidden+stats),min/max,16,24,0.0265611257163002,594,0.0,0.6197002547992466,0.7240808518250899,0.8498583569405099
TriviaQA,FIS fused (hidden+stats),probability,16,24,0.0265611257163002,594,0.0,0.593908487389893,0.8908230797360421,0.9320113314447592
FalsePremise,FIS fused (hidden+stats),probability,16,24,0.0265611257163002,594,0.0,0.6618173041923181,0.7773577707300885,0.8725212464589235
TriviaQA,FIS fused (hidden+stats),hamacher,16,24,0.0265611257163002,594,1.0,,,
FalsePremise,FIS fused (hidden+stats),hamacher,16,24,0.0265611257163002,594,1.0,,,
TriviaQA,FIS fused (hidden+stats),min/max,16,48,0.0265611257163002,1204,0.0,0.5725005812101225,0.8826688493468162,0.9206798866855525
FalsePremise,FIS fused (hidden+stats),min/max,16,48,0.0265611257163002,1204,0.0,0.7578774114928704,0.8606719554272935,0.7960339943342776
TriviaQA,FIS fused (hidden+stats),probability,16,48,0.0265611257163002,1204,0.0,0.5822003323660849,0.88226831937417,0.9178470254957507
FalsePremise,FIS fused (hidden+stats),probability,16,48,0.0265611257163002,1204,0.0,0.7742534065551459,0.8571340414419283,0.6628895184135978
TriviaQA,FIS fused (hidden+stats),hamacher,16,48,0.0265611257163002,1204,1.0,,,
FalsePremise,FIS fused (hidden+stats),hamacher,16,48,0.0265611257163002,1204,1.0,,,
TriviaQA,FIS stats only,min/max,2,8,0.3373454603771656,25,0.0,0.6382490793918676,0.9111536526082987,0.9065155807365439
FalsePremise,FIS stats only,min/max,2,8,0.3373454603771656,25,0.0,0.7929795685821451,0.8730998303543684,0.7393767705382436
TriviaQA,FIS stats only,probability,2,8,0.3373454603771656,25,0.0,0.6347761695239243,0.9057810419788266,0.8980169971671388
FalsePremise,FIS stats only,probability,2,8,0.3373454603771656,25,0.0,0.7849359836675265,0.8533687483980219,0.5949008498583569
TriviaQA,FIS stats only,hamacher,2,8,0.3373454603771656,25,0.0,0.641653105097141,0.9105944893716691,0.9008498583569405
FalsePremise,FIS stats only,hamacher,2,8,0.3373454603771656,25,0.0,0.7975770332505103,0.871842836491071,0.6062322946175638
TriviaQA,FIS stats only,min/max,2,12,0.3373454603771656,37,0.0,0.6196532256444257,0.9050249981682724,0.9235127478753541
FalsePremise,FIS stats only,min/max,2,12,0.3373454603771656,37,0.0,0.7470167914286165,0.8405665955855088,0.7677053824362606
TriviaQA,FIS stats only,probability,2,12,0.3373454603771656,37,0.0,0.6174439096354593,0.9014165657859958,0.9093484419263456
FalsePremise,FIS stats only,probability,2,12,0.3373454603771656,37,0.0,0.7443144950701884,0.8288536751471703,0.6628895184135978
TriviaQA,FIS stats only,hamacher,2,12,0.3373454603771656,37,0.0,0.6190418787007299,0.9044473227330128,0.9036827195467422
FalsePremise,FIS stats only,hamacher,2,12,0.3373454603771656,37,0.0,0.7525202968965135,0.8424924371602266,0.6657223796033994
TriviaQA,FIS stats only,min/max,2,8,0.3373454603771656,25,0.0,0.6382490793918676,0.9111536526082987,0.9065155807365439
FalsePremise,FIS stats only,min/max,2,8,0.3373454603771656,25,0.0,0.7929795685821451,0.8730998303543684,0.7393767705382436
TriviaQA,FIS stats only,probability,2,8,0.3373454603771656,25,0.0,0.6347761695239243,0.9057810419788266,0.8980169971671388
FalsePremise,FIS stats only,probability,2,8,0.3373454603771656,25,0.0,0.7849359836675265,0.8533687483980219,0.5949008498583569
TriviaQA,FIS stats only,hamacher,2,8,0.3373454603771656,25,0.0,0.641653105097141,0.9105944893716691,0.9008498583569405
FalsePremise,FIS stats only,hamacher,2,8,0.3373454603771656,25,0.0,0.7975770332505103,0.871842836491071,0.6062322946175638
TriviaQA,FIS stats only,min/max,2,12,0.3373454603771656,37,0.0,0.6196532256444257,0.9050249981682724,0.9235127478753541
FalsePremise,FIS stats only,min/max,2,12,0.3373454603771656,37,0.0,0.7470167914286165,0.8405665955855088,0.7677053824362606
TriviaQA,FIS stats only,probability,2,12,0.3373454603771656,37,0.0,0.6174439096354593,0.9014165657859958,0.9093484419263456
FalsePremise,FIS stats only,probability,2,12,0.3373454603771656,37,0.0,0.7443144950701884,0.8288536751471703,0.6628895184135978
TriviaQA,FIS stats only,hamacher,2,12,0.3373454603771656,37,0.0,0.6190418787007299,0.9044473227330128,0.9036827195467422
FalsePremise,FIS stats only,hamacher,2,12,0.3373454603771656,37,0.0,0.7525202968965135,0.8424924371602266,0.6657223796033994
TriviaQA,FIS stats only,min/max,4,8,0.254885716595445,56,0.0,0.6122209115096825,0.903480152034747,0.9150141643059491
FalsePremise,FIS stats only,min/max,4,8,0.254885716595445,56,0.0,0.7914246601357875,0.8834093108157368,0.6912181303116147
TriviaQA,FIS stats only,probability,4,8,0.254885716595445,56,0.0,0.5805083651205043,0.8924161460284133,0.9036827195467422
FalsePremise,FIS stats only,probability,4,8,0.254885716595445,56,0.0,0.736385648946777,0.8400903751534715,0.7280453257790368
TriviaQA,FIS stats only,hamacher,4,8,0.254885716595445,56,1.0,,,
FalsePremise,FIS stats only,hamacher,4,8,0.254885716595445,56,1.0,,,
TriviaQA,FIS stats only,min/max,4,12,0.254885716595445,85,0.0,0.5976145988502085,0.8986483031452959,0.9065155807365439
FalsePremise,FIS stats only,min/max,4,12,0.254885716595445,85,0.0,0.7798202161837087,0.8758450141940622,0.7082152974504249
TriviaQA,FIS stats only,probability,4,12,0.254885716595445,85,0.0,0.580195516215045,0.892631483949379,0.9178470254957507
FalsePremise,FIS stats only,probability,4,12,0.254885716595445,85,0.0,0.7573116305569183,0.8523825915893892,0.7507082152974505
TriviaQA,FIS stats only,hamacher,4,12,0.254885716595445,85,1.0,,,
FalsePremise,FIS stats only,hamacher,4,12,0.254885716595445,85,1.0,,,
TriviaQA,FIS stats only,min/max,8,8,0.191227809599594,92,0.0,0.6177316445232786,0.9051074406315002,0.9206798866855525
FalsePremise,FIS stats only,min/max,8,8,0.191227809599594,92,0.0,0.7206703910614526,0.8414457773866955,0.8951841359773371
TriviaQA,FIS stats only,probability,8,8,0.191227809599594,92,0.0,0.6093564784119904,0.9017578414369858,0.9291784702549575
FalsePremise,FIS stats only,probability,8,8,0.191227809599594,92,0.0,0.7136396727174894,0.8250504756255177,0.8838526912181303
TriviaQA,FIS stats only,hamacher,8,8,0.191227809599594,92,1.0,,,
FalsePremise,FIS stats only,hamacher,8,8,0.191227809599594,92,1.0,,,
TriviaQA,FIS stats only,min/max,8,12,0.191227809599594,139,0.0,0.6061906771026173,0.8970571068380979,0.9150141643059491
FalsePremise,FIS stats only,min/max,8,12,0.191227809599594,139,0.0,0.6772793454349787,0.7996833774172913,0.8611898016997167
TriviaQA,FIS stats only,probability,8,12,0.191227809599594,139,0.0,0.6146562536774097,0.8993494416004707,0.9150141643059491
FalsePremise,FIS stats only,probability,8,12,0.191227809599594,139,0.0,0.6905930017250383,0.8064181458863664,0.8158640226628895
TriviaQA,FIS stats only,hamacher,8,12,0.191227809599594,139,1.0,,,
FalsePremise,FIS stats only,hamacher,8,12,0.191227809599594,139,1.0,,,
TriviaQA,FIS stats only,min/max,16,8,0.18310893779564533,157,0.0,0.6036405279971069,0.898381240908378,0.9093484419263456
FalsePremise,FIS stats only,min/max,16,8,0.18310893779564533,157,0.0,0.6960767246427271,0.81001761674247,0.7988668555240793
TriviaQA,FIS stats only,probability,16,8,0.18310893779564533,157,0.0,0.5955179371489419,0.8956614114640905,0.9121813031161473
FalsePremise,FIS stats only,probability,16,8,0.18310893779564533,157,0.0,0.6718193615775397,0.7949040705493535,0.8243626062322946
TriviaQA,FIS stats only,hamacher,16,8,0.18310893779564533,157,1.0,,,
FalsePremise,FIS stats only,hamacher,16,8,0.18310893779564533,157,1.0,,,
TriviaQA,FIS stats only,min/max,16,12,0.18310893779564533,240,0.0,0.6185123317002047,0.9036941082350459,0.9178470254957507
FalsePremise,FIS stats only,min/max,16,12,0.18310893779564533,240,0.0,0.7091450773102062,0.8221063298006156,0.8611898016997167
TriviaQA,FIS stats only,probability,16,12,0.18310893779564533,240,0.0,0.60039723200473,0.8975408741077702,0.9263456090651558
FalsePremise,FIS stats only,probability,16,12,0.18310893779564533,240,0.0,0.6738648772690584,0.8015427418515956,0.8356940509915014
TriviaQA,FIS stats only,hamacher,16,12,0.18310893779564533,240,1.0,,,
FalsePremise,FIS stats only,hamacher,16,12,0.18310893779564533,240,1.0,,,
TriviaQA,FIS hidden only,min/max,3,8,0.01697886362671852,30,0.0,0.521391402682464,0.8711671601790809,0.9546742209631728
FalsePremise,FIS hidden only,min/max,3,8,0.01697886362671852,30,0.0,0.7170818364537008,0.7867732326272252,0.5269121813031161
TriviaQA,FIS hidden only,probability,3,8,0.01697886362671852,30,0.0,0.5322636196905379,0.8744930235306284,0.9518413597733711
FalsePremise,FIS hidden only,probability,3,8,0.01697886362671852,30,0.0,0.7924810483169006,0.8498218389141656,0.6940509915014165
TriviaQA,FIS hidden only,hamacher,3,8,0.01697886362671852,30,0.0,0.5281578365780644,0.8735805142138137,0.943342776203966
FalsePremise,FIS hidden only,hamacher,3,8,0.01697886362671852,30,0.0,0.7673572095525979,0.8245974507756922,0.5949008498583569
TriviaQA,FIS hidden only,min/max,3,12,0.01697886362671852,44,0.0,0.5364971255212952,0.8684585123088253,0.9575070821529745
FalsePremise,FIS hidden only,min/max,3,12,0.01697886362671852,44,0.0,0.7090382515390823,0.8376343415177463,0.6458923512747875
TriviaQA,FIS hidden only,probability,3,12,0.01697886362671852,44,0.0,0.5466073114798327,0.8726326708721034,0.9660056657223796
FalsePremise,FIS hidden only,probability,3,12,0.01697886362671852,44,0.0,0.7549693766122778,0.8774153851409503,0.8923512747875354
TriviaQA,FIS hidden only,hamacher,3,12,0.01697886362671852,44,0.0,0.5431114402243328,0.8702046653163832,0.9603399433427762
FalsePremise,FIS hidden only,hamacher,3,12,0.01697886362671852,44,0.0,0.7348149144602529,0.8539860115167636,0.7620396600566572
TriviaQA,FIS hidden only,min/max,3,24,0.01697886362671852,83,0.0,0.5692773764318578,0.8786191595605919,0.9263456090651558
FalsePremise,FIS hidden only,min/max,3,24,0.01697886362671852,83,0.0,0.6500822954088658,0.835818398820411,0.8696883852691218
TriviaQA,FIS hidden only,probability,3,24,0.01697886362671852,83,0.0,0.5772363673936816,0.8797629230311073,0.9405099150141643
FalsePremise,FIS hidden only,probability,3,24,0.01697886362671852,83,0.0,0.6829213287543323,0.8496586840203462,0.9008498583569405
TriviaQA,FIS hidden only,hamacher,3,24,0.01697886362671852,83,0.0,0.5764685959972562,0.8801154370733281,0.9320113314447592
FalsePremise,FIS hidden only,hamacher,3,24,0.01697886362671852,83,0.0,0.6656392928925254,0.8390459397160239,0.8696883852691218
TriviaQA,FIS hidden only,min/max,3,48,0.01697886362671852,172,0.0,0.5677346582053954,0.8776734568255312,0.9376770538243626
FalsePremise,FIS hidden only,min/max,3,48,0.01697886362671852,172,0.0,0.66582129235444,0.8408068934805673,0.9263456090651558
TriviaQA,FIS hidden only,probability,3,48,0.01697886362671852,172,0.0,0.5830678422897096,0.8767789658576914,0.8895184135977338
FalsePremise,FIS hidden only,probability,3,48,0.01697886362671852,172,0.0,0.6747333312231947,0.8290267199847201,0.9065155807365439
TriviaQA,FIS hidden only,hamacher,3,48,0.01697886362671852,172,0.0,0.5800304812419814,0.8804919916749456,0.9036827195467422
FalsePremise,FIS hidden only,hamacher,3,48,0.01697886362671852,172,0.0,0.6703238007818064,0.8448800353158938,0.886685552407932
TriviaQA,FIS hidden only,min/max,2,8,0.011180460453033447,19,0.0,0.5798998883502531,0.884457852317917,0.9178470254957507
FalsePremise,FIS hidden only,min/max,2,8,0.011180460453033447,19,0.0,0.705342871160207,0.834035839038922,0.6430594900849859
TriviaQA,FIS hidden only,probability,2,8,0.011180460453033447,19,0.0,0.5806088211910646,0.8852754832990299,0.9206798866855525
FalsePremise,FIS hidden only,probability,2,8,0.011180460453033447,19,0.0,0.7766985297608685,0.8684187538073195,0.5750708215297451
TriviaQA,FIS hidden only,hamacher,2,8,0.011180460453033447,19,0.0,0.5807996877251292,0.8852621257783588,0.9263456090651558
FalsePremise,FIS hidden only,hamacher,2,8,0.011180460453033447,19,0.0,0.7469337047177425,0.8534724854783919,0.6373937677053825
TriviaQA,FIS hidden only,min/max,2,12,0.011180460453033447,29,0.0,0.5666095502151195,0.8829636120908133,0.9235127478753541
FalsePremise,FIS hidden only,min/max,2,12,0.011180460453033447,29,0.0,0.6041195182553373,0.7901844140774577,0.8158640226628895
TriviaQA,FIS hidden only,probability,2,12,0.011180460453033447,29,0.0,0.5738251662547968,0.8867306661123159,0.943342776203966
FalsePremise,FIS hidden only,probability,2,12,0.011180460453033447,29,0.0,0.7206941301217022,0.847524251077389,0.7648725212464589
TriviaQA,FIS hidden only,hamacher,2,12,0.011180460453033447,29,0.0,0.5694007938899748,0.8843448415259219,0.9631728045325779
FalsePremise,FIS hidden only,hamacher,2,12,0.011180460453033447,29,0.0,0.6669647237564689,0.819684124520167,0.8243626062322946
TriviaQA,FIS hidden only,min/max,2,24,0.011180460453033447,58,0.0,0.5495478041738062,0.8734807771619026,0.9405099150141643
FalsePremise,FIS hidden only,min/max,2,24,0.011180460453033447,58,0.0,0.6280959691075696,0.8308159708690313,0.9093484419263456
TriviaQA,FIS hidden only,probability,2,24,0.011180460453033447,58,0.0,0.556578294026308,0.8754069017519386,0.9376770538243626
FalsePremise,FIS hidden only,probability,2,24,0.011180460453033447,58,0.0,0.6933783847943407,0.850260499941379,0.8243626062322946
TriviaQA,FIS hidden only,hamacher,2,24,0.011180460453033447,58,0.0,0.5551102003094047,0.8754503221124708,0.9291784702549575
FalsePremise,FIS hidden only,hamacher,2,24,0.011180460453033447,58,0.0,0.6657263361134411,0.8406342855367834,0.8696883852691218
TriviaQA,FIS hidden only,min/max,2,48,0.011180460453033447,116,0.0,0.5698255795597729,0.8819685679455251,0.9348441926345609
FalsePremise,FIS hidden only,min/max,2,48,0.011180460453033447,116,0.0,0.6616630003006947,0.848797331183019,0.9801699716713881
TriviaQA,FIS hidden only,probability,2,48,0.011180460453033447,116,0.0,0.578779085620144,0.8791221913310627,0.9036827195467422
FalsePremise,FIS hidden only,probability,2,48,0.011180460453033447,116,0.0,0.6856790162533432,0.8417020676343349,0.8923512747875354
TriviaQA,FIS hidden only,hamacher,2,48,0.011180460453033447,116,0.0,0.5808542210205763,0.8845561345902376,0.9036827195467422
FalsePremise,FIS hidden only,hamacher,2,48,0.011180460453033447,116,0.0,0.6693979774320666,0.8507253339108642,0.9121813031161473
TriviaQA,FIS hidden only,min/max,4,8,0.013009587302803993,42,0.0,0.546914420038403,0.8772212002004882,0.9235127478753541
FalsePremise,FIS hidden only,min/max,4,8,0.013009587302803993,42,0.0,0.6867156218842483,0.7477559091474314,0.6062322946175638
TriviaQA,FIS hidden only,probability,4,8,0.013009587302803993,42,0.0,0.5453229088633826,0.8773426585573163,0.9320113314447592
FalsePremise,FIS hidden only,probability,4,8,0.013009587302803993,42,0.0,0.7567498061310081,0.7821605587776119,0.6260623229461756
TriviaQA,FIS hidden only,hamacher,4,8,0.013009587302803993,42,0.0,0.5502596071880623,0.8780004227230089,0.943342776203966
FalsePremise,FIS hidden only,hamacher,4,8,0.013009587302803993,42,0.0,0.7325834427967779,0.7522986373332392,0.5750708215297451
TriviaQA,FIS hidden only,min/max,4,12,0.013009587302803993,59,0.0,0.5642158255623387,0.8805331190311829,0.9575070821529745
FalsePremise,FIS hidden only,min/max,4,12,0.013009587302803993,59,0.0,0.6859836675265482,0.8271795331668913,0.7450424929178471
TriviaQA,FIS hidden only,probability,4,12,0.013009587302803993,59,0.0,0.5700968109502857,0.881928599837629,0.9376770538243626
FalsePremise,FIS hidden only,probability,4,12,0.013009587302803993,59,0.0,0.7384984253090033,0.855928216057639,0.8328611898016998
TriviaQA,FIS hidden only,hamacher,4,12,0.013009587302803993,59,0.0,0.5718978447867604,0.8831667503490709,0.9518413597733711
FalsePremise,FIS hidden only,hamacher,4,12,0.013009587302803993,59,0.0,0.7058057828350769,0.8375469159000769,0.8441926345609065
TriviaQA,FIS hidden only,min/max,4,24,0.013009587302803993,116,0.0,0.5739887661411379,0.8793894323559241,0.9263456090651558
FalsePremise,FIS hidden only,min/max,4,24,0.013009587302803993,116,0.0,0.6605314384287906,0.8426897069167805,0.8753541076487252
TriviaQA,FIS hidden only,probability,4,24,0.013009587302803993,116,0.0,0.5737103593170135,0.879591857550323,0.9008498583569405
FalsePremise,FIS hidden only,probability,4,24,0.013009587302803993,116,0.0,0.722446864070141,0.8616505872153561,0.9121813031161473
TriviaQA,FIS hidden only,hamacher,4,24,0.013009587302803993,116,0.0,0.5756950842539414,0.8807925243338716,0.9036827195467422
FalsePremise,FIS hidden only,hamacher,4,24,0.013009587302803993,116,0.0,0.6914238688337792,0.8548317767450048,0.9150141643059491
TriviaQA,FIS hidden only,min/max,4,48,0.013009587302803993,231,0.0,0.5605965368487218,0.8751140854721222,0.9291784702549575
FalsePremise,FIS hidden only,min/max,4,48,0.013009587302803993,231,0.0,0.6783159510658838,0.8450533010495112,0.9773371104815864
TriviaQA,FIS hidden only,probability,4,48,0.013009587302803993,231,0.0,0.5703048985250179,0.8749323799185034,0.9206798866855525
FalsePremise,FIS hidden only,probability,4,48,0.013009587302803993,231,0.0,0.7109472676341653,0.8479961018989913,0.9518413597733711
TriviaQA,FIS hidden only,hamacher,4,48,0.013009587302803993,231,0.0,0.569204187009021,0.8779932412152018,0.9206798866855525
FalsePremise,FIS hidden only,hamacher,4,48,0.013009587302803993,231,0.0,0.6925910392960577,0.8527192293376864,0.9773371104815864
TriviaQA,FIS hidden only,min/max,8,8,-0.007572245318442583,84,0.0,0.5218764619945984,0.8637979797217333,0.9603399433427762
FalsePremise,FIS hidden only,min/max,8,8,-0.007572245318442583,84,0.0,0.6205311219079874,0.7243368001345674,0.7393767705382436
TriviaQA,FIS hidden only,probability,8,8,-0.007572245318442583,84,0.0,0.5202820806461335,0.8660177276644989,0.9631728045325779
FalsePremise,FIS hidden only,probability,8,8,-0.007572245318442583,84,0.0,0.640040672923228,0.7325529678221459,0.7903682719546742
TriviaQA,FIS hidden only,hamacher,8,8,-0.007572245318442583,84,0.0,0.520645157586873,0.8639501497357785,0.9660056657223796
FalsePremise,FIS hidden only,hamacher,8,8,-0.007572245318442583,84,0.0,0.6850578441768085,0.746088056735071,0.71671388101983
TriviaQA,FIS hidden only,min/max,8,12,-0.007572245318442583,119,0.0,0.5465427325773297,0.8721846484445588,0.9546742209631728
FalsePremise,FIS hidden only,min/max,8,12,-0.007572245318442583,119,0.0,0.6220899868643868,0.7262541406225329,0.7478753541076487
TriviaQA,FIS hidden only,probability,8,12,-0.007572245318442583,119,0.0,0.5365358728627971,0.8696923993041685,0.9575070821529745
FalsePremise,FIS hidden only,probability,8,12,-0.007572245318442583,119,0.0,0.705342871160207,0.7920098680548927,0.8725212464589235
TriviaQA,FIS hidden only,hamacher,8,12,-0.007572245318442583,119,0.0,0.5413936414177509,0.8705875536932924,0.9575070821529745
FalsePremise,FIS hidden only,hamacher,8,12,-0.007572245318442583,119,0.0,0.6763851741655721,0.7578157205846229,0.8696883852691218
TriviaQA,FIS hidden only,min/max,8,24,-0.007572245318442583,222,0.0,0.553556001389164,0.8734025713113815,0.9093484419263456
FalsePremise,FIS hidden only,min/max,8,24,-0.007572245318442583,222,0.0,0.5881075221168911,0.8000669285969959,0.9065155807365439
TriviaQA,FIS hidden only,probability,8,24,-0.007572245318442583,222,0.0,0.5518439429294713,0.8731610074232589,0.9405099150141643
FalsePremise,FIS hidden only,probability,8,24,-0.007572245318442583,222,0.0,0.6676215044233782,0.8380014753985479,0.9178470254957507
TriviaQA,FIS hidden only,hamacher,8,24,-0.007572245318442583,222,0.0,0.5534239734107133,0.8734102103854746,0.9376770538243626
FalsePremise,FIS hidden only,hamacher,8,24,-0.007572245318442583,222,0.0,0.6593523984363873,0.8285986229808242,0.9376770538243626
TriviaQA,FIS hidden only,min/max,8,48,-0.007572245318442583,430,0.0,0.5615035116572095,0.8725832236374446,0.9093484419263456
FalsePremise,FIS hidden only,min/max,8,48,-0.007572245318442583,430,0.0,0.7222015604475605,0.8712303709813477,0.9716713881019831
TriviaQA,FIS hidden only,probability,8,48,-0.007572245318442583,430,0.0,0.5641749255907534,0.8709284550724212,0.9178470254957507
FalsePremise,FIS hidden only,probability,8,48,-0.007572245318442583,430,0.0,0.7669576020383939,0.8702693504633143,0.8753541076487252
TriviaQA,FIS hidden only,hamacher,8,48,-0.007572245318442583,430,0.0,0.5613427819443129,0.8726663175973054,0.9121813031161473
FalsePremise,FIS hidden only,hamacher,8,48,-0.007572245318442583,430,0.0,0.7480138319591055,0.8823724523087536,0.9320113314447592
TriviaQA,FIS hidden only,min/max,16,8,0.009307924658060074,184,0.0,0.540772248866999,0.8727795487993628,0.9490084985835694
FalsePremise,FIS hidden only,min/max,16,8,0.009307924658060074,184,0.0,0.7032696598983967,0.8326984819539015,0.773371104815864
TriviaQA,FIS hidden only,probability,16,8,0.009307924658060074,184,0.0,0.5386569310383427,0.8724256035678751,0.9461756373937678
FalsePremise,FIS hidden only,probability,16,8,0.009307924658060074,184,0.0,0.707166822289395,0.8431548465303917,0.7790368271954674
TriviaQA,FIS hidden only,hamacher,16,8,0.009307924658060074,184,1.0,,,
FalsePremise,FIS hidden only,hamacher,16,8,0.009307924658060074,184,1.0,,,
TriviaQA,FIS hidden only,min/max,16,12,0.009307924658060074,268,0.0,0.5483136295926363,0.8727871279672301,0.9376770538243626
FalsePremise,FIS hidden only,min/max,16,12,0.009307924658060074,268,0.0,0.6385886337379525,0.8131575778053386,0.8895184135977338
TriviaQA,FIS hidden only,probability,16,12,0.009307924658060074,268,0.0,0.5503170106569539,0.8753920438897312,0.9235127478753541
FalsePremise,FIS hidden only,probability,16,12,0.009307924658060074,268,0.0,0.6746126576669251,0.8236901712231006,0.8583569405099151
TriviaQA,FIS hidden only,hamacher,16,12,0.009307924658060074,268,1.0,,,
FalsePremise,FIS hidden only,hamacher,16,12,0.009307924658060074,268,1.0,,,
TriviaQA,FIS hidden only,min/max,16,24,0.009307924658060074,527,0.0,0.5793889974771175,0.8811750519172352,0.9121813031161473
FalsePremise,FIS hidden only,min/max,16,24,0.009307924658060074,527,0.0,0.6210889898238562,0.8047140539221134,0.8526912181303116
TriviaQA,FIS hidden only,probability,16,24,0.009307924658060074,527,0.0,0.5777745249145405,0.8827842702495683,0.9206798866855525
FalsePremise,FIS hidden only,probability,16,24,0.009307924658060074,527,0.0,0.7514243436149841,0.8688305307869189,0.7705382436260623
TriviaQA,FIS hidden only,hamacher,16,24,0.009307924658060074,527,1.0,,,
FalsePremise,FIS hidden only,hamacher,16,24,0.009307924658060074,527,1.0,,,
TriviaQA,FIS hidden only,min/max,16,48,0.009307924658060074,1044,0.0,0.581287617210708,0.8815610322854899,0.9150141643059491
FalsePremise,FIS hidden only,min/max,16,48,0.009307924658060074,1044,0.0,0.7383915995378796,0.8759446391311425,0.9546742209631728
TriviaQA,FIS hidden only,probability,16,48,0.009307924658060074,1044,0.0,0.5814275381661314,0.8791923934709907,0.9008498583569405
FalsePremise,FIS hidden only,probability,16,48,0.009307924658060074,1044,0.0,0.7596578410116005,0.8695218623176153,0.8838526912181303
TriviaQA,FIS hidden only,hamacher,16,48,0.009307924658060074,1044,1.0,,,
FalsePremise,FIS hidden only,hamacher,16,48,0.009307924658060074,1044,1.0,,,
