seed,condition,detector,whitened,auroc,fpr95,n_neg,n_pos,train_ms,n_params,structure,samples_per_sec
0,length+template,FIS · stats,False,0.8930087143503848,0.4148936170212766,188,188,1039.9043000070378,79,4R/39MF/6ant,422424.44836757786
0,length+template,Mahalanobis · stats,False,0.8509223630602082,0.6063829787234043,188,188,1.2166999949840829,209,19f full cov,540929.3545189621
0,length+template,OneClassSVM · stats,False,0.7921570846536894,0.8138297872340425,188,188,1.2311000027693808,981,49SV,241072.00072251094
0,length+template,IsolationForest · stats,False,0.8518277501131735,0.4787234042553192,188,188,103.12139999587089,11804,100 trees,85780.11982347023
0,length+template,mean entropy,False,0.8583352195563603,0.5957446808510638,188,188,0.0,0,threshold,1624190.050949052
0,length+template,perplexity,False,0.844895880488909,0.5425531914893617,188,188,0.0,0,threshold,1788772.5987530213
0,length+template,n_tokens (control),False,0.5,0.9468085106382979,188,188,0.0,0,threshold,1940144.5650047897
0,length+template+entropy,FIS · stats,False,0.7983888408304498,1.0,136,136,1039.9043000070378,79,4R/39MF/6ant,371179.0360002028
0,length+template+entropy,Mahalanobis · stats,False,0.7549740484429066,0.8382352941176471,136,136,1.2166999949840829,209,19f full cov,651185.0708632296
0,length+template+entropy,OneClassSVM · stats,False,0.6870134083044982,0.9044117647058824,136,136,1.2311000027693808,981,49SV,308110.55763526034
0,length+template+entropy,IsolationForest · stats,False,0.693609429065744,0.9338235294117647,136,136,103.12139999587089,11804,100 trees,74680.13842798835
0,length+template+entropy,mean entropy,False,0.5830990484429066,0.7941176470588235,136,136,0.0,0,threshold,1753707.2595846783
0,length+template+entropy,perplexity,False,0.5571474913494809,0.7867647058823529,136,136,0.0,0,threshold,1931818.246592547
0,length+template+entropy,n_tokens (control),False,0.5,0.9705882352941176,136,136,0.0,0,threshold,1991215.1255743932
1,length+template,FIS · stats,False,0.8965075996379639,0.49162011173184356,179,179,1046.7538999946555,77,4R/38MF/6ant,517864.8951491244
1,length+template,Mahalanobis · stats,False,0.8569020941918167,0.4972067039106145,179,179,1.6280999989248812,209,19f full cov,594585.6161843786
1,length+template,OneClassSVM · stats,False,0.8117724165912424,0.7150837988826816,179,179,1.436999998986721,861,43SV,250875.96433322507
1,length+template,IsolationForest · stats,False,0.8539995630598296,0.5865921787709497,179,179,109.41350000211969,11166,100 trees,60098.37331038087
1,length+template,mean entropy,False,0.8605536656159295,0.5977653631284916,179,179,0.0,0,threshold,1202552.918794935
1,length+template,perplexity,False,0.8501295215505134,0.6033519553072626,179,179,0.0,0,threshold,1576398.0793706703
1,length+template,n_tokens (control),False,0.5,0.9497206703910615,179,179,0.0,0,threshold,1909333.3167367512
1,length+template+entropy,FIS · stats,False,0.8347873799725651,1.0,135,135,1046.7538999946555,77,4R/38MF/6ant,413983.4381427472
1,length+template+entropy,Mahalanobis · stats,False,0.8177777777777778,0.7037037037037037,135,135,1.6280999989248812,209,19f full cov,660954.7181698314
1,length+template+entropy,OneClassSVM · stats,False,0.7277366255144033,0.8592592592592593,135,135,1.436999998986721,861,43SV,348927.3720589424
1,length+template+entropy,IsolationForest · stats,False,0.7290534979423868,0.8222222222222222,135,135,109.41350000211969,11166,100 trees,86483.02344871468
1,length+template+entropy,mean entropy,False,0.6165157750342936,0.7037037037037037,135,135,0.0,0,threshold,1956521.9020282736
1,length+template+entropy,perplexity,False,0.599122085048011,0.7407407407407407,135,135,0.0,0,threshold,2136075.9147985377
1,length+template+entropy,n_tokens (control),False,0.5,0.9555555555555556,135,135,0.0,0,threshold,2112676.0868555782
2,length+template,FIS · stats,False,0.8334554036458334,0.71875,192,192,2005.5792999919504,173,4R/86MF/12ant,152229.92980464187
2,length+template,Mahalanobis · stats,False,0.8307291666666667,0.65625,192,192,1.562799996463582,209,19f full cov,663556.2498822608
2,length+template,OneClassSVM · stats,False,0.7635633680555556,0.9010416666666666,192,192,1.519799989182502,861,43SV,259074.34746067855
2,length+template,IsolationForest · stats,False,0.8276909722222222,0.7083333333333334,192,192,88.659999993979,11954,100 trees,88507.81351119267
2,length+template,mean entropy,False,0.8252224392361112,0.5729166666666666,192,192,0.0,0,threshold,2108731.417969753
2,length+template,perplexity,False,0.8120930989583334,0.5989583333333334,192,192,0.0,0,threshold,3014128.499869444
2,length+template,n_tokens (control),False,0.5,0.953125,192,192,0.0,0,threshold,3094278.8302492695
2,length+template+entropy,FIS · stats,False,0.7419922734608049,0.7972027972027972,143,143,2005.5792999919504,173,4R/86MF/12ant,180760.96589635144
2,length+template+entropy,Mahalanobis · stats,False,0.7779353513619248,0.6853146853146853,143,143,1.562799996463582,209,19f full cov,532390.1698534106
2,length+template+entropy,OneClassSVM · stats,False,0.6781749718812655,0.9020979020979021,143,143,1.519799989182502,861,43SV,344578.31138552714
2,length+template+entropy,IsolationForest · stats,False,0.7286908895300503,0.8951048951048951,143,143,88.659999993979,11954,100 trees,90549.31149489763
2,length+template+entropy,mean entropy,False,0.58433175216392,0.7412587412587412,143,143,0.0,0,threshold,1889035.6267685646
2,length+template+entropy,perplexity,False,0.5701990317374932,0.7272727272727273,143,143,0.0,0,threshold,2417582.446686973
2,length+template+entropy,n_tokens (control),False,0.5,0.9790209790209791,143,143,0.0,0,threshold,2499999.726069893
3,length+template,FIS · stats,False,0.8693302278360057,0.5136612021857924,183,183,1006.9480000092881,65,3R/32MF/8ant,397135.4151610556
3,length+template,Mahalanobis · stats,False,0.8699274388605214,0.5355191256830601,183,183,1.5565000066999346,209,19f full cov,794788.2745431006
3,length+template,OneClassSVM · stats,False,0.8192242228791542,0.7923497267759563,183,183,1.547100007883273,1021,51SV,250341.99723420048
3,length+template,IsolationForest · stats,False,0.854937442145182,0.5519125683060109,183,183,101.06020000239369,12192,100 trees,88697.1693840357
3,length+template,mean entropy,False,0.839230792200424,0.5519125683060109,183,183,0.0,0,threshold,1874039.9115422391
3,length+template,perplexity,False,0.824718564304697,0.546448087431694,183,183,0.0,0,threshold,2552301.245891139
3,length+template,n_tokens (control),False,0.5,0.9453551912568307,183,183,0.0,0,threshold,2561231.689344607
3,length+template+entropy,FIS · stats,False,0.7737694736297294,0.7769784172661871,139,139,1006.9480000092881,65,3R/32MF/8ant,313840.59345607704
3,length+template+entropy,Mahalanobis · stats,False,0.7622276279695669,0.8920863309352518,139,139,1.5565000066999346,209,19f full cov,658455.7099639914
3,length+template+entropy,OneClassSVM · stats,False,0.678122250401118,0.8992805755395683,139,139,1.547100007883273,1021,51SV,264107.9240129012
3,length+template+entropy,IsolationForest · stats,False,0.6817452512809896,0.9424460431654677,139,139,101.06020000239369,12192,100 trees,73008.03628013592
3,length+template+entropy,mean entropy,False,0.6069561616893535,0.7122302158273381,139,139,0.0,0,threshold,1842279.6624117664
3,length+template+entropy,perplexity,False,0.5855286993426841,0.7194244604316546,139,139,0.0,0,threshold,2122137.5112300245
3,length+template+entropy,n_tokens (control),False,0.5,0.9568345323741008,139,139,0.0,0,threshold,2213375.611039388
4,length+template,FIS · stats,True,0.8566487630208333,0.6302083333333334,192,192,1522.6799000083702,87,3R/43MF/12ant,463320.4659138415
4,length+template,Mahalanobis · stats,False,0.84326171875,0.5416666666666666,192,192,1.4722000050824136,209,19f full cov,917562.7244615192
4,length+template,OneClassSVM · stats,False,0.787136501736111,0.828125,192,192,1.3803000038024038,881,44SV,380537.1121372231
4,length+template,IsolationForest · stats,False,0.8115505642361112,0.6510416666666666,192,192,103.59000001335517,12236,100 trees,108474.57611308545
4,length+template,mean entropy,False,0.8415798611111112,0.5260416666666666,192,192,0.0,0,threshold,2287075.6688008322
4,length+template,perplexity,False,0.8304036458333334,0.5208333333333334,192,192,0.0,0,threshold,2621160.4985539964
4,length+template,n_tokens (control),False,0.5,0.9479166666666666,192,192,0.0,0,threshold,3026004.588568869
4,length+template+entropy,FIS · stats,True,0.7208315311418685,0.8970588235294118,136,136,1522.6799000083702,87,3R/43MF/12ant,334769.2298578793
4,length+template+entropy,Mahalanobis · stats,False,0.735996972318339,0.8529411764705882,136,136,1.4722000050824136,209,19f full cov,657640.2223442544
4,length+template+entropy,OneClassSVM · stats,False,0.644193339100346,0.9338235294117647,136,136,1.3803000038024038,881,44SV,326648.2542593405
4,length+template+entropy,IsolationForest · stats,False,0.651492214532872,0.9117647058823529,136,136,103.59000001335517,12236,100 trees,57307.79772882569
4,length+template+entropy,mean entropy,False,0.6168360726643598,0.7720588235294118,136,136,0.0,0,threshold,1326182.3198272502
4,length+template+entropy,perplexity,False,0.5954260380622837,0.7573529411764706,136,136,0.0,0,threshold,2342807.9973357837
4,length+template+entropy,n_tokens (control),False,0.5,0.9485294117647058,136,136,0.0,0,threshold,1575897.9882266072
5,length+template,FIS · stats,True,0.8935734072022161,0.4368421052631579,190,190,1639.1059999878053,107,2R/53MF/19ant,271370.42139522074
5,length+template,Mahalanobis · stats,False,0.861606648199446,0.5368421052631579,190,190,0.9072999964701012,209,19f full cov,685796.7886536135
5,length+template,OneClassSVM · stats,False,0.8396675900277011,0.6842105263157895,190,190,0.8153000089805573,981,49SV,290764.4047891423
5,length+template,IsolationForest · stats,False,0.8567867036011081,0.6105263157894737,190,190,106.01780000433791,11022,100 trees,86918.73108550585
5,length+template,mean entropy,False,0.8294736842105263,0.6684210526315789,190,190,0.0,0,threshold,1578073.0895130124
5,length+template,perplexity,False,0.8193905817174516,0.6473684210526316,190,190,0.0,0,threshold,1778193.7511392303
5,length+template,n_tokens (control),False,0.5000000000000001,0.9526315789473684,190,190,0.0,0,threshold,2300242.2435671855
5,length+template+entropy,FIS · stats,True,0.8012367878601816,0.7549668874172185,151,151,1639.1059999878053,107,2R/53MF/19ant,267872.9823321885
5,length+template+entropy,Mahalanobis · stats,False,0.7815885268189993,0.7086092715231788,151,151,0.9072999964701012,209,19f full cov,609239.4525189681
5,length+template+entropy,OneClassSVM · stats,False,0.7004955922985834,0.9337748344370861,151,151,0.8153000089805573,981,49SV,267659.30909049354
5,length+template+entropy,IsolationForest · stats,False,0.7104074382702513,0.9006622516556292,151,151,106.01780000433791,11022,100 trees,62847.27271911062
5,length+template+entropy,mean entropy,False,0.6011139862286742,0.7350993377483444,151,151,0.0,0,threshold,1287297.5470514724
5,length+template+entropy,perplexity,False,0.5874742335862462,0.7019867549668874,151,151,0.0,0,threshold,1828087.0956996274
5,length+template+entropy,n_tokens (control),False,0.5,0.9470198675496688,151,151,0.0,0,threshold,1778563.038141016
6,length+template,FIS · stats,False,0.8670083102493075,0.6368421052631579,190,190,1091.4326999918558,85,4R/42MF/6ant,380647.0979924479
6,length+template,Mahalanobis · stats,False,0.8029639889196675,0.7,190,190,1.6243999998550862,209,19f full cov,774246.1099920777
6,length+template,OneClassSVM · stats,False,0.7344321329639889,0.9263157894736842,190,190,1.5440999995917082,901,45SV,313298.7068337121
6,length+template,IsolationForest · stats,False,0.8027146814404432,0.7421052631578947,190,190,93.80260000762064,11698,100 trees,87936.50083270845
6,length+template,mean entropy,False,0.8275069252077563,0.7,190,190,0.0,0,threshold,1956745.6790986385
6,length+template,perplexity,False,0.8103047091412743,0.6842105263157895,190,190,0.0,0,threshold,2478799.6881618607
6,length+template,n_tokens (control),False,0.5,0.9473684210526315,190,190,0.0,0,threshold,2714285.9239188395
6,length+template+entropy,FIS · stats,False,0.8248325101471954,1.0,143,143,1091.4326999918558,85,4R/42MF/6ant,362806.04173255997
6,length+template+entropy,Mahalanobis · stats,False,0.7192527751968312,0.7692307692307693,143,143,1.6243999998550862,209,19f full cov,711619.7981971267
6,length+template+entropy,OneClassSVM · stats,False,0.648882585945523,0.9370629370629371,143,143,1.5440999995917082,901,45SV,319089.590530991
6,length+template+entropy,IsolationForest · stats,False,0.6683945425204166,0.8181818181818182,143,143,93.80260000762064,11698,100 trees,79647.9893265422
6,length+template+entropy,mean entropy,False,0.5822778619981417,0.8111888111888111,143,143,0.0,0,threshold,1938983.016139011
6,length+template+entropy,perplexity,False,0.5527409653283779,0.8041958041958042,143,143,0.0,0,threshold,1944255.613789201
6,length+template+entropy,n_tokens (control),False,0.5,0.972027972027972,143,143,0.0,0,threshold,2277070.1370470687
7,length+template,FIS · stats,False,0.8626540309806975,0.5854922279792746,193,193,1083.929000000353,81,4R/40MF/6ant,351196.43753985857
7,length+template,Mahalanobis · stats,False,0.812800343633386,0.6321243523316062,193,193,1.5152999985730276,209,19f full cov,928107.7303629091
7,length+template,OneClassSVM · stats,False,0.7292544766302451,0.8808290155440415,193,193,1.4396999904420227,941,47SV,354258.4427631213
7,length+template,IsolationForest · stats,False,0.790893715267524,0.7668393782383419,193,193,104.89119999692775,11122,100 trees,103051.49905626419
7,length+template,mean entropy,False,0.8488013101022847,0.5284974093264249,193,193,0.0,0,threshold,2085359.2888426275
7,length+template,perplexity,False,0.8313243308545196,0.5492227979274611,193,193,0.0,0,threshold,1680452.7438498044
7,length+template,n_tokens (control),False,0.5,0.9533678756476683,193,193,0.0,0,threshold,2059765.1985665509
7,length+template+entropy,FIS · stats,False,0.7767901234567901,1.0,135,135,1083.929000000353,81,4R/40MF/6ant,256094.0920068619
7,length+template+entropy,Mahalanobis · stats,False,0.7290534979423868,0.7925925925925926,135,135,1.5152999985730276,209,19f full cov,681818.1764929025
7,length+template+entropy,OneClassSVM · stats,False,0.6003840877914952,0.9333333333333333,135,135,1.4396999904420227,941,47SV,315568.01865829
7,length+template+entropy,IsolationForest · stats,False,0.6610150891632374,0.9111111111111111,135,135,104.89119999692775,11122,100 trees,78331.25395920571
7,length+template+entropy,mean entropy,False,0.6168998628257888,0.7407407407407407,135,135,0.0,0,threshold,1732991.0910817303
7,length+template+entropy,perplexity,False,0.5926474622770919,0.762962962962963,135,135,0.0,0,threshold,2019446.310972328
7,length+template+entropy,n_tokens (control),False,0.5,0.9851851851851852,135,135,0.0,0,threshold,2216748.839039086
