features,K,top_n,silhouette,detector,family,mfs,auroc,auprc,fpr@95tpr
stats,1,8,,Mahalanobis,TriviaQA,22,0.6957443938337193,0.9293415634537949,0.9036827195467422
stats,1,8,,Mahalanobis,FalsePremise,22,0.8649247471790082,0.9190224704786827,0.509915014164306
stats,1,8,,FIS T=product/S=product,TriviaQA,22,0.5957274598103963,0.8947230934045146,0.9461756373937678
stats,1,8,,FIS T=product/S=product,FalsePremise,22,0.6309446563375377,0.7743110924136778,0.8441926345609065
stats,1,8,,FIS T=hamacher/S=hamacher,TriviaQA,22,0.6012676121017992,0.8999017977131216,0.9405099150141643
stats,1,8,,FIS T=hamacher/S=hamacher,FalsePremise,22,0.6363452925443525,0.7895698738806876,0.8753541076487252
stats,1,8,,FIS T=dombi2/S=einstein,TriviaQA,22,0.6055161863431407,0.901320202552234,1.0
stats,1,8,,FIS T=dombi2/S=einstein,FalsePremise,22,0.6563434725497334,0.8011910803074347,1.0
stats,1,16,,Mahalanobis,TriviaQA,44,0.6484539810740764,0.9166480801298633,0.9093484419263456
stats,1,16,,Mahalanobis,FalsePremise,44,0.8374665674901483,0.8969594800805499,0.5977337110481586
stats,1,16,,FIS T=product/S=product,TriviaQA,44,0.6035580105105752,0.8953111843874619,0.8895184135977338
stats,1,16,,FIS T=product/S=product,FalsePremise,44,0.6535620459904727,0.7855453452300992,0.8583569405099151
stats,1,16,,FIS T=hamacher/S=hamacher,TriviaQA,44,0.6120429607561185,0.9014575551061292,0.8951841359773371
stats,1,16,,FIS T=hamacher/S=hamacher,FalsePremise,44,0.6649706426954911,0.8054327459280588,0.8640226628895185
stats,1,16,,FIS T=dombi2/S=einstein,TriviaQA,44,0.6210352141579916,0.9045118159015613,0.8810198300283286
stats,1,16,,FIS T=dombi2/S=einstein,FalsePremise,44,0.6876651842942377,0.8171201491862458,0.8668555240793201
stats,2,8,0.3399512378560523,Mahalanobis,TriviaQA,25,0.6550726010372806,0.9199949746901279,0.9150141643059491
stats,2,8,0.3399512378560523,Mahalanobis,FalsePremise,25,0.838748476743634,0.9022480820388885,0.5779036827195467
stats,2,8,0.3399512378560523,FIS T=product/S=product,TriviaQA,25,0.6042734012416371,0.8953061252500956,0.9291784702549575
stats,2,8,0.3399512378560523,FIS T=product/S=product,FalsePremise,25,0.7309217085792964,0.8140133427776437,0.6572237960339944
stats,2,8,0.3399512378560523,FIS T=hamacher/S=hamacher,TriviaQA,25,0.6059546053368005,0.8988413027925296,0.9263456090651558
stats,2,8,0.3399512378560523,FIS T=hamacher/S=hamacher,FalsePremise,25,0.7438416921202146,0.8345890912405453,0.6572237960339944
stats,2,8,0.3399512378560523,FIS T=dombi2/S=einstein,TriviaQA,25,0.6075109568871249,0.897136388671165,1.0
stats,2,8,0.3399512378560523,FIS T=dombi2/S=einstein,FalsePremise,25,0.747444094513112,0.8379499028454338,1.0
stats,2,16,0.3394582245835584,Mahalanobis,TriviaQA,61,0.6381586689283634,0.9144894524259556,0.9150141643059491
stats,2,16,0.3394582245835584,Mahalanobis,FalsePremise,61,0.814392200927406,0.8868133738855409,0.7082152974504249
stats,2,16,0.3394582245835584,FIS T=product/S=product,TriviaQA,61,0.6170550011337185,0.9003091257754998,0.9093484419263456
stats,2,16,0.3394582245835584,FIS T=product/S=product,FalsePremise,61,0.7385083165841075,0.8210753575658432,0.6543909348441926
stats,2,16,0.3394582245835584,FIS T=hamacher/S=hamacher,TriviaQA,61,0.6183645177678088,0.903699769952917,0.9150141643059491
stats,2,16,0.3394582245835584,FIS T=hamacher/S=hamacher,FalsePremise,61,0.7588269739028597,0.8442620438287488,0.660056657223796
stats,2,16,0.3394582245835584,FIS T=dombi2/S=einstein,TriviaQA,61,0.6211988140443327,0.9051999942950402,0.9036827195467422
stats,2,16,0.3394582245835584,FIS T=dombi2/S=einstein,FalsePremise,61,0.7617112697232026,0.8465170160221138,0.660056657223796
stats,4,8,0.26092380566462264,Mahalanobis,TriviaQA,46,0.655251986877567,0.9199945787547011,0.9405099150141643
stats,4,8,0.26092380566462264,Mahalanobis,FalsePremise,46,0.8452648487821861,0.9052463802922156,0.5439093484419264
stats,4,8,0.26092380566462264,FIS T=product/S=product,TriviaQA,46,0.5966638538966911,0.8946178612926057,0.9320113314447592
stats,4,8,0.26092380566462264,FIS T=product/S=product,FalsePremise,46,0.7457962080807761,0.8407049558559633,0.7280453257790368
stats,4,8,0.26092380566462264,FIS T=hamacher/S=hamacher,TriviaQA,46,0.5994902571962424,0.8960991820125774,0.9348441926345609
stats,4,8,0.26092380566462264,FIS T=hamacher/S=hamacher,FalsePremise,46,0.7476063114248185,0.8403455775074946,0.7478753541076487
stats,4,8,0.26092380566462264,FIS T=dombi2/S=einstein,TriviaQA,46,0.596254136637477,0.8929356700382676,1.0
stats,4,8,0.26092380566462264,FIS T=dombi2/S=einstein,FalsePremise,46,0.7298732334182664,0.8300821565682062,1.0
stats,4,16,0.23289369719099037,Mahalanobis,TriviaQA,91,0.6452781341576472,0.9156761182064865,0.9178470254957507
stats,4,16,0.23289369719099037,Mahalanobis,FalsePremise,91,0.8043861870321425,0.8803940283250709,0.6543909348441926
stats,4,16,0.23289369719099037,FIS T=product/S=product,TriviaQA,91,0.5981398405905669,0.8927888458325859,0.9121813031161473
stats,4,16,0.23289369719099037,FIS T=product/S=product,FalsePremise,91,0.7180749204741481,0.8149136096679258,0.7818696883852692
stats,4,16,0.23289369719099037,FIS T=hamacher/S=hamacher,TriviaQA,91,0.6039268277982038,0.8970944813255992,0.9036827195467422
stats,4,16,0.23289369719099037,FIS T=hamacher/S=hamacher,FalsePremise,91,0.7377941665215948,0.8307357508143434,0.7450424929178471
stats,4,16,0.23289369719099037,FIS T=dombi2/S=einstein,TriviaQA,91,0.5980652160810078,0.8961490566793808,0.9150141643059491
stats,4,16,0.23289369719099037,FIS T=dombi2/S=einstein,FalsePremise,91,0.7227376675582002,0.8267893434479874,0.7960339943342776
stats,8,8,0.2187698693094421,Mahalanobis,TriviaQA,78,0.6663236809400392,0.9227509628935422,0.8980169971671388
stats,8,8,0.2187698693094421,Mahalanobis,FalsePremise,78,0.8456407172361404,0.9066510228147902,0.6090651558073654
stats,8,8,0.2187698693094421,FIS T=product/S=product,TriviaQA,78,0.5992950854020108,0.8969161111132247,0.9348441926345609
stats,8,8,0.2187698693094421,FIS T=product/S=product,FalsePremise,78,0.6826127209710858,0.8176877079764424,0.9008498583569405
stats,8,8,0.2187698693094421,FIS T=hamacher/S=hamacher,TriviaQA,78,0.6003470039694498,0.8986142681302436,0.9546742209631728
stats,8,8,0.2187698693094421,FIS T=hamacher/S=hamacher,FalsePremise,78,0.6843100637789419,0.8170064875475057,0.9036827195467422
stats,8,8,0.2187698693094421,FIS T=dombi2/S=einstein,TriviaQA,78,0.5982776089159068,0.8982241329763041,1.0
stats,8,8,0.2187698693094421,FIS T=dombi2/S=einstein,FalsePremise,78,0.674236789212971,0.81155126378497,1.0
stats,8,16,0.19505053352415772,Mahalanobis,TriviaQA,162,0.6452781341576472,0.9156761182064865,0.9178470254957507
stats,8,16,0.19505053352415772,Mahalanobis,FalsePremise,162,0.8043861870321425,0.8803940283250709,0.6543909348441926
stats,8,16,0.19505053352415772,FIS T=product/S=product,TriviaQA,162,0.606890281879734,0.8926036466088686,0.8980169971671388
stats,8,16,0.19505053352415772,FIS T=product/S=product,FalsePremise,162,0.6509369015778562,0.7570712496622576,0.8130311614730878
stats,8,16,0.19505053352415772,FIS T=hamacher/S=hamacher,TriviaQA,162,0.6156823406838475,0.8969825740054105,0.8810198300283286
stats,8,16,0.19505053352415772,FIS T=hamacher/S=hamacher,FalsePremise,162,0.6836888917024071,0.782665238113335,0.8130311614730878
stats,8,16,0.19505053352415772,FIS T=dombi2/S=einstein,TriviaQA,162,0.6131300389482537,0.8960295584979319,0.9065155807365439
stats,8,16,0.19505053352415772,FIS T=dombi2/S=einstein,FalsePremise,162,0.6730617057306092,0.777640599717188,0.8130311614730878
rawdim,1,8,,Mahalanobis,TriviaQA,10,0.5379264718966967,0.8636277635977869,0.9206798866855525
rawdim,1,8,,Mahalanobis,FalsePremise,10,0.7094892936838273,0.8389426061151395,0.71671388101983
rawdim,1,8,,FIS T=product/S=product,TriviaQA,10,0.5239013693597505,0.8571190904412782,0.9461756373937678
rawdim,1,8,,FIS T=product/S=product,FalsePremise,10,0.7390721192650387,0.8628915410670162,0.886685552407932
rawdim,1,8,,FIS T=hamacher/S=hamacher,TriviaQA,10,0.5241955621378199,0.8563643353191633,0.9405099150141643
rawdim,1,8,,FIS T=hamacher/S=hamacher,FalsePremise,10,0.7287238672511751,0.8542435154248211,0.8781869688385269
rawdim,1,8,,FIS T=dombi2/S=einstein,TriviaQA,10,0.5230596909971269,0.8554278818067782,1.0
rawdim,1,8,,FIS T=dombi2/S=einstein,FalsePremise,10,0.7154893411619478,0.8468057502935141,1.0
rawdim,1,16,,Mahalanobis,TriviaQA,21,0.566656908076955,0.8748081191174406,0.9150141643059491
rawdim,1,16,,Mahalanobis,FalsePremise,21,0.7582611929669079,0.8481594851601094,0.49575070821529743
rawdim,1,16,,FIS T=product/S=product,TriviaQA,21,0.5333428049057004,0.8621166713775752,0.9376770538243626
rawdim,1,16,,FIS T=product/S=product,FalsePremise,21,0.8193971861300584,0.875868327447465,0.5240793201133145
rawdim,1,16,,FIS T=hamacher/S=hamacher,TriviaQA,21,0.533305492650921,0.8629067461539269,0.9320113314447592
rawdim,1,16,,FIS T=hamacher/S=hamacher,FalsePremise,21,0.8360620064253723,0.8980610611776852,0.43909348441926344
rawdim,1,16,,FIS T=dombi2/S=einstein,TriviaQA,21,0.5320167847743039,0.8624391731167933,0.9206798866855525
rawdim,1,16,,FIS T=dombi2/S=einstein,FalsePremise,21,0.8409878614271923,0.8996000513988304,0.37110481586402266
rawdim,1,32,,Mahalanobis,TriviaQA,44,0.58785457405191,0.8832368811543423,0.8951841359773371
rawdim,1,32,,Mahalanobis,FalsePremise,44,0.7482670486017693,0.8610179662123258,0.6657223796033994
rawdim,1,32,,FIS T=product/S=product,TriviaQA,44,0.5234242030245888,0.858972815755773,0.9518413597733711
rawdim,1,32,,FIS T=product/S=product,FalsePremise,44,0.7522710367638913,0.851931632191368,0.6572237960339944
rawdim,1,32,,FIS T=hamacher/S=hamacher,TriviaQA,44,0.5286701625379222,0.8644618197023826,0.9376770538243626
rawdim,1,32,,FIS T=hamacher/S=hamacher,FalsePremise,44,0.7657825185560321,0.8708097914467768,0.6062322946175638
rawdim,1,32,,FIS T=dombi2/S=einstein,TriviaQA,44,0.5301396913415477,0.8649655083681766,0.9461756373937678
rawdim,1,32,,FIS T=dombi2/S=einstein,FalsePremise,44,0.7821624701283493,0.8766571696711813,0.5014164305949008
rawdim,2,8,0.19208379089832306,Mahalanobis,TriviaQA,21,0.5422604337980144,0.8681141544719448,0.9461756373937678
rawdim,2,8,0.19208379089832306,Mahalanobis,FalsePremise,21,0.6884762688527704,0.8211004584104087,0.6288951841359773
rawdim,2,8,0.19208379089832306,FIS T=product/S=product,TriviaQA,21,0.534165109597573,0.8624086882259796,0.9320113314447592
rawdim,2,8,0.19208379089832306,FIS T=product/S=product,FalsePremise,21,0.69596198585152,0.8299703137909874,0.7875354107648725
rawdim,2,8,0.19208379089832306,FIS T=hamacher/S=hamacher,TriviaQA,21,0.5377241246688538,0.8641301280852836,0.9263456090651558
rawdim,2,8,0.19208379089832306,FIS T=hamacher/S=hamacher,FalsePremise,21,0.7091885989206641,0.845851557659135,0.7903682719546742
rawdim,2,8,0.19208379089832306,FIS T=dombi2/S=einstein,TriviaQA,21,0.5361871467892805,0.8636170788895067,1.0
rawdim,2,8,0.19208379089832306,FIS T=dombi2/S=einstein,FalsePremise,21,0.7034516593603114,0.8450434032581291,1.0
rawdim,2,16,0.1754768192768097,Mahalanobis,TriviaQA,38,0.5591069168309841,0.8757919242284132,0.9291784702549575
rawdim,2,16,0.1754768192768097,Mahalanobis,FalsePremise,38,0.6178644341399339,0.7911374876381302,0.7025495750708215
rawdim,2,16,0.1754768192768097,FIS T=product/S=product,TriviaQA,38,0.5466474939080568,0.8694407180549111,0.9405099150141643
rawdim,2,16,0.1754768192768097,FIS T=product/S=product,FalsePremise,38,0.6459516989254119,0.8233622048626975,0.8101983002832861
rawdim,2,16,0.1754768192768097,FIS T=hamacher/S=hamacher,TriviaQA,38,0.5454420210613328,0.8719769328449929,0.9518413597733711
rawdim,2,16,0.1754768192768097,FIS T=hamacher/S=hamacher,FalsePremise,38,0.6959145077310206,0.8422412203704593,0.6685552407932012
rawdim,2,16,0.1754768192768097,FIS T=dombi2/S=einstein,TriviaQA,38,0.5428201176197077,0.871814316187384,0.9575070821529745
rawdim,2,16,0.1754768192768097,FIS T=dombi2/S=einstein,FalsePremise,38,0.7290779748999003,0.854385234154759,0.5864022662889519
rawdim,2,32,0.17906780540943146,Mahalanobis,TriviaQA,75,0.5789527311135412,0.8825868557123704,0.9291784702549575
rawdim,2,32,0.17906780540943146,Mahalanobis,FalsePremise,75,0.6307824394258312,0.8235606706944227,0.7847025495750708
rawdim,2,32,0.17906780540943146,FIS T=product/S=product,TriviaQA,75,0.5435103943331295,0.8674878183853583,0.9320113314447592
rawdim,2,32,0.17906780540943146,FIS T=product/S=product,FalsePremise,75,0.6401198031240602,0.8137463643017372,0.7762039660056658
rawdim,2,32,0.17906780540943146,FIS T=hamacher/S=hamacher,TriviaQA,75,0.5510331189313771,0.8723418482458265,0.9348441926345609
rawdim,2,32,0.17906780540943146,FIS T=hamacher/S=hamacher,FalsePremise,75,0.6576392295883646,0.8272606234937494,0.7308781869688386
rawdim,2,32,0.17906780540943146,FIS T=dombi2/S=einstein,TriviaQA,75,0.5527480475645143,0.8731789260503555,0.9348441926345609
rawdim,2,32,0.17906780540943146,FIS T=dombi2/S=einstein,FalsePremise,75,0.6530417649199993,0.8241969758420482,0.7365439093484419
rawdim,4,8,0.1502240151166916,Mahalanobis,TriviaQA,34,0.5284606398764677,0.8650671286473048,0.9546742209631728
rawdim,4,8,0.1502240151166916,Mahalanobis,FalsePremise,34,0.5751182996502444,0.8041011427230043,0.9490084985835694
rawdim,4,8,0.1502240151166916,FIS T=product/S=product,TriviaQA,34,0.5250558966278333,0.8657277551171333,0.9603399433427762
rawdim,4,8,0.1502240151166916,FIS T=product/S=product,FalsePremise,34,0.5560835298399986,0.7983015771786164,0.9688385269121813
rawdim,4,8,0.1502240151166916,FIS T=hamacher/S=hamacher,TriviaQA,34,0.5245148689335297,0.8639254823897593,0.9603399433427762
rawdim,4,8,0.1502240151166916,FIS T=hamacher/S=hamacher,FalsePremise,34,0.5681686897621346,0.807424440549129,0.9886685552407932
rawdim,4,8,0.1502240151166916,FIS T=dombi2/S=einstein,TriviaQA,34,0.5262663922780854,0.8638975000611326,1.0
rawdim,4,8,0.1502240151166916,FIS T=dombi2/S=einstein,FalsePremise,34,0.5829244939623656,0.820956937944372,1.0
rawdim,4,16,0.13216212391853333,Mahalanobis,TriviaQA,67,0.5611332592828584,0.8750346562769178,0.9320113314447592
rawdim,4,16,0.13216212391853333,Mahalanobis,FalsePremise,67,0.6453898744995015,0.8020820184678945,0.6968838526912181
rawdim,4,16,0.13216212391853333,FIS T=product/S=product,TriviaQA,67,0.548302148898858,0.8717577793846741,0.9461756373937678
rawdim,4,16,0.13216212391853333,FIS T=product/S=product,FalsePremise,67,0.7469732698181588,0.858655023282037,0.7450424929178471
rawdim,4,16,0.13216212391853333,FIS T=hamacher/S=hamacher,TriviaQA,67,0.546885718303957,0.8718767958720985,0.9405099150141643
rawdim,4,16,0.13216212391853333,FIS T=hamacher/S=hamacher,FalsePremise,67,0.7524886448161805,0.8623739626946155,0.660056657223796
rawdim,4,16,0.13216212391853333,FIS T=dombi2/S=einstein,TriviaQA,67,0.548085450803792,0.8724572143985461,0.9348441926345609
rawdim,4,16,0.13216212391853333,FIS T=dombi2/S=einstein,FalsePremise,67,0.766443255732983,0.8687190381899267,0.6005665722379604
rawdim,4,32,0.11964014917612076,Mahalanobis,TriviaQA,137,0.5729239317931982,0.8798482224143112,0.9178470254957507
rawdim,4,32,0.11964014917612076,Mahalanobis,FalsePremise,137,0.677853039391014,0.8411519479594531,0.7053824362606232
rawdim,4,32,0.11964014917612076,FIS T=product/S=product,TriviaQA,137,0.5509979593066809,0.873548360115018,0.9348441926345609
rawdim,4,32,0.11964014917612076,FIS T=product/S=product,FalsePremise,137,0.7437526706442781,0.8444812459147577,0.6713881019830028
rawdim,4,32,0.11964014917612076,FIS T=hamacher/S=hamacher,TriviaQA,137,0.5531957946218691,0.8738476015384586,0.9376770538243626
rawdim,4,32,0.11964014917612076,FIS T=hamacher/S=hamacher,FalsePremise,137,0.7228781236646779,0.847383171604781,0.6543909348441926
rawdim,4,32,0.11964014917612076,FIS T=dombi2/S=einstein,TriviaQA,137,0.5586950469416867,0.8748580618562368,0.9235127478753541
rawdim,4,32,0.11964014917612076,FIS T=dombi2/S=einstein,FalsePremise,137,0.728274803361451,0.8506478951061509,0.6742209631728046
rawdim,8,8,0.13596577942371368,Mahalanobis,TriviaQA,72,0.5281793628788988,0.8625304774407468,0.9320113314447592
rawdim,8,8,0.13596577942371368,Mahalanobis,FalsePremise,72,0.6139474891987277,0.77896710135308,0.9773371104815864
rawdim,8,8,0.13596577942371368,FIS T=product/S=product,TriviaQA,72,0.5208331539474931,0.863533196858117,0.9461756373937678
rawdim,8,8,0.13596577942371368,FIS T=product/S=product,FalsePremise,72,0.6746126576669254,0.8095318459806755,0.9575070821529745
rawdim,8,8,0.13596577942371368,FIS T=hamacher/S=hamacher,TriviaQA,72,0.5175152334455572,0.8624790627687584,0.9546742209631728
rawdim,8,8,0.13596577942371368,FIS T=hamacher/S=hamacher,FalsePremise,72,0.6809213129282922,0.8349820484752829,0.9546742209631728
rawdim,8,8,0.13596577942371368,FIS T=dombi2/S=einstein,TriviaQA,72,0.5130722049533454,0.8616531191302874,1.0
rawdim,8,8,0.13596577942371368,FIS T=dombi2/S=einstein,FalsePremise,72,0.6808599870226469,0.8368275472260192,1.0
rawdim,8,16,0.11236067861318588,Mahalanobis,TriviaQA,146,0.5646190849313024,0.8731139858100698,0.9348441926345609
rawdim,8,16,0.11236067861318588,Mahalanobis,FalsePremise,146,0.7114319401142639,0.8364627853144468,0.6940509915014165
rawdim,8,16,0.11236067861318588,FIS T=product/S=product,TriviaQA,146,0.5464193151192126,0.8702930161013673,0.9348441926345609
rawdim,8,16,0.11236067861318588,FIS T=product/S=product,FalsePremise,146,0.7855492427239781,0.8850424720149975,0.6628895184135978
rawdim,8,16,0.11236067861318588,FIS T=hamacher/S=hamacher,TriviaQA,146,0.5448866424998062,0.868467425989172,0.9348441926345609
rawdim,8,16,0.11236067861318588,FIS T=hamacher/S=hamacher,FalsePremise,146,0.8020201940272524,0.8897286666248791,0.6260623229461756
rawdim,8,16,0.11236067861318588,FIS T=dombi2/S=einstein,TriviaQA,146,0.5459263628301058,0.8679210245591795,0.9320113314447592
rawdim,8,16,0.11236067861318588,FIS T=dombi2/S=einstein,FalsePremise,146,0.8153259372972289,0.8937190406935973,0.5580736543909348
rawdim,8,32,0.10602471977472305,Mahalanobis,TriviaQA,281,0.5817970729971212,0.8797305475912465,0.9320113314447592
rawdim,8,32,0.10602471977472305,Mahalanobis,FalsePremise,281,0.6762664788643233,0.8157346797328979,0.6515580736543909
rawdim,8,32,0.10602471977472305,FIS T=product/S=product,TriviaQA,281,0.5526009511754795,0.8726715293440263,0.9546742209631728
rawdim,8,32,0.10602471977472305,FIS T=product/S=product,FalsePremise,281,0.7730981056229921,0.8564352365040917,0.5864022662889519
rawdim,8,32,0.10602471977472305,FIS T=hamacher/S=hamacher,TriviaQA,281,0.5536995100613931,0.8737244787928927,0.9603399433427762
rawdim,8,32,0.10602471977472305,FIS T=hamacher/S=hamacher,FalsePremise,281,0.7316853150173295,0.8450908698296313,0.6515580736543909
rawdim,8,32,0.10602471977472305,FIS T=dombi2/S=einstein,TriviaQA,281,0.554292200877699,0.873264380981051,0.9603399433427762
rawdim,8,32,0.10602471977472305,FIS T=dombi2/S=einstein,FalsePremise,281,0.7432581068890753,0.8471960477364955,0.5552407932011332
layerstat,1,8,,Mahalanobis,TriviaQA,18,0.4919950862630629,0.841899735064704,0.9348441926345609
layerstat,1,8,,Mahalanobis,FalsePremise,18,0.49659344485416307,0.7195479615203948,0.9263456090651558
layerstat,1,8,,FIS T=product/S=product,TriviaQA,18,0.45835521840584825,0.8315294713027899,0.9603399433427762
layerstat,1,8,,FIS T=product/S=product,FalsePremise,18,0.3999873391678668,0.621391703138614,1.0
layerstat,1,8,,FIS T=hamacher/S=hamacher,TriviaQA,18,0.45881372861362013,0.8305724396367269,0.9603399433427762
layerstat,1,8,,FIS T=hamacher/S=hamacher,FalsePremise,18,0.4170537452324054,0.6431656108709394,1.0
layerstat,1,8,,FIS T=dombi2/S=einstein,TriviaQA,18,0.46695712821925833,0.8336364350931117,1.0
layerstat,1,8,,FIS T=dombi2/S=einstein,FalsePremise,18,0.47585737572601955,0.6745613368701391,1.0
layerstat,1,16,,Mahalanobis,TriviaQA,32,0.5335781591281561,0.8590762796400475,0.9490084985835694
layerstat,1,16,,Mahalanobis,FalsePremise,32,0.4954500134521342,0.7248286338862073,0.9490084985835694
layerstat,1,16,,FIS T=product/S=product,TriviaQA,32,0.49324791697162257,0.8453128359634432,0.9716713881019831
layerstat,1,16,,FIS T=product/S=product,FalsePremise,32,0.4181457420038932,0.6831704321618521,0.9971671388101983
layerstat,1,16,,FIS T=hamacher/S=hamacher,TriviaQA,32,0.4953072664181096,0.8461086204759789,0.9688385269121813
layerstat,1,16,,FIS T=hamacher/S=hamacher,FalsePremise,32,0.4223099688227009,0.6834147385732097,0.9971671388101983
layerstat,1,16,,FIS T=dombi2/S=einstein,TriviaQA,32,0.5063165342081622,0.8483753710756811,1.0
layerstat,1,16,,FIS T=dombi2/S=einstein,FalsePremise,32,0.46804129013879436,0.705763628819603,1.0
layerstat,1,32,,Mahalanobis,TriviaQA,50,0.5282138049602337,0.858562069682594,0.9405099150141643
layerstat,1,32,,Mahalanobis,FalsePremise,50,0.4904252456992736,0.7356299445011867,0.9971671388101983
layerstat,1,32,,FIS T=product/S=product,TriviaQA,50,0.5121408336705787,0.8573399350627601,0.9546742209631728
layerstat,1,32,,FIS T=product/S=product,FalsePremise,50,0.5252840774209885,0.7492041269496239,0.9943342776203966
layerstat,1,32,,FIS T=hamacher/S=hamacher,TriviaQA,50,0.510956887124689,0.8534292149114864,0.9518413597733711
layerstat,1,32,,FIS T=hamacher/S=hamacher,FalsePremise,50,0.5178913384082169,0.725564599504931,0.9971671388101983
layerstat,1,32,,FIS T=dombi2/S=einstein,TriviaQA,50,0.5124522474893158,0.8530373856313694,0.943342776203966
layerstat,1,32,,FIS T=dombi2/S=einstein,FalsePremise,50,0.5188409008182062,0.7229339003580839,0.9915014164305949
layerstat,2,8,0.5803400874137878,Mahalanobis,TriviaQA,23,0.5168680093338041,0.8520554501620022,0.9518413597733711
layerstat,2,8,0.5803400874137878,Mahalanobis,FalsePremise,23,0.4535110070109358,0.6960035939018214,0.9461756373937678
layerstat,2,8,0.5803400874137878,FIS T=product/S=product,TriviaQA,23,0.5088006693244473,0.8529381411860149,0.9688385269121813
layerstat,2,8,0.5803400874137878,FIS T=product/S=product,FalsePremise,23,0.3727230284710463,0.6191653134304046,1.0
layerstat,2,8,0.5803400874137878,FIS T=hamacher/S=hamacher,TriviaQA,23,0.5130822505604015,0.8558584685154067,0.9688385269121813
layerstat,2,8,0.5803400874137878,FIS T=hamacher/S=hamacher,FalsePremise,23,0.3937973792077484,0.6589143109148705,1.0
layerstat,2,8,0.5803400874137878,FIS T=dombi2/S=einstein,TriviaQA,23,0.5171019284695374,0.8570291549590555,1.0
layerstat,2,8,0.5803400874137878,FIS T=dombi2/S=einstein,FalsePremise,23,0.44840710905724274,0.7018034163446577,1.0
layerstat,2,16,0.47601595520973206,Mahalanobis,TriviaQA,43,0.5464465817669362,0.8643564837685955,0.9546742209631728
layerstat,2,16,0.47601595520973206,Mahalanobis,FalsePremise,43,0.476241157200057,0.7083376212989653,0.9631728045325779
layerstat,2,16,0.47601595520973206,FIS T=product/S=product,TriviaQA,43,0.5426830668377289,0.8654028350388625,0.9518413597733711
layerstat,2,16,0.47601595520973206,FIS T=product/S=product,FalsePremise,43,0.49265276085270704,0.7372052141644448,0.9631728045325779
layerstat,2,16,0.47601595520973206,FIS T=hamacher/S=hamacher,TriviaQA,43,0.5482346998229103,0.8672184456474408,0.9575070821529745
layerstat,2,16,0.47601595520973206,FIS T=hamacher/S=hamacher,FalsePremise,43,0.5283009163277257,0.7642490279882028,0.9716713881019831
layerstat,2,16,0.47601595520973206,FIS T=dombi2/S=einstein,TriviaQA,43,0.5544436025269006,0.8687004519804671,1.0
layerstat,2,16,0.47601595520973206,FIS T=dombi2/S=einstein,FalsePremise,43,0.5664357383639039,0.7824649805224289,1.0
layerstat,2,32,0.18957649171352386,Mahalanobis,TriviaQA,87,0.5552522738949115,0.8662355563841839,0.9235127478753541
layerstat,2,32,0.18957649171352386,Mahalanobis,FalsePremise,87,0.5356244164147689,0.7352237506272685,0.9801699716713881
layerstat,2,32,0.18957649171352386,FIS T=product/S=product,TriviaQA,87,0.530506355999093,0.8618831435008987,0.9263456090651558
layerstat,2,32,0.18957649171352386,FIS T=product/S=product,FalsePremise,87,0.5044728346020542,0.7346274661276324,0.9603399433427762
layerstat,2,32,0.18957649171352386,FIS T=hamacher/S=hamacher,TriviaQA,87,0.538451713637055,0.8643457757394835,0.9376770538243626
layerstat,2,32,0.18957649171352386,FIS T=hamacher/S=hamacher,FalsePremise,87,0.49970721825691994,0.7152653556208486,0.9745042492917847
layerstat,2,32,0.18957649171352386,FIS T=dombi2/S=einstein,TriviaQA,87,0.5400776668934104,0.8646281141882473,0.9405099150141643
layerstat,2,32,0.18957649171352386,FIS T=dombi2/S=einstein,FalsePremise,87,0.47832030322692964,0.7039469453997418,0.9688385269121813
layerstat,4,8,0.27090200781822205,Mahalanobis,TriviaQA,43,0.5053743997749784,0.8513090338943222,0.943342776203966
layerstat,4,8,0.27090200781822205,Mahalanobis,FalsePremise,43,0.45096697105417255,0.7085752560099299,0.9745042492917847
layerstat,4,8,0.27090200781822205,FIS T=product/S=product,TriviaQA,43,0.5301339509946585,0.8640081951754017,0.9518413597733711
layerstat,4,8,0.27090200781822205,FIS T=product/S=product,FalsePremise,43,0.44058508870495505,0.6472336779946624,0.9518413597733711
layerstat,4,8,0.27090200781822205,FIS T=hamacher/S=hamacher,TriviaQA,43,0.5298828108182577,0.8626790760748665,0.9801699716713881
layerstat,4,8,0.27090200781822205,FIS T=hamacher/S=hamacher,FalsePremise,43,0.4452893791444442,0.6628669572191619,0.9801699716713881
layerstat,4,8,0.27090200781822205,FIS T=dombi2/S=einstein,TriviaQA,43,0.5259061855107905,0.8607485502548727,1.0
layerstat,4,8,0.27090200781822205,FIS T=dombi2/S=einstein,FalsePremise,43,0.47543007264152437,0.6783664552450428,1.0
layerstat,4,16,0.25108927488327026,Mahalanobis,TriviaQA,94,0.5409258031462841,0.8617898151726088,0.9518413597733711
layerstat,4,16,0.25108927488327026,Mahalanobis,FalsePremise,94,0.4823183566239891,0.7132683907256959,0.9716713881019831
layerstat,4,16,0.25108927488327026,FIS T=product/S=product,TriviaQA,94,0.5522500724718795,0.8689305680870592,0.9178470254957507
layerstat,4,16,0.25108927488327026,FIS T=product/S=product,FalsePremise,94,0.6700072799784765,0.7744972510948165,0.8526912181303116
layerstat,4,16,0.25108927488327026,FIS T=hamacher/S=hamacher,TriviaQA,94,0.5516516413086843,0.8680494157985433,0.9065155807365439
layerstat,4,16,0.25108927488327026,FIS T=hamacher/S=hamacher,FalsePremise,94,0.6326934337759349,0.7535441891216108,0.8555240793201133
layerstat,4,16,0.25108927488327026,FIS T=dombi2/S=einstein,TriviaQA,94,0.5537712643975076,0.8684047739258541,0.9263456090651558
layerstat,4,16,0.25108927488327026,FIS T=dombi2/S=einstein,FalsePremise,94,0.6475699115324355,0.7591706193826262,0.773371104815864
layerstat,4,32,0.15683680772781372,Mahalanobis,TriviaQA,158,0.5369764444865404,0.860757539120927,0.9376770538243626
layerstat,4,32,0.15683680772781372,Mahalanobis,FalsePremise,158,0.46888204852263915,0.7137323040296428,0.9830028328611898
layerstat,4,32,0.15683680772781372,FIS T=product/S=product,TriviaQA,158,0.532284428448011,0.8640599722836378,0.9320113314447592
layerstat,4,32,0.15683680772781372,FIS T=product/S=product,FalsePremise,158,0.5956961083767232,0.7409274845290483,0.9320113314447592
layerstat,4,32,0.15683680772781372,FIS T=hamacher/S=hamacher,TriviaQA,158,0.5328462648997879,0.8649109971291841,0.9320113314447592
layerstat,4,32,0.15683680772781372,FIS T=hamacher/S=hamacher,FalsePremise,158,0.5377807143874531,0.7218421222438055,0.9688385269121813
layerstat,4,32,0.15683680772781372,FIS T=dombi2/S=einstein,TriviaQA,158,0.5331375875044129,0.8644912972826653,0.9348441926345609
layerstat,4,32,0.15683680772781372,FIS T=dombi2/S=einstein,FalsePremise,158,0.5382001044518651,0.7253860297221227,0.9688385269121813
layerstat,8,8,0.21878682076931,Mahalanobis,TriviaQA,93,0.49996842809210956,0.8513298951223863,0.9490084985835694
layerstat,8,8,0.21878682076931,Mahalanobis,FalsePremise,93,0.40251159257442193,0.6869548314869112,0.9830028328611898
layerstat,8,8,0.21878682076931,FIS T=product/S=product,TriviaQA,93,0.5572951198440922,0.8669465981606521,0.9518413597733711
layerstat,8,8,0.21878682076931,FIS T=product/S=product,FalsePremise,93,0.5600875180021206,0.6708215648082403,0.8555240793201133
layerstat,8,8,0.21878682076931,FIS T=hamacher/S=hamacher,TriviaQA,93,0.5515576431283743,0.8609936803820621,0.9546742209631728
layerstat,8,8,0.21878682076931,FIS T=hamacher/S=hamacher,FalsePremise,93,0.5319824489214554,0.659868010164709,0.8781869688385269
layerstat,8,8,0.21878682076931,FIS T=dombi2/S=einstein,TriviaQA,93,0.5471497742608586,0.8584190056204883,1.0
layerstat,8,8,0.21878682076931,FIS T=dombi2/S=einstein,FalsePremise,93,0.5217964138192983,0.6567513611154916,1.0
layerstat,8,16,0.19054877758026123,Mahalanobis,TriviaQA,157,0.5288481132914862,0.8570639946297756,0.9405099150141643
layerstat,8,16,0.19054877758026123,Mahalanobis,FalsePremise,157,0.507996106794119,0.7142275624185541,0.9150141643059491
layerstat,8,16,0.19054877758026123,FIS T=product/S=product,TriviaQA,157,0.5422231215432348,0.8651199889190978,0.9376770538243626
layerstat,8,16,0.19054877758026123,FIS T=product/S=product,FalsePremise,157,0.5610133413518603,0.6975546163194513,0.8470254957507082
layerstat,8,16,0.19054877758026123,FIS T=hamacher/S=hamacher,TriviaQA,157,0.547215788250084,0.8664751642538746,0.9376770538243626
layerstat,8,16,0.19054877758026123,FIS T=hamacher/S=hamacher,FalsePremise,157,0.5723012645006094,0.7031185011051115,0.8498583569405099
layerstat,8,16,0.19054877758026123,FIS T=dombi2/S=einstein,TriviaQA,157,0.5448041250132746,0.8660764564010344,0.943342776203966
layerstat,8,16,0.19054877758026123,FIS T=dombi2/S=einstein,FalsePremise,157,0.5619035561112253,0.696014857586995,0.8243626062322946
layerstat,8,32,0.13315656781196594,Mahalanobis,TriviaQA,285,0.5296144496011894,0.8578902937750752,0.9490084985835694
layerstat,8,32,0.13315656781196594,Mahalanobis,FalsePremise,285,0.4534872679506861,0.7096553121049476,1.0
layerstat,8,32,0.13315656781196594,FIS T=product/S=product,TriviaQA,285,0.5398365723240656,0.8672283184647185,0.9235127478753541
layerstat,8,32,0.13315656781196594,FIS T=product/S=product,FalsePremise,285,0.5234937566271542,0.7031771641034983,0.9575070821529745
layerstat,8,32,0.13315656781196594,FIS T=hamacher/S=hamacher,TriviaQA,285,0.5504935263237958,0.868014765827333,0.9376770538243626
layerstat,8,32,0.13315656781196594,FIS T=hamacher/S=hamacher,FalsePremise,285,0.5341605076993685,0.7182642777476547,0.9745042492917847
layerstat,8,32,0.13315656781196594,FIS T=dombi2/S=einstein,TriviaQA,285,0.5537655240506184,0.8685927040121609,0.9348441926345609
layerstat,8,32,0.13315656781196594,FIS T=dombi2/S=einstein,FalsePremise,285,0.5218063050944024,0.7185189003327073,0.9745042492917847
centroid,1,8,,Mahalanobis,TriviaQA,22,0.47763704360654513,0.8409313537374613,0.9490084985835694
centroid,1,8,,Mahalanobis,FalsePremise,22,0.5160476047288208,0.7231965633758839,0.9178470254957507
centroid,1,8,,FIS T=product/S=product,TriviaQA,22,0.4952211612147722,0.8487447067339314,0.9575070821529745
centroid,1,8,,FIS T=product/S=product,FalsePremise,22,0.8138185069713707,0.8966031680040534,0.7365439093484419
centroid,1,8,,FIS T=hamacher/S=hamacher,TriviaQA,22,0.49563733636423646,0.848917710630497,0.9490084985835694
centroid,1,8,,FIS T=hamacher/S=hamacher,FalsePremise,22,0.820659312833336,0.906309679866883,0.7252124645892352
centroid,1,8,,FIS T=dombi2/S=einstein,TriviaQA,22,0.47858994119014614,0.8464543842516902,1.0
centroid,1,8,,FIS T=dombi2/S=einstein,FalsePremise,22,0.778455220219349,0.8864788310871631,1.0
centroid,1,16,,Mahalanobis,TriviaQA,48,0.4981013802664095,0.8490641032201389,0.9575070821529745
centroid,1,16,,Mahalanobis,FalsePremise,48,0.6124994065234938,0.7825282118239503,0.9150141643059491
centroid,1,16,,FIS T=product/S=product,TriviaQA,48,0.48019221551558355,0.8450635707747042,0.9631728045325779
centroid,1,16,,FIS T=product/S=product,FalsePremise,48,0.7537230759491669,0.886622244559905,0.8470254957507082
centroid,1,16,,FIS T=hamacher/S=hamacher,TriviaQA,48,0.48308606789108266,0.8462481307376986,0.9660056657223796
centroid,1,16,,FIS T=hamacher/S=hamacher,FalsePremise,48,0.7495766534255464,0.8844389088866855,0.8696883852691218
centroid,1,16,,FIS T=dombi2/S=einstein,TriviaQA,48,0.4803737539859534,0.8456907932887742,0.9716713881019831
centroid,1,16,,FIS T=dombi2/S=einstein,FalsePremise,48,0.7463441847215408,0.883132524674952,0.9263456090651558
centroid,1,32,,Mahalanobis,TriviaQA,96,0.5126660754109371,0.85629536756553,0.9490084985835694
centroid,1,32,,Mahalanobis,FalsePremise,96,0.5811440644436355,0.7974226349558466,0.8951841359773371
centroid,1,32,,FIS T=product/S=product,TriviaQA,96,0.4934280203552701,0.8478268613579013,0.9461756373937678
centroid,1,32,,FIS T=product/S=product,FalsePremise,96,0.7093112507319543,0.8588894858255787,0.9405099150141643
centroid,1,32,,FIS T=hamacher/S=hamacher,TriviaQA,96,0.4931015381259489,0.849886418161603,0.9518413597733711
centroid,1,32,,FIS T=hamacher/S=hamacher,FalsePremise,96,0.7045436561317993,0.8602158950057653,0.9518413597733711
centroid,1,32,,FIS T=dombi2/S=einstein,TriviaQA,96,0.48951382132022236,0.8498827938263153,0.9603399433427762
centroid,1,32,,FIS T=dombi2/S=einstein,FalsePremise,96,0.6975010682577112,0.8563058862158404,0.9631728045325779
centroid,2,8,0.4986812174320221,Mahalanobis,TriviaQA,29,0.5032131591712087,0.8496312433305873,0.9603399433427762
centroid,2,8,0.4986812174320221,Mahalanobis,FalsePremise,29,0.6210138161330654,0.765192455630997,0.7790368271954674
centroid,2,8,0.4986812174320221,FIS T=product/S=product,TriviaQA,29,0.5156481856198569,0.8552390093567404,0.9546742209631728
centroid,2,8,0.4986812174320221,FIS T=product/S=product,FalsePremise,29,0.8763748872394639,0.8986481794307901,0.49291784702549574
centroid,2,8,0.4986812174320221,FIS T=hamacher/S=hamacher,TriviaQA,29,0.5149722597736581,0.8551330294750288,0.9490084985835694
centroid,2,8,0.4986812174320221,FIS T=hamacher/S=hamacher,FalsePremise,29,0.8801375282890469,0.9216343620381696,0.49575070821529743
centroid,2,8,0.4986812174320221,FIS T=dombi2/S=einstein,TriviaQA,29,0.5121903441624978,0.8544522983252199,1.0
centroid,2,8,0.4986812174320221,FIS T=dombi2/S=einstein,FalsePremise,29,0.8813877854621995,0.9205193056281182,0.43342776203966005
centroid,2,16,0.4144849181175232,Mahalanobis,TriviaQA,65,0.5134855099293651,0.8646611881529288,0.943342776203966
centroid,2,16,0.4144849181175232,Mahalanobis,FalsePremise,65,0.6681516767689557,0.8312435728854881,0.886685552407932
centroid,2,16,0.4144849181175232,FIS T=product/S=product,TriviaQA,65,0.4937889446659262,0.847276258543487,0.9461756373937678
centroid,2,16,0.4144849181175232,FIS T=product/S=product,FalsePremise,65,0.6156567015367085,0.7876074378773749,0.7790368271954674
centroid,2,16,0.4144849181175232,FIS T=hamacher/S=hamacher,TriviaQA,65,0.4927829488736004,0.8497388427893211,0.943342776203966
centroid,2,16,0.4144849181175232,FIS T=hamacher/S=hamacher,FalsePremise,65,0.6288041844050201,0.7958737772532849,0.8583569405099151
centroid,2,16,0.4144849181175232,FIS T=dombi2/S=einstein,TriviaQA,65,0.49690093022321336,0.8511235554079603,1.0
centroid,2,16,0.4144849181175232,FIS T=dombi2/S=einstein,FalsePremise,65,0.6406954753351164,0.7947036300545829,0.7337110481586402
centroid,2,32,0.35989949107170105,Mahalanobis,TriviaQA,139,0.5224217949490688,0.8639960267133409,0.9518413597733711
centroid,2,32,0.35989949107170105,Mahalanobis,FalsePremise,139,0.6907393925965783,0.8457322871392996,0.9716713881019831
centroid,2,32,0.35989949107170105,FIS T=product/S=product,TriviaQA,139,0.47244202967185306,0.840389856101236,0.9575070821529745
centroid,2,32,0.35989949107170105,FIS T=product/S=product,FalsePremise,139,0.5477867282827165,0.7562360360814997,0.9291784702549575
centroid,2,32,0.35989949107170105,FIS T=hamacher/S=hamacher,TriviaQA,139,0.47285102938770585,0.8414344526778382,0.9518413597733711
centroid,2,32,0.35989949107170105,FIS T=hamacher/S=hamacher,FalsePremise,139,0.5434978713975975,0.7637242008784406,0.9518413597733711
centroid,2,32,0.35989949107170105,FIS T=dombi2/S=einstein,TriviaQA,139,0.4735169096268487,0.8418703271931826,0.9575070821529745
centroid,2,32,0.35989949107170105,FIS T=dombi2/S=einstein,FalsePremise,139,0.5519687593967113,0.7627476466581848,0.9150141643059491
centroid,4,8,0.3346980810165405,Mahalanobis,TriviaQA,38,0.48132808665627663,0.8419542226007242,0.9660056657223796
centroid,4,8,0.3346980810165405,Mahalanobis,FalsePremise,38,0.6339951255796287,0.7436512318427241,0.7337110481586402
centroid,4,8,0.3346980810165405,FIS T=product/S=product,TriviaQA,38,0.4967674671580403,0.8438547446413236,0.9546742209631728
centroid,4,8,0.3346980810165405,FIS T=product/S=product,FalsePremise,38,0.8060479212496241,0.8653235968873247,0.7818696883852692
centroid,4,8,0.3346980810165405,FIS T=hamacher/S=hamacher,TriviaQA,38,0.4968363513207103,0.8459533544780763,0.9631728045325779
centroid,4,8,0.3346980810165405,FIS T=hamacher/S=hamacher,FalsePremise,38,0.8030231693228038,0.8485332686589345,0.7648725212464589
centroid,4,8,0.3346980810165405,FIS T=dombi2/S=einstein,TriviaQA,38,0.4940788321838289,0.8458877967752345,1.0
centroid,4,8,0.3346980810165405,FIS T=dombi2/S=einstein,FalsePremise,38,0.7960221248041528,0.841308444943998,0.7535410764872521
centroid,4,16,0.3035472631454468,Mahalanobis,TriviaQA,91,0.5232971978496661,0.8658044179106335,0.9631728045325779
centroid,4,16,0.3035472631454468,Mahalanobis,FalsePremise,91,0.6697461503157296,0.8276706196150606,0.8555240793201133
centroid,4,16,0.3035472631454468,FIS T=product/S=product,TriviaQA,91,0.5176443912505633,0.8563692099274245,0.9405099150141643
centroid,4,16,0.3035472631454468,FIS T=product/S=product,FalsePremise,91,0.610410369221517,0.8039006606264887,0.9263456090651558
centroid,4,16,0.3035472631454468,FIS T=hamacher/S=hamacher,TriviaQA,91,0.5211036677946448,0.8594965850466361,0.9405099150141643
centroid,4,16,0.3035472631454468,FIS T=hamacher/S=hamacher,FalsePremise,91,0.6345252979252062,0.8162937166573108,0.9093484419263456
centroid,4,16,0.3035472631454468,FIS T=dombi2/S=einstein,TriviaQA,91,0.5206709891478741,0.8616307433363939,1.0
centroid,4,16,0.3035472631454468,FIS T=dombi2/S=einstein,FalsePremise,91,0.6199099498314528,0.8125484965212626,1.0
centroid,4,32,0.2152685672044754,Mahalanobis,TriviaQA,186,0.5318144375464608,0.8656839348896247,0.9546742209631728
centroid,4,32,0.2152685672044754,Mahalanobis,FalsePremise,186,0.6985178913384082,0.8470701545430603,0.9631728045325779
centroid,4,32,0.2152685672044754,FIS T=product/S=product,TriviaQA,186,0.4863487375542105,0.8408305076024775,0.9546742209631728
centroid,4,32,0.2152685672044754,FIS T=product/S=product,FalsePremise,186,0.599312358554766,0.7766470775599874,0.9178470254957507
centroid,4,32,0.2152685672044754,FIS T=hamacher/S=hamacher,TriviaQA,186,0.49165210053643543,0.8449565472473665,0.9405099150141643
centroid,4,32,0.2152685672044754,FIS T=hamacher/S=hamacher,FalsePremise,186,0.6393285011157359,0.8087051043171177,0.9376770538243626
centroid,4,32,0.2152685672044754,FIS T=dombi2/S=einstein,TriviaQA,186,0.48664149524555766,0.844647571501427,0.9348441926345609
centroid,4,32,0.2152685672044754,FIS T=dombi2/S=einstein,FalsePremise,186,0.6224539857882159,0.803710850347492,0.9263456090651558
centroid,8,8,0.2751888036727905,Mahalanobis,TriviaQA,77,0.4865833742333049,0.8420345581189951,0.9518413597733711
centroid,8,8,0.2751888036727905,Mahalanobis,FalsePremise,77,0.6872695332900755,0.7713710697634846,0.7252124645892352
centroid,8,8,0.2751888036727905,FIS T=product/S=product,TriviaQA,77,0.4872420790388363,0.8411592845676739,0.9518413597733711
centroid,8,8,0.2751888036727905,FIS T=product/S=product,FalsePremise,77,0.7355073037175369,0.7984566684727574,0.6713881019830028
centroid,8,8,0.2751888036727905,FIS T=hamacher/S=hamacher,TriviaQA,77,0.48301431355496816,0.8413711545937096,0.9546742209631728
centroid,8,8,0.2751888036727905,FIS T=hamacher/S=hamacher,FalsePremise,77,0.7575905645148526,0.8050745182083119,0.6798866855524079
centroid,8,8,0.2751888036727905,FIS T=dombi2/S=einstein,TriviaQA,77,0.47679464770056057,0.8401751137260987,1.0
centroid,8,8,0.2751888036727905,FIS T=dombi2/S=einstein,FalsePremise,77,0.7538773798407901,0.7976189109896834,0.6572237960339944
centroid,8,16,0.25044214725494385,Mahalanobis,TriviaQA,158,0.5144470180332997,0.8599351602373955,0.9575070821529745
centroid,8,16,0.25044214725494385,Mahalanobis,FalsePremise,158,0.6529784607593334,0.8125742654636205,0.8413597733711048
centroid,8,16,0.25044214725494385,FIS T=product/S=product,TriviaQA,158,0.5133290854766354,0.8578978240684281,0.9461756373937678
centroid,8,16,0.25044214725494385,FIS T=product/S=product,FalsePremise,158,0.6979699146976435,0.8557741407476642,0.886685552407932
centroid,8,16,0.25044214725494385,FIS T=hamacher/S=hamacher,TriviaQA,158,0.5048419826010085,0.8548854327311232,0.9518413597733711
centroid,8,16,0.25044214725494385,FIS T=hamacher/S=hamacher,FalsePremise,158,0.6856394511529271,0.8394880354324947,0.886685552407932
centroid,8,16,0.25044214725494385,FIS T=dombi2/S=einstein,TriviaQA,158,0.5003078261019314,0.8532592761196347,1.0
centroid,8,16,0.25044214725494385,FIS T=dombi2/S=einstein,FalsePremise,158,0.674195245857534,0.8360896003568958,0.9178470254957507
centroid,8,32,0.17590464651584625,Mahalanobis,TriviaQA,317,0.5377714825306893,0.866745092689945,0.9348441926345609
centroid,8,32,0.17590464651584625,Mahalanobis,FalsePremise,317,0.6948383369996993,0.8454004968772476,0.9801699716713881
centroid,8,32,0.17590464651584625,FIS T=product/S=product,TriviaQA,317,0.4921888229705721,0.8477362400048465,0.9461756373937678
centroid,8,32,0.17590464651584625,FIS T=product/S=product,FalsePremise,317,0.6028732175922262,0.7784282080077066,0.8611898016997167
centroid,8,32,0.17590464651584625,FIS T=hamacher/S=hamacher,TriviaQA,317,0.48522291202057344,0.8446540437621601,0.9405099150141643
centroid,8,32,0.17590464651584625,FIS T=hamacher/S=hamacher,FalsePremise,317,0.6412513649959644,0.8146634215355808,0.8271954674220963
centroid,8,32,0.17590464651584625,FIS T=dombi2/S=einstein,TriviaQA,317,0.4836321183889143,0.8438076547329592,0.9461756373937678
centroid,8,32,0.17590464651584625,FIS T=dombi2/S=einstein,FalsePremise,317,0.6321395223701078,0.8169348781550696,0.8243626062322946
stats+rawdim,1,8,,Mahalanobis,TriviaQA,12,0.5315360307223366,0.8621012286922808,0.9291784702549575
stats+rawdim,1,8,,Mahalanobis,FalsePremise,12,0.7470998781394906,0.8587996194969776,0.6798866855524079
stats+rawdim,1,8,,FIS T=product/S=product,TriviaQA,12,0.5344119445138069,0.8598269753320065,0.9206798866855525
stats+rawdim,1,8,,FIS T=product/S=product,FalsePremise,12,0.7761287923148749,0.8800754827048052,0.886685552407932
stats+rawdim,1,8,,FIS T=hamacher/S=hamacher,TriviaQA,12,0.5367726621719751,0.8608011175462054,0.9008498583569405
stats+rawdim,1,8,,FIS T=hamacher/S=hamacher,FalsePremise,12,0.7675787741149289,0.8706729280870882,0.8895184135977338
stats+rawdim,1,8,,FIS T=dombi2/S=einstein,TriviaQA,12,0.5356145471870866,0.8602608360992202,1.0
stats+rawdim,1,8,,FIS T=dombi2/S=einstein,FalsePremise,12,0.7620357035466157,0.865658302522187,0.8215297450424929
stats+rawdim,1,16,,Mahalanobis,TriviaQA,24,0.5657384525746891,0.8730222560135836,0.9235127478753541
stats+rawdim,1,16,,Mahalanobis,FalsePremise,24,0.7725164986468736,0.8550774212821608,0.41076487252124644
stats+rawdim,1,16,,FIS T=product/S=product,TriviaQA,24,0.5364296764453476,0.8630445854456084,0.9490084985835694
stats+rawdim,1,16,,FIS T=product/S=product,FalsePremise,24,0.8154011109880197,0.8705001174578866,0.47592067988668557
stats+rawdim,1,16,,FIS T=hamacher/S=hamacher,TriviaQA,24,0.5378030544385798,0.8642179444180575,0.9376770538243626
stats+rawdim,1,16,,FIS T=hamacher/S=hamacher,FalsePremise,24,0.8364457878994097,0.8974638618852844,0.41076487252124644
stats+rawdim,1,16,,FIS T=dombi2/S=einstein,TriviaQA,24,0.5361483994477787,0.8636639558732725,0.9150141643059491
stats+rawdim,1,16,,FIS T=dombi2/S=einstein,FalsePremise,24,0.8410353395476918,0.8995345204502496,0.35694050991501414
stats+rawdim,1,32,,Mahalanobis,TriviaQA,45,0.5856947685348626,0.8830281908939794,0.8951841359773371
stats+rawdim,1,32,,Mahalanobis,FalsePremise,45,0.759946666244639,0.8664131542382469,0.6430594900849859
stats+rawdim,1,32,,FIS T=product/S=product,TriviaQA,45,0.5256758540918628,0.8596724477956879,0.9376770538243626
stats+rawdim,1,32,,FIS T=product/S=product,FalsePremise,45,0.7648111953408139,0.8573764902791874,0.6147308781869688
stats+rawdim,1,32,,FIS T=hamacher/S=hamacher,TriviaQA,45,0.5302774596668877,0.8650616128431772,0.943342776203966
stats+rawdim,1,32,,FIS T=hamacher/S=hamacher,FalsePremise,45,0.7769240508332411,0.8749850534467627,0.5694050991501416
stats+rawdim,1,32,,FIS T=dombi2/S=einstein,TriviaQA,45,0.5307252067242423,0.8653144021200253,0.9348441926345609
stats+rawdim,1,32,,FIS T=dombi2/S=einstein,FalsePremise,45,0.7865977178850081,0.8786660335147134,0.48441926345609065
stats+rawdim,2,8,0.17806449803127405,Mahalanobis,TriviaQA,18,0.5505437543590759,0.8704518782355897,0.9461756373937678
stats+rawdim,2,8,0.17806449803127405,Mahalanobis,FalsePremise,18,0.791250573693956,0.8751639517145129,0.6175637393767706
stats+rawdim,2,8,0.17806449803127405,FIS T=product/S=product,TriviaQA,18,0.5279031086848578,0.8588291983247383,0.9320113314447592
stats+rawdim,2,8,0.17806449803127405,FIS T=product/S=product,FalsePremise,18,0.6805236836691092,0.82961134238592,0.830028328611898
stats+rawdim,2,8,0.17806449803127405,FIS T=hamacher/S=hamacher,TriviaQA,18,0.5315389008957812,0.8588489583047305,0.9291784702549575
stats+rawdim,2,8,0.17806449803127405,FIS T=hamacher/S=hamacher,FalsePremise,18,0.7091015556997484,0.8505690914868413,0.8413597733711048
stats+rawdim,2,8,0.17806449803127405,FIS T=dombi2/S=einstein,TriviaQA,18,0.529099253467887,0.8591652886189999,1.0
stats+rawdim,2,8,0.17806449803127405,FIS T=dombi2/S=einstein,FalsePremise,18,0.7162193172646272,0.8551553878152913,0.8668555240793201
stats+rawdim,2,16,0.17478726765350627,Mahalanobis,TriviaQA,39,0.5561865153511226,0.8730173841537567,0.9405099150141643
stats+rawdim,2,16,0.17478726765350627,Mahalanobis,FalsePremise,39,0.6081630715178755,0.7949526233731041,0.7903682719546742
stats+rawdim,2,16,0.17478726765350627,FIS T=product/S=product,TriviaQA,39,0.5442917990534168,0.8654792017514565,0.9235127478753541
stats+rawdim,2,16,0.17478726765350627,FIS T=product/S=product,FalsePremise,39,0.6973784164464211,0.840193038349226,0.7252124645892352
stats+rawdim,2,16,0.17478726765350627,FIS T=hamacher/S=hamacher,TriviaQA,39,0.5434888680322952,0.8681873953868373,0.9320113314447592
stats+rawdim,2,16,0.17478726765350627,FIS T=hamacher/S=hamacher,FalsePremise,39,0.7285121939639482,0.8533179692065382,0.6203966005665722
stats+rawdim,2,16,0.17478726765350627,FIS T=dombi2/S=einstein,TriviaQA,39,0.5429177035168236,0.868472056136775,0.9405099150141643
stats+rawdim,2,16,0.17478726765350627,FIS T=dombi2/S=einstein,FalsePremise,39,0.7347911754000032,0.8551000407831686,0.5637393767705382
stats+rawdim,2,32,0.1732436753095434,Mahalanobis,TriviaQA,75,0.5857421263966982,0.8846703335102857,0.9376770538243626
stats+rawdim,2,32,0.1732436753095434,Mahalanobis,FalsePremise,75,0.6546837165872728,0.827221382681228,0.7932011331444759
stats+rawdim,2,32,0.1732436753095434,FIS T=product/S=product,TriviaQA,75,0.5445874269182087,0.8659019735543443,0.9348441926345609
stats+rawdim,2,32,0.1732436753095434,FIS T=product/S=product,FalsePremise,75,0.6841913684776932,0.8264019677640254,0.6940509915014165
stats+rawdim,2,32,0.1732436753095434,FIS T=hamacher/S=hamacher,TriviaQA,75,0.5519271779593641,0.872634374143581,0.9376770538243626
stats+rawdim,2,32,0.1732436753095434,FIS T=hamacher/S=hamacher,FalsePremise,75,0.6845870194818554,0.8344611228288635,0.6572237960339944
stats+rawdim,2,32,0.1732436753095434,FIS T=dombi2/S=einstein,TriviaQA,75,0.5522314163444897,0.873629977426961,0.9461756373937678
stats+rawdim,2,32,0.1732436753095434,FIS T=dombi2/S=einstein,FalsePremise,75,0.6635621251206736,0.826370063730114,0.7365439093484419
stats+rawdim,4,8,0.1480999448434978,Mahalanobis,TriviaQA,33,0.5432764751973962,0.8665544279553397,0.9376770538243626
stats+rawdim,4,8,0.1480999448434978,Mahalanobis,FalsePremise,33,0.7125199803757102,0.8357347145483308,0.5892351274787535
stats+rawdim,4,8,0.1480999448434978,FIS T=product/S=product,TriviaQA,33,0.5390271834126936,0.8647511840432913,0.9320113314447592
stats+rawdim,4,8,0.1480999448434978,FIS T=product/S=product,FalsePremise,33,0.7252480731796098,0.8485938723739415,0.6628895184135978
stats+rawdim,4,8,0.1480999448434978,FIS T=hamacher/S=hamacher,TriviaQA,33,0.5395007620310495,0.8613916896577796,0.9376770538243626
stats+rawdim,4,8,0.1480999448434978,FIS T=hamacher/S=hamacher,FalsePremise,33,0.7498496526184184,0.8625403652230873,0.5920679886685553
stats+rawdim,4,8,0.1480999448434978,FIS T=dombi2/S=einstein,TriviaQA,33,0.5422991811395163,0.8614031234371923,1.0
stats+rawdim,4,8,0.1480999448434978,FIS T=dombi2/S=einstein,FalsePremise,33,0.7371354075996643,0.8588559289710369,0.6373937677053825
stats+rawdim,4,16,0.13160447370447054,Mahalanobis,TriviaQA,70,0.5580435175697668,0.8739493510368473,0.9320113314447592
stats+rawdim,4,16,0.13160447370447054,Mahalanobis,FalsePremise,70,0.7016949689018311,0.8443620511119282,0.6855524079320113
stats+rawdim,4,16,0.13160447370447054,FIS T=product/S=product,TriviaQA,70,0.5428904368691,0.8680379529645234,0.9376770538243626
stats+rawdim,4,16,0.13160447370447054,FIS T=product/S=product,FalsePremise,70,0.755345245066232,0.8620731195522591,0.7025495750708215
stats+rawdim,4,16,0.13160447370447054,FIS T=hamacher/S=hamacher,TriviaQA,70,0.5411066240732928,0.8674637429266241,0.9405099150141643
stats+rawdim,4,16,0.13160447370447054,FIS T=hamacher/S=hamacher,FalsePremise,70,0.7566113282795511,0.8633759504336934,0.6628895184135978
stats+rawdim,4,16,0.13160447370447054,FIS T=dombi2/S=einstein,TriviaQA,70,0.5420896584780619,0.8678472675375926,0.9490084985835694
stats+rawdim,4,16,0.13160447370447054,FIS T=dombi2/S=einstein,FalsePremise,70,0.7663008213714846,0.8671917459150622,0.6090651558073654
stats+rawdim,4,32,0.1222335964258544,Mahalanobis,TriviaQA,137,0.5808915332753558,0.8805985085853134,0.9178470254957507
stats+rawdim,4,32,0.1222335964258544,Mahalanobis,FalsePremise,137,0.7042033962682197,0.8504079563648204,0.6543909348441926
stats+rawdim,4,32,0.1222335964258544,FIS T=product/S=product,TriviaQA,137,0.555580908754316,0.8731411878325261,0.9348441926345609
stats+rawdim,4,32,0.1222335964258544,FIS T=product/S=product,FalsePremise,137,0.7406784623419375,0.8436583153655929,0.6968838526912181
stats+rawdim,4,32,0.1222335964258544,FIS T=hamacher/S=hamacher,TriviaQA,137,0.5562051714785126,0.8717571383027816,0.9178470254957507
stats+rawdim,4,32,0.1222335964258544,FIS T=hamacher/S=hamacher,FalsePremise,137,0.7103557693829428,0.8430356865288346,0.6855524079320113
stats+rawdim,4,32,0.1222335964258544,FIS T=dombi2/S=einstein,TriviaQA,137,0.5623387321295826,0.8726652791896748,0.9065155807365439
stats+rawdim,4,32,0.1222335964258544,FIS T=dombi2/S=einstein,FalsePremise,137,0.7118473736686344,0.8438469593166817,0.7082152974504249
stats+rawdim,8,8,0.13138740937340831,Mahalanobis,TriviaQA,80,0.5252517859654259,0.861353199926749,0.9660056657223796
stats+rawdim,8,8,0.13138740937340831,Mahalanobis,FalsePremise,80,0.6073203348790099,0.7922892559984053,0.9376770538243626
stats+rawdim,8,8,0.13138740937340831,FIS T=product/S=product,TriviaQA,80,0.5049488965618192,0.8565629785886848,0.9291784702549575
stats+rawdim,8,8,0.13138740937340831,FIS T=product/S=product,FalsePremise,80,0.5936901577856205,0.7923903361148472,0.9858356940509915
stats+rawdim,8,8,0.13138740937340831,FIS T=hamacher/S=hamacher,TriviaQA,80,0.5030280329840332,0.8561176402669314,0.9150141643059491
stats+rawdim,8,8,0.13138740937340831,FIS T=hamacher/S=hamacher,FalsePremise,80,0.5850075964992799,0.7838581546662968,0.9886685552407932
stats+rawdim,8,8,0.13138740937340831,FIS T=dombi2/S=einstein,TriviaQA,80,0.5016733111181908,0.8561069749947753,1.0
stats+rawdim,8,8,0.13138740937340831,FIS T=dombi2/S=einstein,FalsePremise,80,0.5825268647031826,0.7826742382205913,1.0
stats+rawdim,8,16,0.10560689830185341,Mahalanobis,TriviaQA,140,0.5774415847949692,0.8783932658962215,0.9461756373937678
stats+rawdim,8,16,0.10560689830185341,Mahalanobis,FalsePremise,140,0.7174458353775302,0.8464411455848341,0.6628895184135978
stats+rawdim,8,16,0.10560689830185341,FIS T=product/S=product,TriviaQA,140,0.5583965489034501,0.8736222295891658,0.9546742209631728
stats+rawdim,8,16,0.10560689830185341,FIS T=product/S=product,FalsePremise,140,0.7665263424438571,0.8683935422149445,0.5920679886685553
stats+rawdim,8,16,0.10560689830185341,FIS T=hamacher/S=hamacher,TriviaQA,140,0.5527824896458493,0.8694614854628637,0.9660056657223796
stats+rawdim,8,16,0.10560689830185341,FIS T=hamacher/S=hamacher,FalsePremise,140,0.7558002437210185,0.8604162876387665,0.5297450424929179
stats+rawdim,8,16,0.10560689830185341,FIS T=dombi2/S=einstein,TriviaQA,140,0.5528384580280187,0.8686243628266909,0.9716713881019831
stats+rawdim,8,16,0.10560689830185341,FIS T=dombi2/S=einstein,FalsePremise,140,0.7637765679649295,0.8618705161534863,0.5042492917847026
stats+rawdim,8,32,0.09786058686548983,Mahalanobis,TriviaQA,276,0.5946669307226236,0.885153988897369,0.9235127478753541
stats+rawdim,8,32,0.09786058686548983,Mahalanobis,FalsePremise,276,0.6995584534793549,0.8361275644565425,0.603399433427762
stats+rawdim,8,32,0.09786058686548983,FIS T=product/S=product,TriviaQA,276,0.5758830806145616,0.8819871896571017,0.9575070821529745
stats+rawdim,8,32,0.09786058686548983,FIS T=product/S=product,FalsePremise,276,0.7462492284805419,0.8620250183526843,0.8611898016997167
stats+rawdim,8,32,0.09786058686548983,FIS T=hamacher/S=hamacher,TriviaQA,276,0.5801266320523749,0.8835246114377342,0.9376770538243626
stats+rawdim,8,32,0.09786058686548983,FIS T=hamacher/S=hamacher,FalsePremise,276,0.736156171364363,0.8540062727921618,0.7535410764872521
stats+rawdim,8,32,0.09786058686548983,FIS T=dombi2/S=einstein,TriviaQA,276,0.5843716185769106,0.8847266222775595,0.9376770538243626
stats+rawdim,8,32,0.09786058686548983,FIS T=dombi2/S=einstein,FalsePremise,276,0.7330147023913147,0.850743238042399,0.773371104815864
stats+layerstat,1,8,,Mahalanobis,TriviaQA,18,0.4919950862630629,0.841899735064704,0.9348441926345609
stats+layerstat,1,8,,Mahalanobis,FalsePremise,18,0.49659344485416307,0.7195479615203948,0.9263456090651558
stats+layerstat,1,8,,FIS T=product/S=product,TriviaQA,18,0.45835521840584825,0.8315294713027899,0.9603399433427762
stats+layerstat,1,8,,FIS T=product/S=product,FalsePremise,18,0.3999873391678668,0.621391703138614,1.0
stats+layerstat,1,8,,FIS T=hamacher/S=hamacher,TriviaQA,18,0.45881372861362013,0.8305724396367269,0.9603399433427762
stats+layerstat,1,8,,FIS T=hamacher/S=hamacher,FalsePremise,18,0.4170537452324054,0.6431656108709394,1.0
stats+layerstat,1,8,,FIS T=dombi2/S=einstein,TriviaQA,18,0.46695712821925833,0.8336364350931117,1.0
stats+layerstat,1,8,,FIS T=dombi2/S=einstein,FalsePremise,18,0.47585737572601955,0.6745613368701391,1.0
stats+layerstat,1,16,,Mahalanobis,TriviaQA,32,0.5335781591281561,0.8590762796400475,0.9490084985835694
stats+layerstat,1,16,,Mahalanobis,FalsePremise,32,0.4954500134521342,0.7248286338862073,0.9490084985835694
stats+layerstat,1,16,,FIS T=product/S=product,TriviaQA,32,0.49324791697162257,0.8453128359634432,0.9716713881019831
stats+layerstat,1,16,,FIS T=product/S=product,FalsePremise,32,0.4181457420038932,0.6831704321618521,0.9971671388101983
stats+layerstat,1,16,,FIS T=hamacher/S=hamacher,TriviaQA,32,0.4953072664181096,0.8461086204759789,0.9688385269121813
stats+layerstat,1,16,,FIS T=hamacher/S=hamacher,FalsePremise,32,0.4223099688227009,0.6834147385732097,0.9971671388101983
stats+layerstat,1,16,,FIS T=dombi2/S=einstein,TriviaQA,32,0.5063165342081622,0.8483753710756811,1.0
stats+layerstat,1,16,,FIS T=dombi2/S=einstein,FalsePremise,32,0.46804129013879436,0.705763628819603,1.0
stats+layerstat,1,32,,Mahalanobis,TriviaQA,53,0.5323798617150435,0.8588251395396684,0.9376770538243626
stats+layerstat,1,32,,Mahalanobis,FalsePremise,53,0.5047201164796556,0.7382957463699431,0.9801699716713881
stats+layerstat,1,32,,FIS T=product/S=product,TriviaQA,53,0.5183253399002903,0.8587953299884714,0.9575070821529745
stats+layerstat,1,32,,FIS T=product/S=product,FalsePremise,53,0.5341961162897431,0.7541167375995623,0.9886685552407932
stats+layerstat,1,32,,FIS T=hamacher/S=hamacher,TriviaQA,53,0.5184193380806001,0.8554259220719661,0.9518413597733711
stats+layerstat,1,32,,FIS T=hamacher/S=hamacher,FalsePremise,53,0.5356877205754348,0.7315447617810741,0.9943342776203966
stats+layerstat,1,32,,FIS T=dombi2/S=einstein,TriviaQA,53,0.5202763402992443,0.8550132069978151,0.9490084985835694
stats+layerstat,1,32,,FIS T=dombi2/S=einstein,FalsePremise,53,0.5511458053080539,0.7343710023885046,0.9773371104815864
stats+layerstat,2,8,0.5803400874137878,Mahalanobis,TriviaQA,23,0.5168680093338041,0.8520554501620022,0.9518413597733711
stats+layerstat,2,8,0.5803400874137878,Mahalanobis,FalsePremise,23,0.4535110070109358,0.6960035939018214,0.9461756373937678
stats+layerstat,2,8,0.5803400874137878,FIS T=product/S=product,TriviaQA,23,0.5088006693244473,0.8529381411860149,0.9688385269121813
stats+layerstat,2,8,0.5803400874137878,FIS T=product/S=product,FalsePremise,23,0.3727230284710463,0.6191653134304046,1.0
stats+layerstat,2,8,0.5803400874137878,FIS T=hamacher/S=hamacher,TriviaQA,23,0.5130822505604015,0.8558584685154067,0.9688385269121813
stats+layerstat,2,8,0.5803400874137878,FIS T=hamacher/S=hamacher,FalsePremise,23,0.3937973792077484,0.6589143109148705,1.0
stats+layerstat,2,8,0.5803400874137878,FIS T=dombi2/S=einstein,TriviaQA,23,0.5171019284695374,0.8570291549590555,1.0
stats+layerstat,2,8,0.5803400874137878,FIS T=dombi2/S=einstein,FalsePremise,23,0.44840710905724274,0.7018034163446577,1.0
stats+layerstat,2,16,0.47601595520973206,Mahalanobis,TriviaQA,43,0.5464465817669362,0.8643564837685955,0.9546742209631728
stats+layerstat,2,16,0.47601595520973206,Mahalanobis,FalsePremise,43,0.476241157200057,0.7083376212989653,0.9631728045325779
stats+layerstat,2,16,0.47601595520973206,FIS T=product/S=product,TriviaQA,43,0.5426830668377289,0.8654028350388625,0.9518413597733711
stats+layerstat,2,16,0.47601595520973206,FIS T=product/S=product,FalsePremise,43,0.49265276085270704,0.7372052141644448,0.9631728045325779
stats+layerstat,2,16,0.47601595520973206,FIS T=hamacher/S=hamacher,TriviaQA,43,0.5482346998229103,0.8672184456474408,0.9575070821529745
stats+layerstat,2,16,0.47601595520973206,FIS T=hamacher/S=hamacher,FalsePremise,43,0.5283009163277257,0.7642490279882028,0.9716713881019831
stats+layerstat,2,16,0.47601595520973206,FIS T=dombi2/S=einstein,TriviaQA,43,0.5544436025269006,0.8687004519804671,1.0
stats+layerstat,2,16,0.47601595520973206,FIS T=dombi2/S=einstein,FalsePremise,43,0.5664357383639039,0.7824649805224289,1.0
stats+layerstat,2,32,0.16168866431344034,Mahalanobis,TriviaQA,103,0.5686129312794372,0.879724691205396,0.9376770538243626
stats+layerstat,2,32,0.16168866431344034,Mahalanobis,FalsePremise,103,0.5537729279756912,0.7397902589037962,0.9376770538243626
stats+layerstat,2,32,0.16168866431344034,FIS T=product/S=product,TriviaQA,103,0.5351122668342848,0.8678000149128197,0.9461756373937678
stats+layerstat,2,32,0.16168866431344034,FIS T=product/S=product,FalsePremise,103,0.5230921708579297,0.728402926457917,0.9036827195467422
stats+layerstat,2,32,0.16168866431344034,FIS T=hamacher/S=hamacher,TriviaQA,103,0.5347405793732115,0.8728528287857753,0.9405099150141643
stats+layerstat,2,32,0.16168866431344034,FIS T=hamacher/S=hamacher,FalsePremise,103,0.4995291753050469,0.7053651378338757,0.9263456090651558
stats+layerstat,2,32,0.16168866431344034,FIS T=dombi2/S=einstein,TriviaQA,103,0.5332588523324465,0.8723793884911588,0.9376770538243626
stats+layerstat,2,32,0.16168866431344034,FIS T=dombi2/S=einstein,FalsePremise,103,0.4950365581527846,0.7026327897185118,0.9036827195467422
stats+layerstat,4,8,0.27090200781822205,Mahalanobis,TriviaQA,43,0.5053743997749784,0.8513090338943222,0.943342776203966
stats+layerstat,4,8,0.27090200781822205,Mahalanobis,FalsePremise,43,0.45096697105417255,0.7085752560099299,0.9745042492917847
stats+layerstat,4,8,0.27090200781822205,FIS T=product/S=product,TriviaQA,43,0.5301339509946585,0.8640081951754017,0.9518413597733711
stats+layerstat,4,8,0.27090200781822205,FIS T=product/S=product,FalsePremise,43,0.44058508870495505,0.6472336779946624,0.9518413597733711
stats+layerstat,4,8,0.27090200781822205,FIS T=hamacher/S=hamacher,TriviaQA,43,0.5298828108182577,0.8626790760748665,0.9801699716713881
stats+layerstat,4,8,0.27090200781822205,FIS T=hamacher/S=hamacher,FalsePremise,43,0.4452893791444442,0.6628669572191619,0.9801699716713881
stats+layerstat,4,8,0.27090200781822205,FIS T=dombi2/S=einstein,TriviaQA,43,0.5259061855107905,0.8607485502548727,1.0
stats+layerstat,4,8,0.27090200781822205,FIS T=dombi2/S=einstein,FalsePremise,43,0.47543007264152437,0.6783664552450428,1.0
stats+layerstat,4,16,0.25108927488327026,Mahalanobis,TriviaQA,94,0.5409258031462841,0.8617898151726088,0.9518413597733711
stats+layerstat,4,16,0.25108927488327026,Mahalanobis,FalsePremise,94,0.4823183566239891,0.7132683907256959,0.9716713881019831
stats+layerstat,4,16,0.25108927488327026,FIS T=product/S=product,TriviaQA,94,0.5522500724718795,0.8689305680870592,0.9178470254957507
stats+layerstat,4,16,0.25108927488327026,FIS T=product/S=product,FalsePremise,94,0.6700072799784765,0.7744972510948165,0.8526912181303116
stats+layerstat,4,16,0.25108927488327026,FIS T=hamacher/S=hamacher,TriviaQA,94,0.5516516413086843,0.8680494157985433,0.9065155807365439
stats+layerstat,4,16,0.25108927488327026,FIS T=hamacher/S=hamacher,FalsePremise,94,0.6326934337759349,0.7535441891216108,0.8555240793201133
stats+layerstat,4,16,0.25108927488327026,FIS T=dombi2/S=einstein,TriviaQA,94,0.5537712643975076,0.8684047739258541,0.9263456090651558
stats+layerstat,4,16,0.25108927488327026,FIS T=dombi2/S=einstein,FalsePremise,94,0.6475699115324355,0.7591706193826262,0.773371104815864
stats+layerstat,4,32,0.15417784611260146,Mahalanobis,TriviaQA,154,0.5410506556911234,0.861835357002448,0.943342776203966
stats+layerstat,4,32,0.15417784611260146,Mahalanobis,FalsePremise,154,0.46950322059917393,0.6950749593899495,0.9886685552407932
stats+layerstat,4,32,0.15417784611260146,FIS T=product/S=product,TriviaQA,154,0.5357645137495659,0.8651089389442157,0.9348441926345609
stats+layerstat,4,32,0.15417784611260146,FIS T=product/S=product,FalsePremise,154,0.572744393625271,0.7246828665524642,0.9348441926345609
stats+layerstat,4,32,0.15417784611260146,FIS T=hamacher/S=hamacher,TriviaQA,154,0.539424702434768,0.8689847346380337,0.943342776203966
stats+layerstat,4,32,0.15417784611260146,FIS T=hamacher/S=hamacher,FalsePremise,154,0.5335789007232501,0.7098308556491342,0.9716713881019831
stats+layerstat,4,32,0.15417784611260146,FIS T=dombi2/S=einstein,TriviaQA,154,0.5389654746836352,0.8685797289734991,0.9490084985835694
stats+layerstat,4,32,0.15417784611260146,FIS T=dombi2/S=einstein,FalsePremise,154,0.5343642679665122,0.709593836074369,0.9660056657223796
stats+layerstat,8,8,0.21878682076931,Mahalanobis,TriviaQA,93,0.49996842809210956,0.8513298951223863,0.9490084985835694
stats+layerstat,8,8,0.21878682076931,Mahalanobis,FalsePremise,93,0.40251159257442193,0.6869548314869112,0.9830028328611898
stats+layerstat,8,8,0.21878682076931,FIS T=product/S=product,TriviaQA,93,0.5572951198440922,0.8669465981606521,0.9518413597733711
stats+layerstat,8,8,0.21878682076931,FIS T=product/S=product,FalsePremise,93,0.5600875180021206,0.6708215648082403,0.8555240793201133
stats+layerstat,8,8,0.21878682076931,FIS T=hamacher/S=hamacher,TriviaQA,93,0.5515576431283743,0.8609936803820621,0.9546742209631728
stats+layerstat,8,8,0.21878682076931,FIS T=hamacher/S=hamacher,FalsePremise,93,0.5319824489214554,0.659868010164709,0.8781869688385269
stats+layerstat,8,8,0.21878682076931,FIS T=dombi2/S=einstein,TriviaQA,93,0.5471497742608586,0.8584190056204883,1.0
stats+layerstat,8,8,0.21878682076931,FIS T=dombi2/S=einstein,FalsePremise,93,0.5217964138192983,0.6567513611154916,1.0
stats+layerstat,8,16,0.19054877758026123,Mahalanobis,TriviaQA,157,0.5288481132914862,0.8570639946297756,0.9405099150141643
stats+layerstat,8,16,0.19054877758026123,Mahalanobis,FalsePremise,157,0.507996106794119,0.7142275624185541,0.9150141643059491
stats+layerstat,8,16,0.19054877758026123,FIS T=product/S=product,TriviaQA,157,0.5422231215432348,0.8651199889190978,0.9376770538243626
stats+layerstat,8,16,0.19054877758026123,FIS T=product/S=product,FalsePremise,157,0.5610133413518603,0.6975546163194513,0.8470254957507082
stats+layerstat,8,16,0.19054877758026123,FIS T=hamacher/S=hamacher,TriviaQA,157,0.547215788250084,0.8664751642538746,0.9376770538243626
stats+layerstat,8,16,0.19054877758026123,FIS T=hamacher/S=hamacher,FalsePremise,157,0.5723012645006094,0.7031185011051115,0.8498583569405099
stats+layerstat,8,16,0.19054877758026123,FIS T=dombi2/S=einstein,TriviaQA,157,0.5448041250132746,0.8660764564010344,0.943342776203966
stats+layerstat,8,16,0.19054877758026123,FIS T=dombi2/S=einstein,FalsePremise,157,0.5619035561112253,0.696014857586995,0.8243626062322946
stats+layerstat,8,32,0.12964508259188975,Mahalanobis,TriviaQA,296,0.5296144496011894,0.8578900621649359,0.9490084985835694
stats+layerstat,8,32,0.12964508259188975,Mahalanobis,FalsePremise,296,0.4534872679506861,0.7096555057330325,1.0
stats+layerstat,8,32,0.12964508259188975,FIS T=product/S=product,TriviaQA,296,0.5495535445206954,0.869044654856864,0.9405099150141643
stats+layerstat,8,32,0.12964508259188975,FIS T=product/S=product,FalsePremise,296,0.5357688290312881,0.706497998578215,0.9660056657223796
stats+layerstat,8,32,0.12964508259188975,FIS T=hamacher/S=hamacher,TriviaQA,296,0.5526404160603425,0.8679701696444152,0.943342776203966
stats+layerstat,8,32,0.12964508259188975,FIS T=hamacher/S=hamacher,FalsePremise,296,0.5229240191811606,0.7106093461914432,0.9603399433427762
stats+layerstat,8,32,0.12964508259188975,FIS T=dombi2/S=einstein,TriviaQA,296,0.5541558676390814,0.8680130064593586,0.943342776203966
stats+layerstat,8,32,0.12964508259188975,FIS T=dombi2/S=einstein,FalsePremise,296,0.5059545476126417,0.7079495252880853,0.9745042492917847
stats+centroid,1,8,,Mahalanobis,TriviaQA,22,0.47763704360654513,0.8409313537374613,0.9490084985835694
stats+centroid,1,8,,Mahalanobis,FalsePremise,22,0.5160476047288208,0.7231965633758839,0.9178470254957507
stats+centroid,1,8,,FIS T=product/S=product,TriviaQA,22,0.4952211612147722,0.8487447067339314,0.9575070821529745
stats+centroid,1,8,,FIS T=product/S=product,FalsePremise,22,0.8138185069713707,0.8966031680040534,0.7365439093484419
stats+centroid,1,8,,FIS T=hamacher/S=hamacher,TriviaQA,22,0.49563733636423646,0.848917710630497,0.9490084985835694
stats+centroid,1,8,,FIS T=hamacher/S=hamacher,FalsePremise,22,0.820659312833336,0.906309679866883,0.7252124645892352
stats+centroid,1,8,,FIS T=dombi2/S=einstein,TriviaQA,22,0.47858994119014614,0.8464543842516902,1.0
stats+centroid,1,8,,FIS T=dombi2/S=einstein,FalsePremise,22,0.778455220219349,0.8864788310871631,1.0
stats+centroid,1,16,,Mahalanobis,TriviaQA,49,0.49907006380395563,0.850738116193448,0.9461756373937678
stats+centroid,1,16,,Mahalanobis,FalsePremise,49,0.5543664044819345,0.7632832424194439,0.943342776203966
stats+centroid,1,16,,FIS T=product/S=product,TriviaQA,49,0.4957377924347968,0.8499313052518295,0.9745042492917847
stats+centroid,1,16,,FIS T=product/S=product,FalsePremise,49,0.7571830439805656,0.8903749923548289,0.8668555240793201
stats+centroid,1,16,,FIS T=hamacher/S=hamacher,TriviaQA,49,0.5032303802118763,0.8533195808167124,0.9716713881019831
stats+centroid,1,16,,FIS T=hamacher/S=hamacher,FalsePremise,49,0.7506132590564514,0.8865413063870001,0.8838526912181303
stats+centroid,1,16,,FIS T=dombi2/S=einstein,TriviaQA,49,0.49807554870540827,0.8525118437413958,0.9688385269121813
stats+centroid,1,16,,FIS T=dombi2/S=einstein,FalsePremise,49,0.7423718486397519,0.8820493948642194,0.9291784702549575
stats+centroid,1,32,,Mahalanobis,TriviaQA,93,0.5471512093475809,0.8653358688169911,0.9178470254957507
stats+centroid,1,32,,Mahalanobis,FalsePremise,93,0.6451406143668792,0.8277239915812177,0.8696883852691218
stats+centroid,1,32,,FIS T=product/S=product,TriviaQA,93,0.5259298644417082,0.8567472900707334,0.9405099150141643
stats+centroid,1,32,,FIS T=product/S=product,FalsePremise,93,0.7498773481887097,0.8751975965406329,0.9461756373937678
stats+centroid,1,32,,FIS T=hamacher/S=hamacher,TriviaQA,93,0.5437514889024744,0.8670579977967117,0.9348441926345609
stats+centroid,1,32,,FIS T=hamacher/S=hamacher,FalsePremise,93,0.7618695301248675,0.8890222843065616,0.9518413597733711
stats+centroid,1,32,,FIS T=dombi2/S=einstein,TriviaQA,93,0.5516702974360741,0.871387969817538,0.9376770538243626
stats+centroid,1,32,,FIS T=dombi2/S=einstein,FalsePremise,93,0.7645006093025464,0.888044745690195,0.9603399433427762
stats+centroid,2,8,0.4986812174320221,Mahalanobis,TriviaQA,29,0.5032131591712087,0.8496312433305873,0.9603399433427762
stats+centroid,2,8,0.4986812174320221,Mahalanobis,FalsePremise,29,0.6210138161330654,0.765192455630997,0.7790368271954674
stats+centroid,2,8,0.4986812174320221,FIS T=product/S=product,TriviaQA,29,0.5156481856198569,0.8552390093567404,0.9546742209631728
stats+centroid,2,8,0.4986812174320221,FIS T=product/S=product,FalsePremise,29,0.8763748872394639,0.8986481794307901,0.49291784702549574
stats+centroid,2,8,0.4986812174320221,FIS T=hamacher/S=hamacher,TriviaQA,29,0.5149722597736581,0.8551330294750288,0.9490084985835694
stats+centroid,2,8,0.4986812174320221,FIS T=hamacher/S=hamacher,FalsePremise,29,0.8801375282890469,0.9216343620381696,0.49575070821529743
stats+centroid,2,8,0.4986812174320221,FIS T=dombi2/S=einstein,TriviaQA,29,0.5121903441624978,0.8544522983252199,1.0
stats+centroid,2,8,0.4986812174320221,FIS T=dombi2/S=einstein,FalsePremise,29,0.8813877854621995,0.9205193056281182,0.43342776203966005
stats+centroid,2,16,0.39372601583634886,Mahalanobis,TriviaQA,63,0.5261745467278588,0.8671598654949026,0.9291784702549575
stats+centroid,2,16,0.39372601583634886,Mahalanobis,FalsePremise,63,0.6601001788342539,0.8228240796708803,0.8696883852691218
stats+centroid,2,16,0.39372601583634886,FIS T=product/S=product,TriviaQA,63,0.5128016911061936,0.8521559941400574,0.9546742209631728
stats+centroid,2,16,0.39372601583634886,FIS T=product/S=product,FalsePremise,63,0.6542287179324862,0.8094330475455013,0.8130311614730878
stats+centroid,2,16,0.39372601583634886,FIS T=hamacher/S=hamacher,TriviaQA,63,0.5078542296310966,0.8531161672288783,0.9546742209631728
stats+centroid,2,16,0.39372601583634886,FIS T=hamacher/S=hamacher,FalsePremise,63,0.6524957665342555,0.8100682146461258,0.8271954674220963
stats+centroid,2,16,0.39372601583634886,FIS T=dombi2/S=einstein,TriviaQA,63,0.5141391919313685,0.8545029604392025,1.0
stats+centroid,2,16,0.39372601583634886,FIS T=dombi2/S=einstein,FalsePremise,63,0.6583256840805862,0.8063248256760813,0.7677053824362606
stats+centroid,2,32,0.3390520526641053,Mahalanobis,TriviaQA,147,0.5247480705259018,0.8645610625544817,0.9518413597733711
stats+centroid,2,32,0.3390520526641053,Mahalanobis,FalsePremise,147,0.6919461281592734,0.8457978405359635,0.9660056657223796
stats+centroid,2,32,0.3390520526641053,FIS T=product/S=product,TriviaQA,147,0.47395891633731424,0.8415600524800808,0.9546742209631728
stats+centroid,2,32,0.3390520526641053,FIS T=product/S=product,FalsePremise,147,0.506749806131008,0.7397201022307593,0.9093484419263456
stats+centroid,2,32,0.3390520526641053,FIS T=hamacher/S=hamacher,TriviaQA,147,0.4747252526470174,0.8442505704566658,0.9575070821529745
stats+centroid,2,32,0.3390520526641053,FIS T=hamacher/S=hamacher,FalsePremise,147,0.5007398673777834,0.7463045257473522,0.9376770538243626
stats+centroid,2,32,0.3390520526641053,FIS T=dombi2/S=einstein,TriviaQA,147,0.47644018128015475,0.8449362529140728,0.9546742209631728
stats+centroid,2,32,0.3390520526641053,FIS T=dombi2/S=einstein,FalsePremise,147,0.5294364347096713,0.7532985844814953,0.8895184135977338
stats+centroid,4,8,0.3346980810165405,Mahalanobis,TriviaQA,38,0.48132808665627663,0.8419542226007242,0.9660056657223796
stats+centroid,4,8,0.3346980810165405,Mahalanobis,FalsePremise,38,0.6339951255796287,0.7436512318427241,0.7337110481586402
stats+centroid,4,8,0.3346980810165405,FIS T=product/S=product,TriviaQA,38,0.4967674671580403,0.8438547446413236,0.9546742209631728
stats+centroid,4,8,0.3346980810165405,FIS T=product/S=product,FalsePremise,38,0.8060479212496241,0.8653235968873247,0.7818696883852692
stats+centroid,4,8,0.3346980810165405,FIS T=hamacher/S=hamacher,TriviaQA,38,0.4968363513207103,0.8459533544780763,0.9631728045325779
stats+centroid,4,8,0.3346980810165405,FIS T=hamacher/S=hamacher,FalsePremise,38,0.8030231693228038,0.8485332686589345,0.7648725212464589
stats+centroid,4,8,0.3346980810165405,FIS T=dombi2/S=einstein,TriviaQA,38,0.4940788321838289,0.8458877967752345,1.0
stats+centroid,4,8,0.3346980810165405,FIS T=dombi2/S=einstein,FalsePremise,38,0.7960221248041528,0.841308444943998,0.7535410764872521
stats+centroid,4,16,0.28626085081225233,Mahalanobis,TriviaQA,88,0.5199692317406741,0.8644427634941237,0.9263456090651558
stats+centroid,4,16,0.28626085081225233,Mahalanobis,FalsePremise,88,0.6525788532451295,0.8191669075517634,0.8838526912181303
stats+centroid,4,16,0.28626085081225233,FIS T=product/S=product,TriviaQA,88,0.519548751331043,0.8572934227263596,0.943342776203966
stats+centroid,4,16,0.28626085081225233,FIS T=product/S=product,FalsePremise,88,0.5986318388276068,0.7893867740446595,0.9150141643059491
stats+centroid,4,16,0.28626085081225233,FIS T=hamacher/S=hamacher,TriviaQA,88,0.5233294873009177,0.8587985901365969,0.943342776203966
stats+centroid,4,16,0.28626085081225233,FIS T=hamacher/S=hamacher,FalsePremise,88,0.6394709354772342,0.812776682272419,0.9008498583569405
stats+centroid,4,16,0.28626085081225233,FIS T=dombi2/S=einstein,TriviaQA,88,0.5250738352118618,0.8600765451393633,1.0
stats+centroid,4,16,0.28626085081225233,FIS T=dombi2/S=einstein,FalsePremise,88,0.6246854574516911,0.8080996514918508,1.0
stats+centroid,4,32,0.2037110627962827,Mahalanobis,TriviaQA,188,0.5307797400196894,0.8657854328191155,0.943342776203966
stats+centroid,4,32,0.2037110627962827,Mahalanobis,FalsePremise,188,0.683815500023739,0.8379382947619689,0.9631728045325779
stats+centroid,4,32,0.2037110627962827,FIS T=product/S=product,TriviaQA,188,0.4823972262643832,0.8427436495383671,0.9490084985835694
stats+centroid,4,32,0.2037110627962827,FIS T=product/S=product,FalsePremise,188,0.5769303812493076,0.7634494686802377,0.8980169971671388
stats+centroid,4,32,0.2037110627962827,FIS T=hamacher/S=hamacher,TriviaQA,188,0.48712440192760853,0.8458926214764932,0.9461756373937678
stats+centroid,4,32,0.2037110627962827,FIS T=hamacher/S=hamacher,FalsePremise,188,0.5988336208397297,0.7879410639055766,0.886685552407932
stats+centroid,4,32,0.2037110627962827,FIS T=dombi2/S=einstein,TriviaQA,188,0.4838337480733961,0.8454698047513729,0.9461756373937678
stats+centroid,4,32,0.2037110627962827,FIS T=dombi2/S=einstein,FalsePremise,188,0.5912292085397313,0.7869815278761698,0.9065155807365439
stats+centroid,8,8,0.2751888036727905,Mahalanobis,TriviaQA,77,0.4865833742333049,0.8420345581189951,0.9518413597733711
stats+centroid,8,8,0.2751888036727905,Mahalanobis,FalsePremise,77,0.6872695332900755,0.7713710697634846,0.7252124645892352
stats+centroid,8,8,0.2751888036727905,FIS T=product/S=product,TriviaQA,77,0.4872420790388363,0.8411592845676739,0.9518413597733711
stats+centroid,8,8,0.2751888036727905,FIS T=product/S=product,FalsePremise,77,0.7355073037175369,0.7984566684727574,0.6713881019830028
stats+centroid,8,8,0.2751888036727905,FIS T=hamacher/S=hamacher,TriviaQA,77,0.48301431355496816,0.8413711545937096,0.9546742209631728
stats+centroid,8,8,0.2751888036727905,FIS T=hamacher/S=hamacher,FalsePremise,77,0.7575905645148526,0.8050745182083119,0.6798866855524079
stats+centroid,8,8,0.2751888036727905,FIS T=dombi2/S=einstein,TriviaQA,77,0.47679464770056057,0.8401751137260987,1.0
stats+centroid,8,8,0.2751888036727905,FIS T=dombi2/S=einstein,FalsePremise,77,0.7538773798407901,0.7976189109896834,0.6572237960339944
stats+centroid,8,16,0.21545387159384016,Mahalanobis,TriviaQA,165,0.5146665863018102,0.8588826400586453,0.9688385269121813
stats+centroid,8,16,0.21545387159384016,Mahalanobis,FalsePremise,165,0.6763851741655721,0.8137893052967851,0.7677053824362606
stats+centroid,8,16,0.21545387159384016,FIS T=product/S=product,TriviaQA,165,0.5101302771726495,0.8540255533159391,0.9518413597733711
stats+centroid,8,16,0.21545387159384016,FIS T=product/S=product,FalsePremise,165,0.7488130469875133,0.8783056339016122,0.8640226628895185
stats+centroid,8,16,0.21545387159384016,FIS T=hamacher/S=hamacher,TriviaQA,165,0.5087612044395844,0.8535391028381546,0.9490084985835694
stats+centroid,8,16,0.21545387159384016,FIS T=hamacher/S=hamacher,FalsePremise,165,0.7423599791096269,0.8601304560280975,0.8356940509915014
stats+centroid,8,16,0.21545387159384016,FIS T=dombi2/S=einstein,TriviaQA,165,0.5067061602532641,0.8525819839281333,1.0
stats+centroid,8,16,0.21545387159384016,FIS T=dombi2/S=einstein,FalsePremise,165,0.7172183360501369,0.8473447199618056,0.8838526912181303
stats+centroid,8,32,0.16342901870171495,Mahalanobis,TriviaQA,310,0.5276412053580397,0.8632051204556059,0.9263456090651558
stats+centroid,8,32,0.16342901870171495,Mahalanobis,FalsePremise,310,0.7036178327820596,0.851219854039647,0.9943342776203966
stats+centroid,8,32,0.16342901870171495,FIS T=product/S=product,TriviaQA,310,0.49956086346297907,0.8482876372141939,0.9461756373937678
stats+centroid,8,32,0.16342901870171495,FIS T=product/S=product,FalsePremise,310,0.5861213540759966,0.7715936677180073,0.886685552407932
stats+centroid,8,32,0.16342901870171495,FIS T=hamacher/S=hamacher,TriviaQA,310,0.49323069593095514,0.8457732940986645,0.943342776203966
stats+centroid,8,32,0.16342901870171495,FIS T=hamacher/S=hamacher,FalsePremise,310,0.6409625397629259,0.8176409844767819,0.8668555240793201
stats+centroid,8,32,0.16342901870171495,FIS T=dombi2/S=einstein,TriviaQA,310,0.4944376038644015,0.8466089530691764,0.9490084985835694
stats+centroid,8,32,0.16342901870171495,FIS T=dombi2/S=einstein,FalsePremise,310,0.6263748872394639,0.8172656717363753,0.9008498583569405
