seed,ranker,auroc,n_layers_selected,features
0,bhattacharyya,0.597997256515775,5,"L30_dist,L29_dist,L30_cos,L31_dist,L29_cos,L28_dist,L31_cos,L27_cos"
0,jensen_shannon,0.5897942386831276,5,"L30_dist,L29_dist,L31_dist,L30_cos,L28_dist,L29_cos,L27_dist,L31_cos"
0,overlap,0.597997256515775,5,"L30_dist,L29_dist,L30_cos,L31_dist,L29_cos,L28_dist,L31_cos,L27_cos"
0,blend (library),0.5623319615912208,5,"L30_dist,L29_dist,L31_dist,L30_cos,L28_dist,L29_cos,L27_dist,L28_cos"
0,hist_corr,0.6658436213991769,8,"L10_cos,L30_dist,L29_dist,L25_dist,L31_dist,L12_dist,L28_dist,L07_cos"
0,ks,0.6033470507544583,4,"L30_dist,L30_cos,L31_dist,L31_cos,L29_dist,L27_dist,L29_cos,L27_cos"
0,wasserstein,0.5623319615912208,5,"L30_dist,L29_dist,L31_dist,L30_cos,L28_dist,L29_cos,L27_dist,L28_cos"
0,auc,0.6033470507544583,4,"L30_dist,L30_cos,L31_dist,L31_cos,L27_cos,L27_dist,L29_dist,L29_cos"
0,mutual_info,0.6002194787379972,5,"L30_cos,L30_dist,L31_dist,L31_cos,L27_dist,L27_cos,L29_dist,L28_cos"
0,variance,0.6371742112482853,8,"L31_dist,L30_dist,L29_dist,L28_dist,L27_dist,L26_dist,L25_dist,L24_dist"
1,bhattacharyya,0.7753099173553718,5,"L30_dist,L30_cos,L31_dist,L29_dist,L26_cos,L32_dist,L26_dist,L31_cos"
1,jensen_shannon,0.7753099173553718,5,"L30_dist,L31_dist,L30_cos,L29_dist,L26_cos,L26_dist,L32_dist,L31_cos"
1,overlap,0.7753099173553718,5,"L30_dist,L30_cos,L31_dist,L29_dist,L26_cos,L32_dist,L26_dist,L31_cos"
1,blend (library),0.7638028007346188,6,"L30_dist,L26_dist,L31_dist,L29_dist,L30_cos,L26_cos,L32_dist,L28_dist"
1,hist_corr,0.641471533516988,6,"L25_dist,L26_dist,L30_dist,L25_cos,L31_dist,L29_dist,L26_cos,L10_cos"
1,ks,0.6497359963269054,5,"L30_dist,L31_dist,L30_cos,L31_cos,L27_dist,L27_cos,L29_dist,L32_dist"
1,wasserstein,0.7753099173553718,5,"L30_dist,L30_cos,L31_dist,L29_dist,L26_cos,L32_dist,L26_dist,L31_cos"
1,auc,0.6497359963269054,5,"L30_dist,L30_cos,L31_dist,L31_cos,L27_dist,L29_dist,L27_cos,L32_dist"
1,mutual_info,0.5950413223140496,4,"L30_dist,L30_cos,L31_cos,L31_dist,L27_dist,L29_dist,L29_cos,L27_cos"
1,variance,0.6401802112029384,8,"L31_dist,L30_dist,L29_dist,L28_dist,L27_dist,L26_dist,L25_dist,L24_dist"
2,bhattacharyya,0.6731804235199437,4,"L30_dist,L29_dist,L30_cos,L31_dist,L28_dist,L31_cos,L28_cos,L29_cos"
2,jensen_shannon,0.6731804235199437,4,"L30_dist,L29_dist,L30_cos,L31_dist,L28_dist,L28_cos,L31_cos,L29_cos"
2,overlap,0.6731804235199437,4,"L30_dist,L29_dist,L30_cos,L31_dist,L28_dist,L31_cos,L28_cos,L29_cos"
2,blend (library),0.6379960766561038,5,"L30_dist,L29_dist,L31_dist,L30_cos,L28_dist,L31_cos,L27_dist,L28_cos"
2,hist_corr,0.5721543181932497,7,"L29_dist,L25_dist,L30_dist,L31_dist,L28_dist,L26_dist,L27_dist,L27_cos"
2,ks,0.6328152507419145,5,"L30_dist,L30_cos,L31_dist,L27_dist,L31_cos,L27_cos,L29_dist,L28_cos"
2,wasserstein,0.6731804235199437,4,"L30_dist,L30_cos,L29_dist,L31_dist,L28_dist,L31_cos,L28_cos,L29_cos"
2,auc,0.6252200593531513,5,"L30_dist,L30_cos,L31_dist,L31_cos,L29_dist,L27_dist,L27_cos,L28_dist"
2,mutual_info,0.6541924450480359,5,"L30_dist,L30_cos,L31_dist,L29_dist,L31_cos,L27_dist,L28_cos,L29_cos"
2,variance,0.5813590865650621,8,"L31_dist,L30_dist,L29_dist,L28_dist,L27_dist,L26_dist,L25_dist,L24_dist"
3,bhattacharyya,0.5731659729448492,5,"L30_dist,L29_dist,L30_cos,L29_cos,L28_cos,L28_dist,L27_cos,L31_dist"
3,jensen_shannon,0.5731659729448492,5,"L30_dist,L29_dist,L30_cos,L29_cos,L28_dist,L28_cos,L27_cos,L31_dist"
3,overlap,0.5731659729448492,5,"L30_dist,L29_dist,L30_cos,L29_cos,L28_cos,L28_dist,L27_cos,L31_dist"
3,blend (library),0.5654916753381893,4,"L30_dist,L29_dist,L29_cos,L30_cos,L28_dist,L28_cos,L27_cos,L27_dist"
3,hist_corr,0.5920265348595213,5,"L29_cos,L30_dist,L27_dist,L29_dist,L28_dist,L30_cos,L27_cos,L31_dist"
3,ks,0.63039802289282,4,"L30_dist,L30_cos,L31_dist,L29_dist,L31_cos,L27_cos,L29_cos,L27_dist"
3,wasserstein,0.5731659729448492,5,"L30_dist,L29_dist,L30_cos,L29_cos,L28_cos,L28_dist,L27_cos,L31_dist"
3,auc,0.6187890218522373,5,"L30_cos,L30_dist,L29_dist,L29_cos,L31_dist,L31_cos,L28_cos,L27_cos"
3,mutual_info,0.6150494276795005,5,"L30_cos,L30_dist,L29_dist,L29_cos,L31_dist,L28_dist,L27_cos,L31_cos"
3,variance,0.7056451612903226,8,"L31_dist,L29_dist,L30_dist,L28_dist,L27_dist,L26_dist,L25_dist,L24_dist"
4,bhattacharyya,0.6635519999999999,4,"L30_dist,L29_dist,L30_cos,L31_dist,L29_cos,L31_cos,L28_dist,L28_cos"
4,jensen_shannon,0.6635519999999999,4,"L30_dist,L29_dist,L30_cos,L31_dist,L29_cos,L28_dist,L31_cos,L28_cos"
4,overlap,0.6635519999999999,4,"L30_dist,L29_dist,L30_cos,L31_dist,L29_cos,L31_cos,L28_dist,L28_cos"
4,blend (library),0.6635519999999999,4,"L30_dist,L29_dist,L31_dist,L30_cos,L28_dist,L29_cos,L31_cos,L28_cos"
4,hist_corr,0.6432640000000001,6,"L30_dist,L29_dist,L31_dist,L28_dist,L10_cos,L25_dist,L30_cos,L28_cos"
4,ks,0.6635519999999999,4,"L30_dist,L31_dist,L30_cos,L31_cos,L29_dist,L29_cos,L28_cos,L28_dist"
4,wasserstein,0.6635519999999999,4,"L30_dist,L29_dist,L31_dist,L30_cos,L28_dist,L29_cos,L31_cos,L28_cos"
4,auc,0.663808,5,"L30_dist,L30_cos,L31_cos,L31_dist,L29_dist,L29_cos,L28_dist,L27_dist"
4,mutual_info,0.6635519999999999,4,"L30_dist,L30_cos,L31_cos,L31_dist,L29_dist,L28_dist,L28_cos,L29_cos"
4,variance,0.6558719999999999,8,"L31_dist,L30_dist,L29_dist,L28_dist,L27_dist,L26_dist,L25_dist,L24_dist"
5,bhattacharyya,0.7564601204113165,4,"L30_dist,L30_cos,L29_dist,L31_dist,L31_cos,L29_cos,L28_dist,L28_cos"
5,jensen_shannon,0.7564601204113165,4,"L30_dist,L30_cos,L29_dist,L31_dist,L31_cos,L29_cos,L28_dist,L28_cos"
5,overlap,0.7564601204113165,4,"L30_dist,L30_cos,L29_dist,L31_dist,L31_cos,L29_cos,L28_dist,L28_cos"
5,blend (library),0.7564601204113165,4,"L30_dist,L30_cos,L29_dist,L31_dist,L29_cos,L31_cos,L28_dist,L28_cos"
5,hist_corr,0.6800042623474879,6,"L25_dist,L10_cos,L30_dist,L29_dist,L26_dist,L12_dist,L25_cos,L29_cos"
5,ks,0.7374393947466569,5,"L30_dist,L30_cos,L31_dist,L31_cos,L29_dist,L28_cos,L29_cos,L27_cos"
5,wasserstein,0.7564601204113165,4,"L30_dist,L30_cos,L29_dist,L31_dist,L31_cos,L29_cos,L28_dist,L28_cos"
5,auc,0.723027332303266,4,"L30_cos,L30_dist,L31_dist,L31_cos,L29_dist,L29_cos,L27_cos,L27_dist"
5,mutual_info,0.7374393947466569,5,"L30_cos,L30_dist,L31_dist,L31_cos,L29_cos,L29_dist,L27_cos,L28_cos"
5,variance,0.698838510309553,8,"L31_dist,L30_dist,L29_dist,L28_dist,L27_dist,L26_dist,L25_dist,L24_dist"
