pooling,l2,k,layer,val_tq,val_fp
prompt,False,8,0,0.5,0.5
prompt,False,8,2,0.5313205190199871,0.36839637635092176
prompt,False,8,4,0.556261225476651,0.6305268595041322
prompt,False,8,6,0.4796430298424979,0.5613795295613477
prompt,False,8,8,0.4915938449848024,0.6124880801017165
prompt,False,8,10,0.4921896587455098,0.6321876986649715
prompt,False,8,12,0.4921105047434835,0.6445009535918627
prompt,False,8,14,0.5242959611310676,0.5223180228862048
prompt,False,8,16,0.549248180897117,0.5704068658614113
prompt,False,8,18,0.5488063576494427,0.6380443420216148
prompt,False,8,20,0.5503390669614074,0.6874364272091544
prompt,False,8,22,0.5319652643455834,0.6881516211061665
prompt,False,8,24,0.5467857718522612,0.6405594405594406
prompt,False,8,26,0.5505016924564796,0.591262714558169
prompt,False,8,28,0.5277024615455466,0.3757708200890019
prompt,False,8,30,0.5022724394399927,0.32739192625556257
prompt,False,8,32,0.4262874758220503,0.2628258105530833
prompt,False,16,0,0.5,0.5
prompt,False,16,2,0.5748278760246845,0.4687341068022886
prompt,False,16,4,0.566024511835682,0.5837571519389702
prompt,False,16,6,0.5123638551165147,0.41414097266369987
prompt,False,16,8,0.5034295270332504,0.536065638906548
prompt,False,16,10,0.522275375333886,0.5707326764144947
prompt,False,16,12,0.5466677604310582,0.557557215511761
prompt,False,16,14,0.5483818043658469,0.5616060076287349
prompt,False,16,16,0.5615472736483376,0.5449340432294978
prompt,False,16,18,0.5652027493782813,0.6526899237126509
prompt,False,16,20,0.5679414778483928,0.6783335982199619
prompt,False,16,22,0.5659755802707931,0.5930785123966942
prompt,False,16,24,0.5259509993552547,0.5770462492053401
prompt,False,16,26,0.5251738509717233,0.4772727272727272
prompt,False,16,28,0.4942088053790181,0.3441632231404959
prompt,False,16,30,0.4650614235055725,0.13903766687857597
prompt,False,16,32,0.3930787740628166,0.11861888111888111
prompt,False,32,0,0.5,0.5
prompt,False,32,2,0.5809601524362162,0.5370073108709472
prompt,False,32,4,0.568334369531178,0.6412349014621742
prompt,False,32,6,0.5194330270793036,0.5792991099809282
prompt,False,32,8,0.5198489453808602,0.5559321360457725
prompt,False,32,10,0.5397885580731325,0.6101160203432932
prompt,False,32,12,0.5604218476558902,0.5959551811824538
prompt,False,32,14,0.5586358455374413,0.5599014621741895
prompt,False,32,16,0.5610104655982315,0.6075532422123331
prompt,False,32,18,0.5744551326333242,0.7636443102352193
prompt,False,32,20,0.5811242170949618,0.6925182771773681
prompt,False,32,22,0.5575967693653864,0.6223021296884934
prompt,False,32,24,0.5323869393018329,0.5819294342021615
prompt,False,32,26,0.512337950170397,0.527097902097902
prompt,False,32,28,0.4655305908630377,0.4057136045772409
prompt,False,32,30,0.462197487795892,0.3313811188811189
prompt,False,32,32,0.38278875379939203,0.20401700572155115
prompt,False,64,0,0.5,0.5
prompt,False,64,2,0.5826439739338676,0.598128575969485
prompt,False,64,4,0.5661972114764668,0.6262198029243484
prompt,False,64,6,0.5296942640692641,0.6268475842339478
prompt,False,64,8,0.5285357373123329,0.6929831532104259
prompt,False,64,10,0.5423286819563415,0.5895859821996186
prompt,False,64,12,0.5744018835774155,0.6160163699936427
prompt,False,64,14,0.5774629847103252,0.6200691354100445
prompt,False,64,16,0.5601124274661509,0.6686347743165926
prompt,False,64,18,0.5823316754167818,0.7783375715193896
prompt,False,64,20,0.595278391820945,0.7694373808010172
prompt,False,64,22,0.5693619323938472,0.7120112841703752
prompt,False,64,24,0.5556049668416689,0.5817267959313415
prompt,False,64,26,0.5258588928801695,0.5024713922441195
prompt,False,64,28,0.451359146172976,0.42122536554354734
prompt,False,64,30,0.44243777056277056,0.34114351557533373
prompt,False,64,32,0.36219288247213777,0.21446280991735536
prompt,True,8,0,0.5,0.5
prompt,True,8,2,0.5303346919038409,0.3703591862682772
prompt,True,8,4,0.5579033112277794,0.6500437062937063
prompt,True,8,6,0.48505860274477297,0.5805189129052765
prompt,True,8,8,0.49567387399834206,0.607016846789574
prompt,True,8,10,0.49437287003776365,0.6340988556897647
prompt,True,8,12,0.5004447015750207,0.6212492053401144
prompt,True,8,14,0.5251939992631482,0.5156309599491418
prompt,True,8,16,0.548599118080501,0.556404958677686
prompt,True,8,18,0.5519984226766141,0.6111172917991099
prompt,True,8,20,0.5499188311688312,0.6426414494596312
prompt,True,8,22,0.5288221308833011,0.6530038143674507
prompt,True,8,24,0.5513090632771485,0.614649554990464
prompt,True,8,26,0.5441348323662153,0.5738397965670694
prompt,True,8,28,0.5270202979644469,0.3798315321042593
prompt,True,8,30,0.49806576402321084,0.32138827082008903
prompt,True,8,32,0.4216706387584047,0.2789295931341386
prompt,True,16,0,0.5,0.5
prompt,True,16,2,0.5751847886156397,0.4724173553719008
prompt,True,16,4,0.5625618840379478,0.6075413223140496
prompt,True,16,6,0.5200014967302201,0.4565360775588049
prompt,True,16,8,0.509163155107304,0.5219326128417037
prompt,True,16,10,0.5254904669798286,0.5711101398601399
prompt,True,16,12,0.5437951897393387,0.5773800063572792
prompt,True,16,14,0.551690441650548,0.5611808645899555
prompt,True,16,16,0.5647350211844893,0.5499125874125874
prompt,True,16,18,0.568941696601271,0.6469922123331213
prompt,True,16,20,0.5661396449295386,0.6491656071201525
prompt,True,16,22,0.5612767108777746,0.5577360139860139
prompt,True,16,24,0.5340362208713272,0.5644270502225048
prompt,True,16,26,0.5144492032789905,0.4476636999364272
prompt,True,16,28,0.49399868748273,0.33103146853146853
prompt,True,16,30,0.45808004052684903,0.128560076287349
prompt,True,16,32,0.38515905636916276,0.13126191989828354
prompt,True,32,0,0.5,0.5
prompt,True,32,2,0.5811861011329096,0.5395700890019072
prompt,True,32,4,0.5657266049553283,0.640547520661157
prompt,True,32,6,0.5240671341070278,0.598490146217419
prompt,True,32,8,0.52302230128028,0.5710942466624285
prompt,True,32,10,0.541718476558902,0.6154998410680228
prompt,True,32,12,0.5651207170489085,0.5913262873490146
prompt,True,32,14,0.5604448742746615,0.5628774634456453
prompt,True,32,16,0.5661468407479046,0.6076128417037509
prompt,True,32,18,0.5771852261213963,0.7477908455181181
prompt,True,32,20,0.5797929906972461,0.6738874761602034
prompt,True,32,22,0.5532015635074146,0.6107199618563255
prompt,True,32,24,0.5382616054158608,0.570104895104895
prompt,True,32,26,0.503335981394492,0.499435791481246
prompt,True,32,28,0.4628364764667956,0.37886999364272095
prompt,True,32,30,0.45592417334438606,0.320287666878576
prompt,True,32,32,0.37198351294095977,0.20275746980292436
prompt,True,64,0,0.5,0.5
prompt,True,64,2,0.5825605024408216,0.5942863954227591
prompt,True,64,4,0.5635059754075711,0.6240980610298792
prompt,True,64,6,0.5377391890024869,0.6422321996185634
prompt,True,64,8,0.5329381389886709,0.7026382708200891
prompt,True,64,10,0.5459841576862854,0.589983312142403
prompt,True,64,12,0.5786632472137792,0.6106603623649078
prompt,True,64,14,0.5782631597126278,0.619159249841068
prompt,True,64,16,0.5664044510454085,0.6754013032422124
prompt,True,64,18,0.5848502118448927,0.7650905912269549
prompt,True,64,20,0.5932664410058027,0.7486649713922442
prompt,True,64,22,0.5635995210463296,0.6956293706293706
prompt,True,64,24,0.5603513286359031,0.5703711061665606
prompt,True,64,26,0.5142160587639312,0.48374125874125873
prompt,True,64,28,0.44814117619968685,0.39545454545454545
prompt,True,64,30,0.4353657202726352,0.32841306420851873
prompt,True,64,32,0.3507400179607626,0.19741338207247294
first,False,8,0,0.4681318792023579,0.3890873331214241
first,False,8,2,0.46913857419176563,0.3797242530197076
first,False,8,4,0.47837080915538366,0.48394787031150666
first,False,8,6,0.4683268858800774,0.4054672600127146
first,False,8,8,0.4703892074237819,0.3826366815003179
first,False,8,10,0.47153766003500047,0.2596749841068023
first,False,8,12,0.4781506171133831,0.2782660521296885
first,False,8,14,0.45838658238924196,0.36138350286077564
first,False,8,16,0.4570164985723496,0.37230212968849336
first,False,8,18,0.4491126116791011,0.36782819453274
first,False,8,20,0.4503430966196924,0.4730332167832167
first,False,8,22,0.47481895320991063,0.24487047043865226
first,False,8,24,0.4615872823984526,0.2054632867132867
first,False,8,26,0.461394434466243,0.2139979338842975
first,False,8,28,0.4459334991249885,0.26695804195804196
first,False,8,30,0.45610694713088334,0.2598140495867769
first,False,8,32,0.4350778875379939,0.26507867132867136
first,False,16,0,0.46807934972828585,0.39716505085823267
first,False,16,2,0.46497363452150686,0.3255324221233312
first,False,16,4,0.47006539559731053,0.41743881118881115
first,False,16,6,0.47979414202818466,0.35871741894469167
first,False,16,8,0.4687456825089804,0.39095677050222505
first,False,16,10,0.4552995763102146,0.3198188175460903
first,False,16,12,0.4612562747536152,0.3187698664971393
first,False,16,14,0.46232845169015385,0.3360259059122695
first,False,16,16,0.4598674818089712,0.38941513032422126
first,False,16,18,0.4547742815694943,0.36678719008264465
first,False,16,20,0.45479155153357276,0.3924388111888112
first,False,16,22,0.4642583701759234,0.29814446916719645
first,False,16,24,0.44860458690245925,0.21680705657978383
first,False,16,26,0.44517218154186233,0.1860775588048315
first,False,16,28,0.4569690061711338,0.23451605212968848
first,False,16,30,0.4600301073040435,0.22403448823903369
first,False,16,32,0.4158909574468085,0.286911951684679
first,False,32,0,0.46500241779497103,0.3995986967577877
first,False,32,2,0.4681800911854104,0.3472584233947871
first,False,32,4,0.4754737726812195,0.4265178003814367
first,False,32,6,0.46904358938933405,0.41750635727908453
first,False,32,8,0.46088928801694756,0.42505165289256197
first,False,32,10,0.455762987012987,0.3005443420216148
first,False,32,12,0.4691961407386939,0.3760330578512397
first,False,32,14,0.4693458137607074,0.37654164017800384
first,False,32,16,0.4691184259003408,0.4101279402415766
first,False,32,18,0.4738604702035553,0.43488556897647807
first,False,32,20,0.47040215989684075,0.5171408137317228
first,False,32,22,0.47829741180805013,0.33150826446280995
first,False,32,24,0.4188930528691167,0.1584353146853147
first,False,32,26,0.4301487519572626,0.19122298156389067
first,False,32,28,0.44512468914064657,0.278893833439288
first,False,32,30,0.4374625817444966,0.2647171010807374
first,False,32,32,0.4024376554296767,0.2977630324221233
first,False,64,0,0.46800883070829885,0.4025389383343929
first,False,64,2,0.46622282858984987,0.35964717101080734
first,False,64,4,0.4695501750023027,0.3811705340114432
first,False,64,6,0.4638942617666022,0.41437539732994283
first,False,64,8,0.46759722989776176,0.4434917355371901
first,False,64,10,0.45540463525835867,0.3838525111252384
first,False,64,12,0.46422670857511283,0.39164017800381434
first,False,64,14,0.4677915169936447,0.37274316592498413
first,False,64,16,0.46693521460808696,0.42009297520661154
first,False,64,18,0.475380227042461,0.4499046408137317
first,False,64,20,0.4752564589665654,0.4984543865225683
first,False,64,22,0.4755730749746707,0.4212770184361093
first,False,64,24,0.42546571336464956,0.28903766687857596
first,False,64,26,0.4118857649442756,0.25717577876668785
first,False,64,28,0.3984684420189739,0.2918984424666243
first,False,64,30,0.415293704522428,0.2592339478703115
first,False,64,32,0.3712682485953763,0.29957485696122066
first,True,8,0,0.4652808959657364,0.38645700890019075
first,True,8,2,0.47782968361425804,0.39047202797202796
first,True,8,4,0.4821716404163212,0.4754330896376351
first,True,8,6,0.4714498710509349,0.39123490146217416
first,True,8,8,0.4708180781983974,0.4081373172282263
first,True,8,10,0.46520965736391273,0.2518157978385251
first,True,8,12,0.4820852905959289,0.265189923712651
first,True,8,14,0.4699891199226306,0.35572552447552447
first,True,8,16,0.4477065487703785,0.36245629370629373
first,True,8,18,0.4506424426637193,0.3603504450095359
first,True,8,20,0.4524140531454361,0.4165170057215512
first,True,8,22,0.47334237128120105,0.2368881118881119
first,True,8,24,0.4698365685732707,0.21059281627463447
first,True,8,26,0.4698437643916368,0.20570963127781308
first,True,8,28,0.45493115040987375,0.26060473617291796
first,True,8,30,0.4523521691074882,0.26387476160203427
first,True,8,32,0.42295869024592425,0.19456055308328035
first,True,16,0,0.4564566639034724,0.3862225842339479
first,True,16,2,0.4705302454637561,0.3333121424030515
first,True,16,4,0.47338986368241687,0.4276303242212333
first,True,16,6,0.45789726674035186,0.3852471392244119
first,True,16,8,0.4517491595284149,0.3749046408137317
first,True,16,10,0.4665567145620337,0.29109583598219957
first,True,16,12,0.4709389679469467,0.2776621106166561
first,True,16,14,0.46295736621534495,0.3122894151303242
first,True,16,16,0.4636452864511375,0.37770581691036237
first,True,16,18,0.4617369554204661,0.34980928162746344
first,True,16,20,0.46053381458966564,0.3607755880483154
first,True,16,22,0.46309408676429953,0.283836617927527
first,True,16,24,0.4570553559915262,0.20237205975842337
first,True,16,26,0.4551844432163581,0.17031150667514305
first,True,16,28,0.4573028921433177,0.22064923712650988
first,True,16,30,0.45423171686469554,0.2350007946598856
first,True,16,32,0.4157139403150041,0.18709869675778767
first,True,32,0,0.4558738026158239,0.3934877622377622
first,True,32,2,0.47234503085566915,0.35687380801017166
first,True,32,4,0.4705935686653772,0.39092498410680226
first,True,32,6,0.4611972690430137,0.4187778130959948
first,True,32,8,0.465330547112462,0.4101756198347108
first,True,32,10,0.463606429031961,0.3422004132231405
first,True,32,12,0.4768524914801511,0.37434440559440557
first,True,32,14,0.4782427235884683,0.3789653528289892
first,True,32,16,0.47247743391360414,0.3362166242848061
first,True,32,18,0.4842224486506401,0.4135727908455181
first,True,32,20,0.4781865962052132,0.538525111252384
first,True,32,22,0.47711873675969424,0.32220279720279726
first,True,32,24,0.42929676706272446,0.14853782581055308
first,True,32,26,0.4351627981947131,0.18071757787666878
first,True,32,28,0.44137998526296396,0.24094882390336936
first,True,32,30,0.434457607994842,0.2552447552447552
first,True,32,32,0.3699139955788892,0.20083836617927528
first,True,64,0,0.45782386939301833,0.39455260648442475
first,True,64,2,0.46768933637284704,0.3633741258741259
first,True,64,4,0.4639978815510731,0.34342418944691666
first,True,64,6,0.4660760338951829,0.413755562619199
first,True,64,8,0.4707489983420835,0.42778925619834707
first,True,64,10,0.45914358248134846,0.3912945009535919
first,True,64,12,0.4682419752233582,0.39885171646535283
first,True,64,14,0.47555292668324584,0.3973855689764781
first,True,64,16,0.47769440222897674,0.4620549904640814
first,True,64,18,0.481465011052777,0.48221551176096633
first,True,64,20,0.4866445611126462,0.5066671964399238
first,True,64,22,0.47717054665192965,0.45509376986649713
first,True,64,24,0.4358507184305056,0.3088088048315321
first,True,64,26,0.4154448167081146,0.2363159567705022
first,True,64,28,0.3967054665192963,0.26897647806738717
first,True,64,30,0.4033990167633784,0.25625397329942784
first,True,64,32,0.3530988072211476,0.22820247933884297
mean,False,8,0,0.48179170120659487,0.3892005721551176
mean,False,8,2,0.40544406834300456,0.26119675778766693
mean,False,8,4,0.4423312724509533,0.2725286077558805
mean,False,8,6,0.4275755273095699,0.20176414494596312
mean,False,8,8,0.41675157732338586,0.280506993006993
mean,False,8,10,0.45664807267200885,0.21694214876033058
mean,False,8,12,0.43230461913972557,0.24586776859504128
mean,False,8,14,0.4469164479137883,0.33285918626827715
mean,False,8,16,0.44665020263424526,0.28381277813095995
mean,False,8,18,0.4538805609284333,0.24688095994914175
mean,False,8,20,0.45618754029658287,0.29856166560712016
mean,False,8,22,0.4580771621995026,0.28960187539732996
mean,False,8,24,0.4384671179883946,0.18964558169103624
mean,False,8,26,0.4469639403150041,0.11941751430387794
mean,False,8,28,0.4810764368610113,0.12672838525111252
mean,False,8,30,0.4941900962512665,0.1277614431023522
mean,False,8,32,0.3822605807313254,0.09661474888747615
mean,False,16,0,0.4443302707930368,0.29136602034329306
mean,False,16,2,0.39873468729851713,0.16232914812460264
mean,False,16,4,0.4225326977986552,0.2838604577240941
mean,False,16,6,0.4239114165975868,0.2150945645263827
mean,False,16,8,0.38319171962788984,0.24651541640178
mean,False,16,10,0.42651630284609005,0.21748649078194535
mean,False,16,12,0.41160512802800037,0.2857954545454545
mean,False,16,14,0.4404790688035368,0.3511085505403687
mean,False,16,16,0.4279353182278714,0.2554791799109981
mean,False,16,18,0.44061003269779864,0.24010648442466623
mean,False,16,20,0.45436987657732336,0.34431023521932613
mean,False,16,22,0.42203618633139905,0.1577519071837254
mean,False,16,24,0.3897672584507691,0.12650588048315323
mean,False,16,26,0.40708903242147926,0.20879291163382074
mean,False,16,28,0.43137060191581467,0.10940479974570885
mean,False,16,30,0.45299691443308465,0.0820724729815639
mean,False,16,32,0.3500664893617021,0.08262078830260648
mean,False,32,0,0.4426248618402874,0.20031389065479976
mean,False,32,2,0.3827815579810261,0.1406945327399873
mean,False,32,4,0.40295287602468455,0.22964478703115065
mean,False,32,6,0.3912265704154002,0.2343769866497139
mean,False,32,8,0.3544487427466151,0.23079704386522568
mean,False,32,10,0.40968240536059686,0.17513509218054674
mean,False,32,12,0.385872881551073,0.19495788302606484
mean,False,32,14,0.411658377083909,0.2942307692307692
mean,False,32,16,0.41025087501151336,0.29518436109345203
mean,False,32,18,0.4380684696509165,0.23573585505403685
mean,False,32,20,0.43123819885787973,0.3564605848696758
mean,False,32,22,0.4223643156488901,0.2665170057215511
mean,False,32,24,0.37968159942893986,0.11884535918626826
mean,False,32,26,0.40244772957538916,0.12077240940877304
mean,False,32,28,0.38389403150041446,0.08527097902097902
mean,False,32,30,0.4202185226121396,0.08337571519389701
mean,False,32,32,0.32288788339320257,0.051629052765416406
mean,False,64,0,0.421428859261306,0.15132310870947235
mean,False,64,2,0.38483092705167177,0.16611172917991102
mean,False,64,4,0.39216778345767705,0.22207565162110618
mean,False,64,6,0.38303916827852996,0.24832724094087733
mean,False,64,8,0.35178916827853,0.29140575333757157
mean,False,64,10,0.38025438657087596,0.1734424666242848
mean,False,64,12,0.37480139541309754,0.2273005403687222
mean,False,64,14,0.40676665975868104,0.36536474888747617
mean,False,64,16,0.4183001174357558,0.38246980292434835
mean,False,64,18,0.4329680735930736,0.28220359186268273
mean,False,64,20,0.4588946071658837,0.5397210743801653
mean,False,64,22,0.42878442479506307,0.24735378258105528
mean,False,64,24,0.38291252187528785,0.16899237126509853
mean,False,64,26,0.3842869231831998,0.199256993006993
mean,False,64,28,0.3543192180160265,0.08830657978385252
mean,False,64,30,0.38702996914433085,0.08847743165924984
mean,False,64,32,0.2963583402413189,0.0532581055308328
mean,True,8,0,0.5096611057382334,0.5397409408773045
mean,True,8,2,0.41063369254858617,0.2601756198347107
mean,True,8,4,0.4663063000828958,0.23502860775588047
mean,True,8,6,0.4448382955696786,0.1962889383343929
mean,True,8,8,0.42957164732430686,0.27491656071201526
mean,True,8,10,0.47142972275951,0.22838127781309597
mean,True,8,12,0.4509720111448835,0.2694214876033058
mean,True,8,14,0.48089654140186056,0.3528766687857597
mean,True,8,16,0.47664381274753614,0.3171447870311507
mean,True,8,18,0.4743181242516349,0.26608391608391607
mean,True,8,20,0.4795811458045501,0.3181778448823903
mean,True,8,22,0.4783895182831353,0.3182573108709472
mean,True,8,24,0.47594725752970435,0.2092061347743166
mean,True,8,26,0.47055615040987386,0.14017800381436743
mean,True,8,28,0.5206994911117252,0.14053162746344564
mean,True,8,30,0.4922803260569218,0.13991973935155752
mean,True,8,32,0.3715690338030764,0.1140853464717101
mean,True,16,0,0.48055114212029104,0.4806738715829625
mean,True,16,2,0.4023728930643824,0.1675778766687858
mean,True,16,4,0.437583471493046,0.27807136045772407
mean,True,16,6,0.4431904531638574,0.23052685950413224
mean,True,16,8,0.4144978470111449,0.26830499046408135
mean,True,16,10,0.4473985677443124,0.2115623013350286
mean,True,16,12,0.4344144330846459,0.30916242848061026
mean,True,16,14,0.4730646126922723,0.3623609345200255
mean,True,16,16,0.44988832089895914,0.27031945327399876
mean,True,16,18,0.4595724532559639,0.2665289256198347
mean,True,16,20,0.47829165515335725,0.3848498092816275
mean,True,16,22,0.4433113429124068,0.2126549586776859
mean,True,16,24,0.4178194367689049,0.15497854418308965
mean,True,16,26,0.42895280694482824,0.2567824221233312
mean,True,16,28,0.4471136133370176,0.1527733630006357
mean,True,16,30,0.4516584922170029,0.12469802924348379
mean,True,16,32,0.34555471124620063,0.11341783216783216
mean,True,32,0,0.4660573247674311,0.3612682771773681
mean,True,32,2,0.3833831283964263,0.14910600762873488
mean,True,32,4,0.4209222736483375,0.2294858550540369
mean,True,32,6,0.4195219673943078,0.2344961856325493
mean,True,32,8,0.39008243529520126,0.2365424348378894
mean,True,32,10,0.4329810260661325,0.18535441830896376
mean,True,32,12,0.41964285714285715,0.21927050222504768
mean,True,32,14,0.4429904094132818,0.30816115702479335
mean,True,32,16,0.43480876393110435,0.3255721551176097
mean,True,32,18,0.46030067007460623,0.262678798474253
mean,True,32,20,0.45770297964446904,0.4096948506039415
mean,True,32,22,0.44185490927512205,0.3312778130959949
mean,True,32,24,0.4088232246476928,0.15096153846153848
mean,True,32,26,0.42797273648337475,0.15956373172282262
mean,True,32,28,0.4056700170396979,0.12516290527654161
mean,True,32,30,0.4202717716680483,0.11562301335028607
mean,True,32,32,0.31521858017868654,0.08379688493324858
mean,True,64,0,0.4623385258358662,0.33790527654164015
mean,True,64,2,0.38616791010408036,0.17593372536554358
mean,True,64,4,0.41939388182739246,0.24492212333121424
mean,True,64,6,0.4141740351846735,0.2455061983471074
mean,True,64,8,0.39283123791102514,0.3184122695486332
mean,True,64,10,0.4178496592060422,0.17420931341385887
mean,True,64,12,0.41506343833471493,0.228842180546726
mean,True,64,14,0.44068199088145893,0.39002701843610926
mean,True,64,16,0.45089717463387674,0.4204942784488239
mean,True,64,18,0.4603611149488809,0.32981563890654797
mean,True,64,20,0.49195651423045045,0.6036594087730451
mean,True,64,22,0.4573043313069909,0.3457684361093452
mean,True,64,24,0.4110323408860643,0.2185553083280356
mean,True,64,26,0.40537642765036386,0.2530356007628735
mean,True,64,28,0.3720266878511559,0.1519270502225048
mean,True,64,30,0.38174392097264437,0.13201684678957407
mean,True,64,32,0.29646915584415584,0.10021853146853146
