seed,family,condition,detector,auroc,fpr@95tpr,n_pos,n_neg,feat_ms,fit_ms,score_ms_per_1k,n_mfs
0,FalsePremise,raw,FIS · centroid (PCA-free),0.8813877854621995,0.43342776203966005,716,353,1129.396700009238,2251.7134999943664,0.9440598700986609,29.0
0,FalsePremise,matched,FIS · centroid (PCA-free),0.9003806228373703,0.4117647058823529,170,170,1129.396700009238,2251.7134999943664,2.2473529337302725,29.0
0,FalsePremise,raw,FIS · PCA (64 comp),0.6259990187855096,1.0,716,353,90.51419999741483,943.0203999945661,0.9109448021673314,21.0
0,FalsePremise,matched,FIS · PCA (64 comp),0.4307958477508651,1.0,170,170,90.51419999741483,943.0203999945661,2.227352909839657,21.0
0,FalsePremise,raw,Mahalanobis · stats,0.8245248231440012,0.623229461756374,716,353,1.2610999983735383,1.3951000000815839,0.46651077067341845,
0,FalsePremise,matched,Mahalanobis · stats,0.7629757785467128,0.7823529411764706,170,170,1.2610999983735383,1.3951000000815839,0.9576470320633449,
0,FalsePremise,raw,IsolationForest · stats,0.7687142924968742,0.6373937677053825,716,353,1.2610999983735383,104.84189999988303,5.105893359361852,
0,FalsePremise,matched,IsolationForest · stats,0.6792387543252595,0.8235294117647058,170,170,1.2610999983735383,104.84189999988303,9.332647074616569,
0,FalsePremise,raw,OneClassSVM · centroid,0.7773473974076947,0.6487252124645893,716,353,1129.396700009238,4.0683999977773055,5.036950427964783,
0,FalsePremise,matched,OneClassSVM · centroid,0.7569204152249135,0.7058823529411765,170,170,1129.396700009238,4.0683999977773055,5.538235307219164,
0,FalsePremise,raw,perplexity,0.7197920458322122,0.6260623229461756,716,353,0.0,0.0,0.2558465871282124,
0,FalsePremise,matched,perplexity,0.5341176470588236,0.7529411764705882,170,170,0.0,0.0,0.5079411494079977,
0,FalsePremise,raw,mean entropy,0.6916810419864845,0.7280453257790368,716,353,0.0,0.0,0.18203928670257857,
0,FalsePremise,matched,mean entropy,0.5052595155709343,0.788235294117647,170,170,0.0,0.0,0.34176469746264904,
0,FalsePremise,raw,n_tokens (control),0.8532510643012012,0.48441926345609065,716,353,0.0,0.0,0.1433115083135323,
0,FalsePremise,matched,n_tokens (control),0.5,0.9941176470588236,170,170,0.0,0.0,0.3438235366689589,
0,TriviaQA,raw,FIS · centroid (PCA-free),0.5121903441624978,1.0,1974,353,1129.396700009238,2251.7134999943664,0.6488182210352642,29.0
0,TriviaQA,matched,FIS · centroid (PCA-free),0.5221573080596106,1.0,353,353,1129.396700009238,2251.7134999943664,1.3907931968648906,29.0
0,TriviaQA,raw,FIS · PCA (64 comp),0.5576036634893846,1.0,1974,353,90.51419999741483,943.0203999945661,0.4650623137175358,21.0
0,TriviaQA,matched,FIS · PCA (64 comp),0.5371883250808529,1.0,353,353,90.51419999741483,943.0203999945661,1.096458924721884,21.0
0,TriviaQA,raw,Mahalanobis · stats,0.6450097729405788,0.9150141643059491,1974,353,1.2610999983735383,1.3951000000815839,0.2905887398119579,
0,TriviaQA,matched,Mahalanobis · stats,0.6557391520676675,0.8611898016997167,353,353,1.2610999983735383,1.3951000000815839,0.5818696874958956,
0,TriviaQA,raw,IsolationForest · stats,0.6248654606197852,0.9405099150141643,1974,353,1.2610999983735383,104.84189999988303,4.059776538359838,
0,TriviaQA,matched,IsolationForest · stats,0.6385654326734025,0.9291784702549575,353,353,1.2610999983735383,104.84189999988303,6.883711048379467,
0,TriviaQA,raw,OneClassSVM · centroid,0.5237176782592973,0.943342776203966,1974,353,1129.396700009238,4.0683999977773055,3.785990545490927,
0,TriviaQA,matched,OneClassSVM · centroid,0.5431068381898578,0.9490084985835694,353,353,1129.396700009238,4.0683999977773055,4.102832854728059,
0,TriviaQA,raw,perplexity,0.6661629512271426,0.7903682719546742,1974,353,0.0,0.0,0.16398796532343118,
0,TriviaQA,matched,perplexity,0.6824466932565063,0.773371104815864,353,353,0.0,0.0,0.27450425771299863,
0,TriviaQA,raw,mean entropy,0.661379807181748,0.8385269121813032,1974,353,0.0,0.0,0.12247529088751244,
0,TriviaQA,matched,mean entropy,0.6743975154282597,0.8385269121813032,353,353,0.0,0.0,0.21784703534824654,
0,TriviaQA,raw,n_tokens (control),0.5826566899437732,0.9206798866855525,1974,353,0.0,0.0,0.08727976106600312,
0,TriviaQA,matched,n_tokens (control),0.5,0.9830028328611898,353,353,0.0,0.0,0.17832860940270567,
1,FalsePremise,raw,FIS · centroid (PCA-free),0.8894570876920886,0.48725212464589235,716,353,1150.1674000028288,936.075499994331,1.0160898085826464,31.0
1,FalsePremise,matched,FIS · centroid (PCA-free),0.9154948620876149,0.4127906976744186,172,172,1150.1674000028288,936.075499994331,2.297383743584654,31.0
1,FalsePremise,raw,FIS · PCA (64 comp),0.48835994745754663,1.0,716,353,96.43029999278951,919.7259000065969,0.7985032830470989,23.0
1,FalsePremise,matched,FIS · PCA (64 comp),0.3177731206057328,1.0,172,172,96.43029999278951,919.7259000065969,1.8514534996600476,23.0
1,FalsePremise,raw,Mahalanobis · stats,0.795139823064871,0.7450424929178471,716,353,0.855200007208623,2.099999997881241,0.5281571621402847,
1,FalsePremise,matched,Mahalanobis · stats,0.74256354786371,0.7906976744186046,172,172,0.855200007208623,2.099999997881241,1.6694767657819007,
1,FalsePremise,raw,IsolationForest · stats,0.7467596182759112,0.7563739376770539,716,353,0.855200007208623,106.11529999005143,5.198596818572986,
1,FalsePremise,matched,IsolationForest · stats,0.70223769605192,0.877906976744186,172,172,0.855200007208623,106.11529999005143,9.915988368109453,
1,FalsePremise,raw,OneClassSVM · centroid,0.7936956968996788,0.6373937677053825,716,353,1150.1674000028288,3.8524999981746078,4.06819456923401,
1,FalsePremise,matched,OneClassSVM · centroid,0.7851879394267172,0.5523255813953488,172,172,1150.1674000028288,3.8524999981746078,5.01860462421508,
1,FalsePremise,raw,perplexity,0.7299939069745358,0.5977337110481586,716,353,0.0,0.0,0.364639849895986,
1,FalsePremise,matched,perplexity,0.570544889129259,0.7151162790697675,172,172,0.0,0.0,0.47848837756075313,
1,FalsePremise,raw,mean entropy,0.7036573978824758,0.7252124645892352,716,353,0.0,0.0,0.19728717552297606,
1,FalsePremise,matched,mean entropy,0.5464778258518117,0.7906976744186046,172,172,0.0,0.0,0.5101744115330972,
1,FalsePremise,raw,n_tokens (control),0.8387959548641334,0.5042492917847026,716,353,0.0,0.0,0.14967258742568756,
1,FalsePremise,matched,n_tokens (control),0.5,0.9476744186046512,172,172,0.0,0.0,0.34389534469715555,
1,TriviaQA,raw,FIS · centroid (PCA-free),0.48851571850486925,1.0,1974,353,1150.1674000028288,936.075499994331,1.7702621371786662,31.0
1,TriviaQA,matched,FIS · centroid (PCA-free),0.5003651421646912,1.0,353,353,1150.1674000028288,936.075499994331,3.67507083514948,31.0
1,TriviaQA,raw,FIS · PCA (64 comp),0.5477144808860799,1.0,1974,353,96.43029999278951,919.7259000065969,1.3009454237739826,23.0
1,TriviaQA,matched,FIS · PCA (64 comp),0.5409400605092729,1.0,353,353,96.43029999278951,919.7259000065969,2.823654393548088,23.0
1,TriviaQA,raw,Mahalanobis · stats,0.6213451928900063,0.9263456090651558,1974,353,0.855200007208623,2.099999997881241,0.5944134064377328,
1,TriviaQA,matched,Mahalanobis · stats,0.6049242029066921,0.9405099150141643,353,353,0.855200007208623,2.099999997881241,0.593484424367262,
1,TriviaQA,raw,IsolationForest · stats,0.6075497042286265,0.9178470254957507,1974,353,0.855200007208623,106.11529999005143,3.8500214864063222,
1,TriviaQA,matched,IsolationForest · stats,0.586578818544407,0.9348441926345609,353,353,0.855200007208623,106.11529999005143,6.157790385542844,
1,TriviaQA,raw,OneClassSVM · centroid,0.5374041003297829,0.9631728045325779,1974,353,1150.1674000028288,3.8524999981746078,3.655436183854243,
1,TriviaQA,matched,OneClassSVM · centroid,0.5469508622972659,0.9490084985835694,353,353,1150.1674000028288,3.8524999981746078,8.110623234861844,
1,TriviaQA,raw,perplexity,0.6803703097778198,0.8016997167138811,1974,353,0.0,0.0,0.4653201521433118,
1,TriviaQA,matched,perplexity,0.6652087730420755,0.7705382436260623,353,353,0.0,0.0,0.37294619161999726,
1,TriviaQA,raw,mean entropy,0.6808711550438993,0.8271954674220963,1974,353,0.0,0.0,0.18014610682177504,
1,TriviaQA,matched,mean entropy,0.6712998258552753,0.8158640226628895,353,353,0.0,0.0,0.36274787551715504,
1,TriviaQA,raw,n_tokens (control),0.5874383989024456,0.886685552407932,1974,353,0.0,0.0,0.18917060806165836,
1,TriviaQA,matched,n_tokens (control),0.5,0.9801699716713881,353,353,0.0,0.0,0.208073651659495,
2,FalsePremise,raw,FIS · centroid (PCA-free),0.9148104040388054,0.3881019830028329,716,353,1161.9651000073645,947.8785999963293,1.4057062717435151,30.0
2,FalsePremise,matched,FIS · centroid (PCA-free),0.9277957833539376,0.35260115606936415,173,173,1161.9651000073645,947.8785999963293,3.3679190650313147,30.0
2,FalsePremise,raw,FIS · PCA (64 comp),0.6474986943516863,0.8356940509915014,716,353,97.65400001197122,881.0479999956442,1.1404115984162317,23.0
2,FalsePremise,matched,FIS · PCA (64 comp),0.5297871629523205,1.0,173,173,97.65400001197122,881.0479999956442,2.81589594602348,23.0
2,FalsePremise,raw,Mahalanobis · stats,0.8164416731289663,0.623229461756374,716,353,1.5434999950230122,1.3952000008430332,0.5039289039171975,
2,FalsePremise,matched,Mahalanobis · stats,0.754017842226603,0.7687861271676301,173,173,1.5434999950230122,1.3952000008430332,1.379768777977826,
2,FalsePremise,raw,IsolationForest · stats,0.786209979900929,0.6062322946175638,716,353,1.5434999950230122,82.40610000211746,5.782974740273387,
2,FalsePremise,matched,IsolationForest · stats,0.7223762905543119,0.8208092485549133,173,173,1.5434999950230122,82.40610000211746,10.138150268218164,
2,FalsePremise,raw,OneClassSVM · centroid,0.8310847167930112,0.5835694050991501,716,353,1161.9651000073645,6.141300007584505,4.83835360729654,
2,FalsePremise,matched,OneClassSVM · centroid,0.8328377159276955,0.6011560693641619,173,173,1161.9651000073645,6.141300007584505,4.603757246766196,
2,FalsePremise,raw,perplexity,0.7120451991707155,0.6458923512747875,716,353,0.0,0.0,0.23620205968827482,
2,FalsePremise,matched,perplexity,0.571753149119583,0.6994219653179191,173,173,0.0,0.0,0.3864161833054844,
2,FalsePremise,raw,mean entropy,0.69135265165303,0.7365439093484419,716,353,0.0,0.0,0.3654817510195864,
2,FalsePremise,matched,mean entropy,0.5595242072905877,0.7456647398843931,173,173,0.0,0.0,0.5708092209920718,
2,FalsePremise,raw,n_tokens (control),0.8346594236156171,0.5325779036827195,716,353,0.0,0.0,0.1777361941648433,
2,FalsePremise,matched,n_tokens (control),0.5,0.9942196531791907,173,173,0.0,0.0,0.3375722592658864,
2,TriviaQA,raw,FIS · centroid (PCA-free),0.5184523450752129,1.0,1974,353,1161.9651000073645,947.8785999963293,0.5891706021466593,30.0
2,TriviaQA,matched,FIS · centroid (PCA-free),0.5150229919187218,1.0,353,353,1161.9651000073645,947.8785999963293,1.311898009723617,30.0
2,TriviaQA,raw,FIS · PCA (64 comp),0.5297636986203076,1.0,1974,353,97.65400001197122,881.0479999956442,0.4713794583319452,23.0
2,TriviaQA,matched,FIS · PCA (64 comp),0.5073068558450834,1.0,353,353,97.65400001197122,881.0479999956442,1.84560906130124,23.0
2,TriviaQA,raw,Mahalanobis · stats,0.644082706917979,0.8923512747875354,1974,353,1.5434999950230122,1.3952000008430332,0.4452084172433014,
2,TriviaQA,matched,Mahalanobis · stats,0.6299705478737491,0.9206798866855525,353,353,1.5434999950230122,1.3952000008430332,0.6372521332301537,
2,TriviaQA,raw,IsolationForest · stats,0.6302341200478745,0.9178470254957507,1974,353,1.5434999950230122,82.40610000211746,5.126214008574219,
2,TriviaQA,matched,IsolationForest · stats,0.5961768411591457,0.9178470254957507,353,353,1.5434999950230122,82.40610000211746,6.670679872500692,
2,TriviaQA,raw,OneClassSVM · centroid,0.5259793749336272,0.9603399433427762,1974,353,1161.9651000073645,6.141300007584505,3.8019767967899236,
2,TriviaQA,matched,OneClassSVM · centroid,0.4931505749985956,0.9603399433427762,353,353,1161.9651000073645,6.141300007584505,4.126770549160942,
2,TriviaQA,raw,perplexity,0.6547052188363742,0.8101983002832861,1974,353,0.0,0.0,0.13730124738323535,
2,TriviaQA,matched,perplexity,0.637706746703689,0.7478753541076487,353,353,0.0,0.0,0.1974504237543401,
2,TriviaQA,raw,mean entropy,0.6568320173588089,0.8356940509915014,1974,353,0.0,0.0,0.08624838860237231,
2,TriviaQA,matched,mean entropy,0.6466386858092112,0.8101983002832861,353,353,0.0,0.0,0.2213880975754462,
2,TriviaQA,raw,n_tokens (control),0.575929720933036,0.9121813031161473,1974,353,0.0,0.0,0.08358401234362148,
2,TriviaQA,matched,n_tokens (control),0.5,0.9830028328611898,353,353,0.0,0.0,0.18073653913744153,
3,FalsePremise,raw,FIS · centroid (PCA-free),0.8661077436814534,0.5552407932011332,716,353,1136.9188999960897,940.134799995576,1.2935453636434113,31.0
3,FalsePremise,matched,FIS · centroid (PCA-free),0.8994904415033687,0.5029239766081871,171,171,1136.9188999960897,940.134799995576,2.6961988092084246,31.0
3,FalsePremise,raw,FIS · PCA (64 comp),0.7109136372988114,0.7082152974504249,716,353,94.47759999602567,1066.262700012885,0.855378851567206,24.0
3,FalsePremise,matched,FIS · PCA (64 comp),0.5580862487603022,0.7719298245614035,171,171,94.47759999602567,1066.262700012885,2.0257309736133884,24.0
3,FalsePremise,raw,Mahalanobis · stats,0.8103209520945764,0.7563739376770539,716,353,0.8288999961223453,1.2202000070828944,0.44134705163228305,
3,FalsePremise,matched,Mahalanobis · stats,0.7350295817516502,0.8888888888888888,171,171,0.8288999961223453,1.2202000070828944,1.0169590639538673,
3,FalsePremise,raw,IsolationForest · stats,0.782154557108266,0.6883852691218131,716,353,0.8288999961223453,98.79709999950137,5.388774546329368,
3,FalsePremise,matched,IsolationForest · stats,0.724564823364454,0.8304093567251462,171,171,0.8288999961223453,98.79709999950137,9.288888901869672,
3,FalsePremise,raw,OneClassSVM · centroid,0.79030892430405,0.5977337110481586,716,353,1136.9188999960897,6.94350000412669,4.000748361533175,
3,FalsePremise,matched,OneClassSVM · centroid,0.7798296911870319,0.5964912280701754,171,171,1136.9188999960897,6.94350000412669,4.779532135121133,
3,FalsePremise,raw,perplexity,0.702921487014734,0.6458923512747875,716,353,0.0,0.0,0.38400373909050917,
3,FalsePremise,matched,perplexity,0.4972812147327383,0.8011695906432749,171,171,0.0,0.0,0.5201754423691646,
3,FalsePremise,raw,mean entropy,0.6787986452909618,0.7507082152974505,716,353,0.0,0.0,0.439850327936049,
3,FalsePremise,matched,mean entropy,0.47590711671967445,0.8187134502923976,171,171,0.0,0.0,0.7125731215169598,
3,FalsePremise,raw,n_tokens (control),0.8203368572649437,0.5269121813031161,716,353,0.0,0.0,0.4000935426471499,
3,FalsePremise,matched,n_tokens (control),0.5,0.9473684210526315,171,171,0.0,0.0,0.5850877067515332,
3,TriviaQA,raw,FIS · centroid (PCA-free),0.47723234915085916,1.0,1974,353,1136.9188999960897,940.134799995576,0.7409110452601991,31.0
3,TriviaQA,matched,FIS · centroid (PCA-free),0.49895272412105063,1.0,353,353,1136.9188999960897,940.134799995576,1.3793201041315541,31.0
3,TriviaQA,raw,FIS · PCA (64 comp),0.536041485486968,1.0,1974,353,94.47759999602567,1066.262700012885,0.6122045579847055,24.0
3,TriviaQA,matched,FIS · PCA (64 comp),0.5283366370005377,1.0,353,353,94.47759999602567,1066.262700012885,3.468696871922792,24.0
3,TriviaQA,raw,Mahalanobis · stats,0.6331975741294047,0.9291784702549575,1974,353,0.8288999961223453,1.2202000070828944,0.6629136238598554,
3,TriviaQA,matched,Mahalanobis · stats,0.655755202272709,0.9121813031161473,353,353,0.8288999961223453,1.2202000070828944,1.0456090707928152,
3,TriviaQA,raw,IsolationForest · stats,0.6153666216049436,0.9490084985835694,1974,353,0.8288999961223453,98.79709999950137,3.985775671967357,
3,TriviaQA,matched,IsolationForest · stats,0.626359251739441,0.9376770538243626,353,353,0.8288999961223453,98.79709999950137,6.259490093400982,
3,TriviaQA,raw,OneClassSVM · centroid,0.5003142839921817,0.943342776203966,1974,353,1136.9188999960897,6.94350000412669,4.135539318380063,
3,TriviaQA,matched,OneClassSVM · centroid,0.5184697734513558,0.9178470254957507,353,353,1136.9188999960897,6.94350000412669,4.655524076519286,
3,TriviaQA,raw,perplexity,0.6487424335052567,0.8243626062322946,1974,353,0.0,0.0,0.17584873302141305,
3,TriviaQA,matched,perplexity,0.6693898514553523,0.7790368271954674,353,353,0.0,0.0,0.30297450272751597,
3,TriviaQA,raw,mean entropy,0.6501717798806582,0.8441926345609065,1974,353,0.0,0.0,0.14018049420805695,
3,TriviaQA,matched,mean entropy,0.6735789549711497,0.8045325779036827,353,353,0.0,0.0,0.22762039842522008,
3,TriviaQA,raw,n_tokens (control),0.5661933750656551,0.9036827195467422,1974,353,0.0,0.0,0.10515685458589533,
3,TriviaQA,matched,n_tokens (control),0.49999999999999994,0.9490084985835694,353,353,0.0,0.0,0.20949007242801929,
4,FalsePremise,raw,FIS · centroid (PCA-free),0.8774965578362637,0.5580736543909348,716,353,1181.91040000238,998.713900000439,2.4631431217804565,32.0
4,FalsePremise,matched,FIS · centroid (PCA-free),0.9055013309671694,0.5217391304347826,161,161,1181.91040000238,998.713900000439,6.219254653345539,32.0
4,FalsePremise,raw,FIS · PCA (64 comp),0.6990599332141105,0.623229461756374,716,353,91.07759999460541,1079.2902999965008,0.8702525832856699,25.0
4,FalsePremise,matched,FIS · PCA (64 comp),0.5517148258169052,0.6708074534161491,161,161,91.07759999460541,1079.2902999965008,2.0909938029944897,25.0
4,FalsePremise,raw,Mahalanobis · stats,0.8253319511924921,0.6628895184135978,716,353,0.9238999919034541,1.44680000084918,0.47745556695608055,
4,FalsePremise,matched,Mahalanobis · stats,0.8062960533930019,0.7204968944099379,161,161,0.9238999919034541,1.44680000084918,1.056521739781782,
4,FalsePremise,raw,IsolationForest · stats,0.7394400746989094,0.6685552407932012,716,353,0.9238999919034541,88.05129998654593,5.40542563998948,
4,FalsePremise,matched,IsolationForest · stats,0.712163882566259,0.8819875776397516,161,161,0.9238999919034541,88.05129998654593,9.95062109949183,
4,FalsePremise,raw,OneClassSVM · centroid,0.8384517384905121,0.4702549575070821,716,353,1181.91040000238,7.917299997643568,3.996071098280863,
4,FalsePremise,matched,OneClassSVM · centroid,0.8064117896686085,0.5031055900621118,161,161,1181.91040000238,7.917299997643568,6.130434779135036,
4,FalsePremise,raw,perplexity,0.7348267839903777,0.5779036827195467,716,353,0.0,0.0,0.30926099145947017,
4,FalsePremise,matched,perplexity,0.5948458778596505,0.6583850931677019,161,161,0.0,0.0,0.6062111865023371,
4,FalsePremise,raw,mean entropy,0.7157722316299239,0.7053824362606232,716,353,0.0,0.0,0.23919550708074286,
4,FalsePremise,matched,mean entropy,0.5774854365186528,0.7267080745341615,161,161,0.0,0.0,0.590062130789232,
4,FalsePremise,raw,n_tokens (control),0.8493064237897036,0.4702549575070821,716,353,0.0,0.0,0.15210477193996966,
4,FalsePremise,matched,n_tokens (control),0.5,0.9503105590062112,161,161,0.0,0.0,0.3381987570160248,
4,TriviaQA,raw,FIS · centroid (PCA-free),0.489596338806754,1.0,1974,353,1181.91040000238,998.713900000439,0.6489901174881209,32.0
4,TriviaQA,matched,FIS · centroid (PCA-free),0.5004012551260342,1.0,353,353,1181.91040000238,998.713900000439,1.3192634636776328,32.0
4,TriviaQA,raw,FIS · PCA (64 comp),0.4909345571752901,1.0,1974,353,91.07759999460541,1079.2902999965008,0.5073055480780951,25.0
4,TriviaQA,matched,FIS · PCA (64 comp),0.4741471322296142,1.0,353,353,91.07759999460541,1079.2902999965008,1.1633144425777004,25.0
4,TriviaQA,raw,Mahalanobis · stats,0.6577777395087985,0.9291784702549575,1974,353,0.9238999919034541,1.44680000084918,0.3149978485123303,
4,TriviaQA,matched,Mahalanobis · stats,0.6349059859239702,0.943342776203966,353,353,0.9238999919034541,1.44680000084918,0.6446175459606135,
4,TriviaQA,raw,IsolationForest · stats,0.6136875701398635,0.9291784702549575,1974,353,0.9238999919034541,88.05129998654593,4.491104429598128,
4,TriviaQA,matched,IsolationForest · stats,0.6004301454951086,0.9631728045325779,353,353,0.9238999919034541,88.05129998654593,7.090934855822558,
4,TriviaQA,raw,OneClassSVM · centroid,0.527592412409482,0.9461756373937678,1974,353,1181.91040000238,7.917299997643568,4.1667812673069236,
4,TriviaQA,matched,OneClassSVM · centroid,0.5067531237711562,0.9518413597733711,353,353,1181.91040000238,7.917299997643568,4.950141636938353,
4,TriviaQA,raw,perplexity,0.6822430979504092,0.7903682719546742,1974,353,0.0,0.0,0.16076493184640522,
4,TriviaQA,matched,perplexity,0.6821898899758445,0.7790368271954674,353,353,0.0,0.0,0.31827194596411235,
4,TriviaQA,raw,mean entropy,0.6853127484493888,0.8016997167138811,1974,353,0.0,0.0,0.12720240582001596,
4,TriviaQA,matched,mean entropy,0.689661260422602,0.7620396600566572,353,353,0.0,0.0,0.2311614812641977,
4,TriviaQA,raw,n_tokens (control),0.5984598649296375,0.9291784702549575,1974,353,0.0,0.0,0.10627417527595442,
4,TriviaQA,matched,n_tokens (control),0.5,0.9660056657223796,353,353,0.0,0.0,0.20240792736184202,
5,FalsePremise,raw,FIS · centroid (PCA-free),0.8762087138177157,0.6147308781869688,716,353,1151.1484999937238,913.2441999972798,1.118989709034646,29.0
5,FalsePremise,matched,FIS · centroid (PCA-free),0.9169332680943957,0.3496932515337423,163,163,1151.1484999937238,913.2441999972798,2.7714723823277816,29.0
5,FalsePremise,raw,FIS · PCA (64 comp),0.6573662303954928,0.6855524079320113,716,353,92.89020000142045,911.9212999939919,1.0240411574728403,27.0
5,FalsePremise,matched,FIS · PCA (64 comp),0.47924272648575406,0.754601226993865,163,163,92.89020000142045,911.9212999939919,2.3944785034975347,27.0
5,FalsePremise,raw,Mahalanobis · stats,0.8181350594267809,0.6798866855524079,716,353,0.9840999991865829,2.22829999984242,0.4801683761031342,
5,FalsePremise,matched,Mahalanobis · stats,0.7565207572735143,0.7055214723926381,163,163,0.9840999991865829,2.22829999984242,1.142024531449117,
5,FalsePremise,raw,IsolationForest · stats,0.7817826451643535,0.6968838526912181,716,353,0.9840999991865829,104.99849999905564,5.50729654715427,
5,FalsePremise,matched,IsolationForest · stats,0.7075162783695284,0.7239263803680982,163,163,0.9840999991865829,104.99849999905564,10.94693248731547,
5,FalsePremise,raw,OneClassSVM · centroid,0.7985542912307911,0.5552407932011332,716,353,1151.1484999937238,4.158000010647811,4.641347056406335,
5,FalsePremise,matched,OneClassSVM · centroid,0.7937445895592609,0.4785276073619632,163,163,1151.1484999937238,4.158000010647811,5.9690184147022896,
5,FalsePremise,raw,perplexity,0.7252599427097345,0.6118980169971672,716,353,0.0,0.0,0.265014035081869,
5,FalsePremise,matched,perplexity,0.555647559185517,0.7300613496932515,163,163,0.0,0.0,0.45674846241924844,
5,FalsePremise,raw,mean entropy,0.6958037254498551,0.7365439093484419,716,353,0.0,0.0,0.16052386485183065,
5,FalsePremise,matched,mean entropy,0.5339305205314464,0.7791411042944786,163,163,0.0,0.0,0.3966257516066172,
5,FalsePremise,raw,n_tokens (control),0.8416901419595804,0.509915014164306,716,353,0.0,0.0,0.15163704153094562,
5,FalsePremise,matched,n_tokens (control),0.5,1.0,163,163,0.0,0.0,0.36472393602612746,
5,TriviaQA,raw,FIS · centroid (PCA-free),0.49767874722669486,1.0,1974,353,1151.1484999937238,913.2441999972798,0.5997851330684485,29.0
5,TriviaQA,matched,FIS · centroid (PCA-free),0.4913649896877432,1.0,353,353,1151.1484999937238,913.2441999972798,1.2737960251583784,29.0
5,TriviaQA,raw,FIS · PCA (64 comp),0.5402125650453057,1.0,1974,353,92.89020000142045,911.9212999939919,0.5290932546329309,27.0
5,TriviaQA,matched,FIS · PCA (64 comp),0.5323893137734835,1.0,353,353,92.89020000142045,911.9212999939919,1.1640226632678516,27.0
5,TriviaQA,raw,Mahalanobis · stats,0.6469399645820597,0.9121813031161473,1974,353,0.9840999991865829,2.22829999984242,0.2769230781195082,
5,TriviaQA,matched,Mahalanobis · stats,0.6167692542272227,0.9518413597733711,353,353,0.9840999991865829,2.22829999984242,0.6171388099123077,
5,TriviaQA,raw,IsolationForest · stats,0.6217843294270273,0.9206798866855525,1974,353,0.9840999991865829,104.99849999905564,4.411474004402663,
5,TriviaQA,matched,IsolationForest · stats,0.5944434190146779,0.9376770538243626,353,353,0.9840999991865829,104.99849999905564,7.57223796795278,
5,TriviaQA,raw,OneClassSVM · centroid,0.5099164492510282,0.9575070821529745,1974,353,1151.1484999937238,4.158000010647811,4.548216588314115,
5,TriviaQA,matched,OneClassSVM · centroid,0.5299296198508936,0.943342776203966,353,353,1151.1484999937238,4.158000010647811,4.7310198249596125,
5,TriviaQA,raw,perplexity,0.6667341157426143,0.8186968838526912,1974,353,0.0,0.0,0.19746454937690106,
5,TriviaQA,matched,perplexity,0.6584837371297418,0.8441926345609065,353,353,0.0,0.0,0.3117563774500559,
5,TriviaQA,raw,mean entropy,0.6624475117031322,0.8356940509915014,1974,353,0.0,0.0,0.1421572846553813,
5,TriviaQA,matched,mean entropy,0.6598399794557375,0.8271954674220963,353,353,0.0,0.0,0.21926345611677078,
5,TriviaQA,raw,n_tokens (control),0.5952639267990965,0.9065155807365439,1974,353,0.0,0.0,0.08977224087189735,
5,TriviaQA,matched,n_tokens (control),0.5,0.9546742209631728,353,353,0.0,0.0,0.18668555171115497,
6,FalsePremise,raw,FIS · centroid (PCA-free),0.8901059553389147,0.4192634560906516,716,353,1162.529799999902,914.922399999341,1.5036482706977887,29.0
6,FalsePremise,matched,FIS · centroid (PCA-free),0.9060221442073995,0.39751552795031053,161,161,1162.529799999902,914.922399999341,3.627639761706525,29.0
6,FalsePremise,raw,FIS · PCA (64 comp),0.61000284868723,0.8130311614730878,716,353,99.23999999591615,922.1615999995265,1.0026192680912545,24.0
6,FalsePremise,matched,FIS · PCA (64 comp),0.40982215192315113,0.8757763975155279,161,161,99.23999999591615,922.1615999995265,2.42888195344727,24.0
6,FalsePremise,raw,Mahalanobis · stats,0.8177789735230347,0.6742209631728046,716,353,0.906000001123175,1.6083999944385141,0.5427502420006914,
6,FalsePremise,matched,Mahalanobis · stats,0.7428339956020215,0.8136645962732919,161,161,0.906000001123175,1.6083999944385141,1.3611801398877539,
6,FalsePremise,raw,IsolationForest · stats,0.7663562125120673,0.6487252124645893,716,353,0.906000001123175,86.7491999961203,5.454443405701198,
6,FalsePremise,matched,IsolationForest · stats,0.7246634003317773,0.7329192546583851,161,161,0.906000001123175,86.7491999961203,11.7065217591799,
6,FalsePremise,raw,OneClassSVM · centroid,0.7793493914887557,0.7110481586402266,716,353,1162.529799999902,6.397500008461066,4.775584662848016,
6,FalsePremise,matched,OneClassSVM · centroid,0.7834960070984915,0.6708074534161491,161,161,1162.529799999902,6.397500008461066,6.035714284068563,
6,FalsePremise,raw,perplexity,0.7375884279994303,0.6260623229461756,716,353,0.0,0.0,0.2706267591522287,
6,FalsePremise,matched,perplexity,0.6359708344585471,0.7577639751552795,161,161,0.0,0.0,0.4496894305375237,
6,FalsePremise,raw,mean entropy,0.7110481586402266,0.7138810198300283,716,353,0.0,0.0,0.17436856244515603,
6,FalsePremise,matched,mean entropy,0.6077697619690599,0.8074534161490683,161,161,0.0,0.0,0.4052795160284139,
6,FalsePremise,raw,n_tokens (control),0.840435928276386,0.509915014164306,716,353,0.0,0.0,0.16267539750805546,
6,FalsePremise,matched,n_tokens (control),0.5,0.9440993788819876,161,161,0.0,0.0,0.4118012596263047,
6,TriviaQA,raw,FIS · centroid (PCA-free),0.48904239533194993,1.0,1974,353,1162.529799999902,914.922399999341,0.6570262141240785,29.0
6,TriviaQA,matched,FIS · centroid (PCA-free),0.48195555698224046,1.0,353,353,1162.529799999902,914.922399999341,1.5052407946986364,29.0
6,TriviaQA,raw,FIS · PCA (64 comp),0.5292980129789243,1.0,1974,353,99.23999999591615,922.1615999995265,0.5660507105892028,24.0
6,TriviaQA,matched,FIS · PCA (64 comp),0.529981783017278,1.0,353,353,99.23999999591615,922.1615999995265,1.2206798856326038,24.0
6,TriviaQA,raw,Mahalanobis · stats,0.6464879122645382,0.9263456090651558,1974,353,0.906000001123175,1.6083999944385141,0.2819510118445108,
6,TriviaQA,matched,Mahalanobis · stats,0.6610678201414023,0.9065155807365439,353,353,0.906000001123175,1.6083999944385141,0.6389518422747384,
6,TriviaQA,raw,IsolationForest · stats,0.6037323735473334,0.9206798866855525,1974,353,0.906000001123175,86.7491999961203,4.042028360926079,
6,TriviaQA,matched,IsolationForest · stats,0.6203564750539688,0.9206798866855525,353,353,0.906000001123175,86.7491999961203,6.037393754523606,
6,TriviaQA,raw,OneClassSVM · centroid,0.523653099356794,0.9518413597733711,1974,353,1162.529799999902,6.397500008461066,4.369144821815676,
6,TriviaQA,matched,OneClassSVM · centroid,0.5167764768194913,0.9518413597733711,353,353,1162.529799999902,6.397500008461066,4.1929178463266075,
6,TriviaQA,raw,perplexity,0.6719377401976401,0.8328611898016998,1974,353,0.0,0.0,0.13223033954501856,
6,TriviaQA,matched,perplexity,0.6682663371024563,0.8413597733711048,353,353,0.0,0.0,0.19943342107498527,
6,TriviaQA,raw,mean entropy,0.6717081263220736,0.8441926345609065,1974,353,0.0,0.0,0.08371293468326395,
6,TriviaQA,matched,mean entropy,0.677366803360913,0.8271954674220963,353,353,0.0,0.0,0.17875354181679634,
6,TriviaQA,raw,n_tokens (control),0.5844433729130252,0.9093484419263456,1974,353,0.0,0.0,0.08560378315766891,
6,TriviaQA,matched,n_tokens (control),0.5,0.9773371104815864,353,353,0.0,0.0,0.17181302027687134,
7,FalsePremise,raw,FIS · centroid (PCA-free),0.8875045499865479,0.4985835694050991,716,353,1142.453199994634,906.9924999930663,1.1634237711884994,28.0
7,FalsePremise,matched,FIS · centroid (PCA-free),0.9132352359479452,0.4779874213836478,159,159,1142.453199994634,906.9924999930663,2.8496855429121815,28.0
7,FalsePremise,raw,FIS · PCA (64 comp),0.6204717742573631,0.6855524079320113,716,353,96.11149999545887,909.7619999956805,1.0497661393921616,28.0
7,FalsePremise,matched,FIS · PCA (64 comp),0.5260472291444167,0.6477987421383647,159,159,96.11149999545887,909.7619999956805,2.4981131929459064,28.0
7,FalsePremise,raw,Mahalanobis · stats,0.8082596103628911,0.6742209631728046,716,353,0.8296000014524907,1.3153000036254525,0.5010290026065342,
7,FalsePremise,matched,Mahalanobis · stats,0.7439579130572367,0.8867924528301887,159,159,0.8296000014524907,1.3153000036254525,1.3223270455129303,
7,FalsePremise,raw,IsolationForest · stats,0.7698300283286119,0.6940509915014165,716,353,0.8296000014524907,90.30139999231324,5.7218896116847064,
7,FalsePremise,matched,IsolationForest · stats,0.706063842411297,0.8805031446540881,159,159,0.8296000014524907,90.30139999231324,11.431132080824167,
7,FalsePremise,raw,OneClassSVM · centroid,0.8026611486539953,0.6062322946175638,716,353,1142.453199994634,8.392999996431172,5.119831616649625,
7,FalsePremise,matched,OneClassSVM · centroid,0.8082749891222657,0.5471698113207547,159,159,1142.453199994634,8.392999996431172,5.9937107074367315,
7,FalsePremise,raw,perplexity,0.7469376612277842,0.5920679886685553,716,353,0.0,0.0,0.26884939721058027,
7,FalsePremise,matched,perplexity,0.5789327953799296,0.7484276729559748,159,159,0.0,0.0,0.4933962309967328,
7,FalsePremise,raw,mean entropy,0.7223993859496416,0.7252124645892352,716,353,0.0,0.0,0.18044903053718264,
7,FalsePremise,matched,mean entropy,0.5606186464143033,0.7610062893081762,159,159,0.0,0.0,0.3930817796766711,
7,FalsePremise,raw,n_tokens (control),0.8511897225695159,0.49008498583569404,716,353,0.0,0.0,0.15079514040734524,
7,FalsePremise,matched,n_tokens (control),0.5,1.0,159,159,0.0,0.0,0.38490566255161596,
7,TriviaQA,raw,FIS · centroid (PCA-free),0.4910020062512378,1.0,1974,353,1142.453199994634,906.9924999930663,1.051009888640678,28.0
7,TriviaQA,matched,FIS · centroid (PCA-free),0.479243072330249,1.0,353,353,1142.453199994634,906.9924999930663,1.4339943291756612,28.0
7,TriviaQA,raw,FIS · PCA (64 comp),0.5031227487077045,1.0,1974,353,96.11149999545887,909.7619999956805,0.5916630819525536,28.0
7,TriviaQA,matched,FIS · PCA (64 comp),0.4696851752281135,1.0,353,353,96.11149999545887,909.7619999956805,1.2756373783409933,28.0
7,TriviaQA,raw,Mahalanobis · stats,0.6301666709719268,0.9405099150141643,1974,353,0.8296000014524907,1.3153000036254525,0.318693590981203,
7,TriviaQA,matched,Mahalanobis · stats,0.6479387524175622,0.9320113314447592,353,353,0.8296000014524907,1.3153000036254525,0.6888101872375958,
7,TriviaQA,raw,IsolationForest · stats,0.6088599384060779,0.9490084985835694,1974,353,0.8296000014524907,90.30139999231324,4.555994840270787,
7,TriviaQA,matched,IsolationForest · stats,0.6160469950003612,0.9546742209631728,353,353,0.8296000014524907,90.30139999231324,6.578186971779185,
7,TriviaQA,raw,OneClassSVM · centroid,0.496750963660734,0.9461756373937678,1974,353,1142.453199994634,8.392999996431172,4.353889124187812,
7,TriviaQA,matched,OneClassSVM · centroid,0.48088821834698936,0.9575070821529745,353,353,1142.453199994634,8.392999996431172,4.232861204686239,
7,TriviaQA,raw,perplexity,0.6867148281770667,0.8356940509915014,1974,353,0.0,0.0,0.16149549177104586,
7,TriviaQA,matched,perplexity,0.692815125713231,0.7903682719546742,353,353,0.0,0.0,0.22067987688529508,
7,TriviaQA,raw,mean entropy,0.6859700181681979,0.8526912181303116,1974,353,0.0,0.0,0.09192092777207833,
7,TriviaQA,matched,mean entropy,0.6924539960998002,0.8271954674220963,353,353,0.0,0.0,0.1956090499599472,
7,TriviaQA,raw,n_tokens (control),0.6030126775561047,0.8951841359773371,1974,353,0.0,0.0,0.08577567961052553,
7,TriviaQA,matched,n_tokens (control),0.5,0.9801699716713881,353,353,0.0,0.0,0.1871104635134677,
8,FalsePremise,raw,FIS · centroid (PCA-free),0.8868279867694304,0.509915014164306,716,353,1162.3109000065597,879.932199997711,1.1986903717760535,31.0
8,FalsePremise,matched,FIS · centroid (PCA-free),0.9105912514020189,0.47468354430379744,158,158,1162.3109000065597,879.932199997711,4.870253132473488,31.0
8,FalsePremise,raw,FIS · PCA (64 comp),0.5832073844303417,1.0,716,353,93.34979999403004,960.7174000120722,0.8417212325248474,24.0
8,FalsePremise,matched,FIS · PCA (64 comp),0.4110118570741868,1.0,158,158,93.34979999403004,960.7174000120722,2.0819620370770555,24.0
8,FalsePremise,raw,Mahalanobis · stats,0.794091347903841,0.6515580736543909,716,353,1.5360999968834221,2.107899999828078,0.497661370886847,
8,FalsePremise,matched,Mahalanobis · stats,0.7910190674571382,0.7341772151898734,158,158,1.5360999968834221,2.107899999828078,1.1056962406816833,
8,FalsePremise,raw,IsolationForest · stats,0.7621939639482804,0.6713881019830028,716,353,1.5360999968834221,90.97969999129418,5.011038353881852,
8,FalsePremise,matched,IsolationForest · stats,0.7628184585803557,0.8291139240506329,158,158,1.5360999968834221,90.97969999129418,20.004430414793447,
8,FalsePremise,raw,OneClassSVM · centroid,0.7978065108329246,0.5892351274787535,716,353,1162.3109000065597,5.876899987924844,3.9596819447116514,
8,FalsePremise,matched,OneClassSVM · centroid,0.7805640121775355,0.6075949367088608,158,158,1162.3109000065597,5.876899987924844,5.115189864388609,
8,FalsePremise,raw,perplexity,0.7346645670786712,0.6062322946175638,716,353,0.0,0.0,0.24957905409786194,
8,FalsePremise,matched,perplexity,0.6347139881429258,0.6708860759493671,158,158,0.0,0.0,0.5348101464583527,
8,FalsePremise,raw,mean entropy,0.7092558595913717,0.7365439093484419,716,353,0.0,0.0,0.16099158164821184,
8,FalsePremise,matched,mean entropy,0.6095978208620414,0.7278481012658228,158,158,0.0,0.0,0.4794303923874763,
8,FalsePremise,raw,n_tokens (control),0.8585330052067671,0.45042492917847027,716,353,0.0,0.0,0.1527595945126033,
8,FalsePremise,matched,n_tokens (control),0.5,0.9493670886075949,158,158,0.0,0.0,0.408544283230565,
8,TriviaQA,raw,FIS · centroid (PCA-free),0.5186302958287768,1.0,1974,353,1162.3109000065597,879.932199997711,0.6131070081086939,31.0
8,TriviaQA,matched,FIS · centroid (PCA-free),0.5062876678249564,1.0,353,353,1162.3109000065597,879.932199997711,1.4031161544264081,31.0
8,TriviaQA,raw,FIS · PCA (64 comp),0.5441274816237145,1.0,1974,353,93.34979999403004,960.7174000120722,0.5009024489837485,24.0
8,TriviaQA,matched,FIS · PCA (64 comp),0.5450248376923015,1.0,353,353,93.34979999403004,960.7174000120722,1.0606232257533512,24.0
8,TriviaQA,raw,Mahalanobis · stats,0.6287358895098031,0.9093484419263456,1974,353,1.5360999968834221,2.107899999828078,0.26574988997944393,
8,TriviaQA,matched,Mahalanobis · stats,0.632875634986237,0.8980169971671388,353,353,1.5360999968834221,2.107899999828078,0.565155802878997,
8,TriviaQA,raw,IsolationForest · stats,0.6068866941629283,0.9348441926345609,1974,353,1.5360999968834221,90.97969999129418,4.08203695390652,
8,TriviaQA,matched,IsolationForest · stats,0.603527835068093,0.943342776203966,353,353,1.5360999968834221,90.97969999129418,6.356515585927678,
8,TriviaQA,raw,OneClassSVM · centroid,0.5500830915212206,0.943342776203966,1974,353,1162.3109000065597,5.876899987924844,3.9419853882916143,
8,TriviaQA,matched,OneClassSVM · centroid,0.525363336516624,0.9348441926345609,353,353,1162.3109000065597,5.876899987924844,4.418271959155122,
8,TriviaQA,raw,perplexity,0.6718789016420262,0.8158640226628895,1974,353,0.0,0.0,0.15608079102711586,
8,TriviaQA,matched,perplexity,0.6572237960339944,0.8441926345609065,353,353,0.0,0.0,0.22705382187309922,
8,TriviaQA,raw,mean entropy,0.6693847209186852,0.8385269121813032,1974,353,0.0,0.0,0.09385474410618855,
8,TriviaQA,matched,mean entropy,0.6599924564036306,0.8045325779036827,353,353,0.0,0.0,0.1924929201468382,
8,TriviaQA,raw,n_tokens (control),0.5939422119278668,0.8781869688385269,1974,353,0.0,0.0,0.09840996883934436,
8,TriviaQA,matched,n_tokens (control),0.5,0.9773371104815864,353,353,0.0,0.0,0.19135976704259644,
9,FalsePremise,raw,FIS · centroid (PCA-free),0.8628475794071566,0.48158640226628896,716,353,1142.0119999966118,968.3422000089195,1.4104770810776317,29.0
9,FalsePremise,matched,FIS · centroid (PCA-free),0.8623575796050653,0.4508670520231214,173,173,1142.0119999966118,968.3422000089195,2.8505780386894597,29.0
9,FalsePremise,raw,FIS · PCA (64 comp),0.5104095779195088,1.0,716,353,92.61130000231788,955.2823999983957,1.0115060777994966,21.0
9,FalsePremise,matched,FIS · PCA (64 comp),0.3260382906211367,1.0,173,173,92.61130000231788,955.2823999983957,2.1121387452027096,21.0
9,FalsePremise,raw,Mahalanobis · stats,0.8420877712187634,0.623229461756374,716,353,0.8595999970566481,1.4374000020325184,0.4861552845007131,
9,FalsePremise,matched,Mahalanobis · stats,0.767315981155401,0.7456647398843931,173,173,0.8595999970566481,1.4374000020325184,1.1037572184739086,
9,FalsePremise,raw,IsolationForest · stats,0.7664511687530663,0.6770538243626062,716,353,0.8595999970566481,89.74679998937063,5.782600569558809,
9,FalsePremise,matched,IsolationForest · stats,0.7364095024892245,0.7514450867052023,173,173,0.8595999970566481,89.74679998937063,11.478612724976948,
9,FalsePremise,raw,OneClassSVM · centroid,0.8114327314162724,0.5042492917847026,716,353,1142.0119999966118,6.381600003805943,4.807296539552272,
9,FalsePremise,matched,OneClassSVM · centroid,0.7644759263590497,0.5722543352601156,173,173,1142.0119999966118,6.381600003805943,5.906936392925593,
9,FalsePremise,raw,perplexity,0.7361284757940716,0.6062322946175638,716,353,0.0,0.0,0.3286248806539933,
9,FalsePremise,matched,perplexity,0.6234421464131779,0.7167630057803468,173,173,0.0,0.0,0.4950867319140432,
9,FalsePremise,raw,mean entropy,0.7138533242597369,0.7308781869688386,716,353,0.0,0.0,0.19588401152118973,
9,FalsePremise,matched,mean entropy,0.6088743359283638,0.7687861271676301,173,173,0.0,0.0,0.41213871223442905,
9,FalsePremise,raw,n_tokens (control),0.8408929051861934,0.48441926345609065,716,353,0.0,0.0,0.16810102941480556,
9,FalsePremise,matched,n_tokens (control),0.5,0.9653179190751445,173,173,0.0,0.0,0.37427744666663554,
9,TriviaQA,raw,FIS · centroid (PCA-free),0.49233376672952345,1.0,1974,353,1142.0119999966118,968.3422000089195,0.6900730570454069,29.0
9,TriviaQA,matched,FIS · centroid (PCA-free),0.49202706064569973,1.0,353,353,1142.0119999966118,968.3422000089195,1.4417846949319895,29.0
9,TriviaQA,raw,FIS · PCA (64 comp),0.5205016489146439,1.0,1974,353,92.61130000231788,955.2823999983957,0.5037816895550613,21.0
9,TriviaQA,matched,FIS · PCA (64 comp),0.5033264049948237,1.0,353,353,92.61130000231788,955.2823999983957,1.1516997057063343,21.0
9,TriviaQA,raw,Mahalanobis · stats,0.6545990224189249,0.9036827195467422,1974,353,0.8595999970566481,1.4374000020325184,0.28874086545076705,
9,TriviaQA,matched,Mahalanobis · stats,0.6596393518927204,0.886685552407932,353,353,0.8595999970566481,1.4374000020325184,0.6155807243939753,
9,TriviaQA,raw,IsolationForest · stats,0.6181937424478561,0.9320113314447592,1974,353,0.8595999970566481,89.74679998937063,4.361237641265852,
9,TriviaQA,matched,IsolationForest · stats,0.6113523100257605,0.9036827195467422,353,353,0.8595999970566481,89.74679998937063,7.819121804255886,
9,TriviaQA,raw,OneClassSVM · centroid,0.5091687690687148,0.943342776203966,1974,353,1142.0119999966118,6.381600003805943,4.2238934260229115,
9,TriviaQA,matched,OneClassSVM · centroid,0.49077514465247296,0.9546742209631728,353,353,1142.0119999966118,6.381600003805943,4.939943341447289,
9,TriviaQA,raw,perplexity,0.6735421671531611,0.8328611898016998,1974,353,0.0,0.0,0.1702191617114123,
9,TriviaQA,matched,perplexity,0.6786829201743052,0.7932011331444759,353,353,0.0,0.0,0.2827195558834177,
9,TriviaQA,raw,mean entropy,0.6724859433255551,0.8271954674220963,1974,353,0.0,0.0,0.14417705546942874,
9,TriviaQA,matched,mean entropy,0.6839393623253537,0.8186968838526912,353,353,0.0,0.0,0.23215296961863133,
9,TriviaQA,raw,n_tokens (control),0.5706134421703104,0.9150141643059491,1974,353,0.0,0.0,0.13669961605174608,
9,TriviaQA,matched,n_tokens (control),0.4999999999999999,0.9745042492917847,353,353,0.0,0.0,0.34178468737112777,
