arm,init,seed,cv_mse_0,cv_mse,improvement,beat_start,r2_0,r2,heuristic_r2,heuristic_cv,evals_to_heuristic,rmse_0,rmse,evals,seconds,error
none,hot,0,0.006256,0.006256,0.000000,0,0.858037,0.858037,0.858037,0.006256,0,6.1148,6.1148,0,0.08,
none,hot,1,0.005528,0.005528,0.000000,0,0.832372,0.832372,0.832372,0.005528,0,6.6106,6.6106,0,0.07,
none,hot,2,0.006182,0.006182,0.000000,0,0.808888,0.808888,0.808888,0.006182,0,6.8569,6.8569,0,0.07,
none,hot,3,0.005990,0.005990,0.000000,0,0.858451,0.858451,0.858451,0.005990,0,6.4371,6.4371,0,0.08,
none,hot,4,0.007497,0.007497,0.000000,0,0.755459,0.755459,0.755459,0.007497,0,8.6018,8.6018,0,0.07,
none,hot,5,0.006414,0.006414,0.000000,0,0.842144,0.842144,0.842144,0.006414,0,6.0847,6.0847,0,0.07,
none,hot,6,0.006464,0.006464,0.000000,0,0.862466,0.862466,0.862466,0.006464,0,6.6680,6.6680,0,0.07,
none,hot,7,0.006181,0.006181,0.000000,0,0.870453,0.870453,0.870453,0.006181,0,5.8603,5.8603,0,0.07,
none,hot,8,0.006707,0.006707,0.000000,0,0.872438,0.872438,0.872438,0.006707,0,5.7641,5.7641,0,0.07,
none,hot,9,0.006677,0.006677,0.000000,0,0.849755,0.849755,0.849755,0.006677,0,6.0216,6.0216,0,0.08,
scipy-lbfgsb,hot,0,0.006256,0.005416,0.134304,1,0.858037,0.869481,0.858037,0.006256,0,6.1148,5.8632,2000,29.31,
scipy-lbfgsb,hot,1,0.005528,0.003850,0.303683,1,0.832372,0.839310,0.832372,0.005528,0,6.6106,6.4723,2000,28.52,
scipy-lbfgsb,hot,2,0.006182,0.003729,0.396863,1,0.808888,0.863238,0.808888,0.006182,0,6.8569,5.8005,2000,29.44,
scipy-lbfgsb,hot,3,0.005990,0.003267,0.454516,1,0.858451,0.877723,0.858451,0.005990,0,6.4371,5.9828,2000,29.29,
scipy-lbfgsb,hot,4,0.007497,0.007470,0.003701,1,0.755459,0.755994,0.755459,0.007497,0,8.6018,8.5924,2000,31.53,
scipy-lbfgsb,hot,5,0.006414,0.003850,0.399767,1,0.842144,0.873445,0.842144,0.006414,0,6.0847,5.4481,2000,30.91,
scipy-lbfgsb,hot,6,0.006464,0.003569,0.447952,1,0.862466,0.912214,0.862466,0.006464,0,6.6680,5.3272,2000,29.81,
scipy-lbfgsb,hot,7,0.006181,0.003392,0.451226,1,0.870453,0.881158,0.870453,0.006181,0,5.8603,5.6130,2000,29.10,
scipy-lbfgsb,hot,8,0.006707,0.003609,0.461871,1,0.872438,0.879762,0.872438,0.006707,0,5.7641,5.5962,2000,30.81,
scipy-lbfgsb,hot,9,0.006677,0.006368,0.046267,1,0.849755,0.792401,0.849755,0.006677,0,6.0216,7.0782,2000,30.77,
scipy-powell,hot,0,0.006256,0.004602,0.264336,1,0.858037,0.870269,0.858037,0.006256,0,6.1148,5.8454,2000,32.29,
scipy-powell,hot,1,0.005528,0.004328,0.217084,1,0.832372,0.828092,0.832372,0.005528,0,6.6106,6.6945,2000,33.37,
scipy-powell,hot,2,0.006182,0.004732,0.234603,1,0.808888,0.874025,0.808888,0.006182,0,6.8569,5.5671,2000,32.58,
scipy-powell,hot,3,0.005990,0.004995,0.166009,1,0.858451,0.869584,0.858451,0.005990,0,6.4371,6.1788,2000,32.14,
scipy-powell,hot,4,0.007497,0.004904,0.345845,1,0.755459,0.863630,0.755459,0.007497,0,8.6018,6.4235,2000,32.78,
scipy-powell,hot,5,0.006414,0.004732,0.262204,1,0.842144,0.796831,0.842144,0.006414,0,6.0847,6.9030,2000,32.00,
scipy-powell,hot,6,0.006464,0.005032,0.221494,1,0.862466,0.896983,0.862466,0.006464,0,6.6680,5.7709,2000,32.19,
scipy-powell,hot,7,0.006181,0.004331,0.299371,1,0.870453,0.851193,0.870453,0.006181,0,5.8603,6.2809,2000,31.47,
scipy-powell,hot,8,0.006707,0.004414,0.341803,1,0.872438,0.894252,0.872438,0.006707,0,5.7641,5.2481,2000,33.43,
scipy-powell,hot,9,0.006677,0.005270,0.210785,1,0.849755,0.867965,0.849755,0.006677,0,6.0216,5.6449,2000,32.05,
scipy-de,hot,0,0.006256,0.005230,0.163978,1,0.858037,0.877035,0.858037,0.006256,0,6.1148,5.6910,2000,30.66,
scipy-de,hot,1,0.005528,0.005048,0.086853,1,0.832372,0.822236,0.832372,0.005528,0,6.6106,6.8075,2000,31.29,
scipy-de,hot,2,0.006182,0.005282,0.145575,1,0.808888,0.836899,0.808888,0.006182,0,6.8569,6.3345,2000,31.71,
scipy-de,hot,3,0.005990,0.005099,0.148673,1,0.858451,0.880631,0.858451,0.005990,0,6.4371,5.9113,2000,32.36,
scipy-de,hot,4,0.007497,0.005243,0.300696,1,0.755459,0.872724,0.755459,0.007497,0,8.6018,6.2056,2000,32.34,
scipy-de,hot,5,0.006414,0.005319,0.170725,1,0.842144,0.850750,0.842144,0.006414,0,6.0847,5.9165,2000,33.19,
scipy-de,hot,6,0.006464,0.005365,0.169969,1,0.862466,0.880862,0.862466,0.006464,0,6.6680,6.2060,2000,32.89,
scipy-de,hot,7,0.006181,0.005169,0.163696,1,0.870453,0.843675,0.870453,0.006181,0,5.8603,6.4376,2000,33.36,
scipy-de,hot,8,0.006707,0.005380,0.197755,1,0.872438,0.891178,0.872438,0.006707,0,5.7641,5.3239,2000,30.89,
scipy-de,hot,9,0.006677,0.005395,0.192041,1,0.849755,0.869648,0.849755,0.006677,0,6.0216,5.6088,2000,30.67,
opt-ga,hot,0,0.006256,0.004588,0.266590,1,0.858037,0.879690,0.858037,0.006256,0,6.1148,5.6292,2000,34.36,
opt-ga,hot,1,0.005528,0.004305,0.221355,1,0.832372,0.869282,0.832372,0.005528,0,6.6106,5.8376,2000,34.11,
opt-ga,hot,2,0.006182,0.004633,0.250596,1,0.808888,0.837424,0.808888,0.006182,0,6.8569,6.3243,2000,33.82,
opt-ga,hot,3,0.005990,0.004478,0.252383,1,0.858451,0.888605,0.858451,0.005990,0,6.4371,5.7104,2000,33.90,
opt-ga,hot,4,0.007497,0.004575,0.389792,1,0.755459,0.851406,0.755459,0.007497,0,8.6018,6.7052,2000,32.15,
opt-ga,hot,5,0.006414,0.004880,0.239212,1,0.842144,0.847638,0.842144,0.006414,0,6.0847,5.9779,2000,33.47,
opt-ga,hot,6,0.006464,0.004467,0.308950,1,0.862466,0.899825,0.862466,0.006464,0,6.6680,5.6907,2000,35.20,
opt-ga,hot,7,0.006181,0.004171,0.325152,1,0.870453,0.893657,0.870453,0.006181,0,5.8603,5.3096,2000,35.20,
opt-ga,hot,8,0.006707,0.004282,0.361471,1,0.872438,0.895865,0.872438,0.006707,0,5.7641,5.2080,2000,35.04,
opt-ga,hot,9,0.006677,0.004381,0.343892,1,0.849755,0.883589,0.849755,0.006677,0,6.0216,5.3004,2000,35.63,
opt-pso,hot,0,0.006256,0.005477,0.124591,1,0.858037,0.880115,0.858037,0.006256,0,6.1148,5.6192,2000,32.00,
opt-pso,hot,1,0.005528,0.005174,0.064031,1,0.832372,0.850799,0.832372,0.005528,0,6.6106,6.2367,2000,30.72,
opt-pso,hot,2,0.006182,0.005263,0.148792,1,0.808888,0.867813,0.808888,0.006182,0,6.8569,5.7027,2000,30.62,
opt-pso,hot,3,0.005990,0.005231,0.126747,1,0.858451,0.880530,0.858451,0.005990,0,6.4371,5.9138,2000,28.86,
opt-pso,hot,4,0.007497,0.005203,0.305971,1,0.755459,0.825154,0.755459,0.007497,0,8.6018,7.2734,2000,27.11,
opt-pso,hot,5,0.006414,0.005254,0.180828,1,0.842144,0.841626,0.842144,0.006414,0,6.0847,6.0946,2000,27.73,
opt-pso,hot,6,0.006464,0.005464,0.154693,1,0.862466,0.886215,0.862466,0.006464,0,6.6680,6.0650,2000,29.07,
opt-pso,hot,7,0.006181,0.005304,0.141905,1,0.870453,0.871756,0.870453,0.006181,0,5.8603,5.8308,2000,30.15,
opt-pso,hot,8,0.006707,0.005294,0.210671,1,0.872438,0.880142,0.872438,0.006707,0,5.7641,5.5873,2000,29.71,
opt-pso,hot,9,0.006677,0.005213,0.219360,1,0.849755,0.885242,0.849755,0.006677,0,6.0216,5.2626,2000,29.78,
opt-aco,hot,0,0.006256,0.004984,0.203260,1,0.858037,0.885845,0.858037,0.006256,0,6.1148,5.4833,2000,30.09,
opt-aco,hot,1,0.005528,0.004779,0.135481,1,0.832372,0.863113,0.832372,0.005528,0,6.6106,5.9738,2000,30.47,
opt-aco,hot,2,0.006182,0.004840,0.217188,1,0.808888,0.841204,0.808888,0.006182,0,6.8569,6.2503,2000,30.91,
opt-aco,hot,3,0.005990,0.005173,0.136431,1,0.858451,0.877512,0.858451,0.005990,0,6.4371,5.9880,2000,32.78,
opt-aco,hot,4,0.007497,0.004919,0.343911,1,0.755459,0.879265,0.755459,0.007497,0,8.6018,6.0441,2000,33.65,
opt-aco,hot,5,0.006414,0.004881,0.238974,1,0.842144,0.849679,0.842144,0.006414,0,6.0847,5.9377,2000,35.47,
opt-aco,hot,6,0.006464,0.004829,0.252934,1,0.862466,0.881382,0.862466,0.006464,0,6.6680,6.1925,2000,35.85,
opt-aco,hot,7,0.006181,0.004843,0.216459,1,0.870453,0.876053,0.870453,0.006181,0,5.8603,5.7323,2000,34.46,
opt-aco,hot,8,0.006707,0.004885,0.271635,1,0.872438,0.890648,0.872438,0.006707,0,5.7641,5.3368,2000,34.04,
opt-aco,hot,9,0.006677,0.004652,0.303245,1,0.849755,0.870694,0.849755,0.006677,0,6.0216,5.5862,2000,33.54,
opt-gd,hot,0,0.006256,0.005417,0.134131,1,0.858037,0.869456,0.858037,0.006256,0,6.1148,5.8637,2000,32.02,
opt-gd,hot,1,0.005528,0.003821,0.308853,1,0.832372,0.845483,0.832372,0.005528,0,6.6106,6.3468,2000,30.38,
opt-gd,hot,2,0.006182,0.003725,0.397422,1,0.808888,0.865521,0.808888,0.006182,0,6.8569,5.7519,2000,31.03,
opt-gd,hot,3,0.005990,0.003308,0.447743,1,0.858451,0.874222,0.858451,0.005990,0,6.4371,6.0679,2000,29.97,
opt-gd,hot,4,0.007497,0.007480,0.002262,1,0.755459,0.755804,0.755459,0.007497,0,8.6018,8.5957,2000,30.99,
opt-gd,hot,5,0.006414,0.003918,0.389163,1,0.842144,0.870119,0.842144,0.006414,0,6.0847,5.5192,2000,32.69,
opt-gd,hot,6,0.006464,0.003618,0.440287,1,0.862466,0.912079,0.862466,0.006464,0,6.6680,5.3313,2000,32.44,
opt-gd,hot,7,0.006181,0.003501,0.433567,1,0.870453,0.878555,0.870453,0.006181,0,5.8603,5.6741,2000,30.78,
opt-gd,hot,8,0.006707,0.003608,0.462030,1,0.872438,0.879180,0.872438,0.006707,0,5.7641,5.6097,2000,32.70,
opt-gd,hot,9,0.006677,0.006370,0.046049,1,0.849755,0.792372,0.849755,0.006677,0,6.0216,7.0787,2000,30.96,
none,cold,0,0.006495,0.006495,0.000000,0,0.862517,0.862517,0.858037,0.006256,,6.0175,6.0175,0,0.07,
none,cold,1,0.006025,0.006025,0.000000,0,0.819187,0.819187,0.832372,0.005528,,6.8657,6.8657,0,0.07,
none,cold,2,0.006439,0.006439,0.000000,0,0.835648,0.835648,0.808888,0.006182,,6.3587,6.3587,0,0.12,
none,cold,3,0.006382,0.006382,0.000000,0,0.867659,0.867659,0.858451,0.005990,,6.2242,6.2242,0,0.08,
none,cold,4,0.006222,0.006222,0.000000,0,0.845693,0.845693,0.755459,0.007497,0,6.8329,6.8329,0,0.08,
none,cold,5,0.006533,0.006533,0.000000,0,0.811983,0.811983,0.842144,0.006414,,6.6406,6.6406,0,0.08,
none,cold,6,0.005782,0.005782,0.000000,0,0.890228,0.890228,0.862466,0.006464,0,5.9571,5.9571,0,0.07,
none,cold,7,0.005357,0.005357,0.000000,0,0.846885,0.846885,0.870453,0.006181,0,6.3711,6.3711,0,0.07,
none,cold,8,0.006406,0.006406,0.000000,0,0.871015,0.871015,0.872438,0.006707,0,5.7962,5.7962,0,0.07,
none,cold,9,0.006225,0.006225,0.000000,0,0.859335,0.859335,0.849755,0.006677,0,5.8264,5.8264,0,0.07,
scipy-lbfgsb,cold,0,0.006495,0.004882,0.248387,1,0.862517,0.887299,0.858037,0.006256,581,6.0175,5.4483,2000,31.43,
scipy-lbfgsb,cold,1,0.006025,0.005261,0.126701,1,0.819187,0.824256,0.832372,0.005528,859,6.8657,6.7687,2000,32.23,
scipy-lbfgsb,cold,2,0.006439,0.005465,0.151230,1,0.835648,0.859064,0.808888,0.006182,291,6.3587,5.8884,2000,30.87,
scipy-lbfgsb,cold,3,0.006382,0.005183,0.187902,1,0.867659,0.879349,0.858451,0.005990,424,6.2242,5.9429,2000,30.29,
scipy-lbfgsb,cold,4,0.006222,0.004494,0.277777,1,0.845693,0.881271,0.755459,0.007497,0,6.8329,5.9936,2000,30.12,
scipy-lbfgsb,cold,5,0.006533,0.005252,0.196164,1,0.811983,0.852007,0.842144,0.006414,565,6.6406,5.8915,2000,28.80,
scipy-lbfgsb,cold,6,0.005782,0.005445,0.058260,1,0.890228,0.897749,0.862466,0.006464,0,5.9571,5.7494,2000,27.89,
scipy-lbfgsb,cold,7,0.005357,0.004558,0.149162,1,0.846885,0.855521,0.870453,0.006181,0,6.3711,6.1888,2000,28.19,
scipy-lbfgsb,cold,8,0.006406,0.005633,0.120667,1,0.871015,0.881142,0.872438,0.006707,0,5.7962,5.5640,2000,27.85,
scipy-lbfgsb,cold,9,0.006225,0.005365,0.138015,1,0.859335,0.869661,0.849755,0.006677,0,5.8264,5.6085,2000,27.09,
scipy-powell,cold,0,0.006495,0.004664,0.281889,1,0.862517,0.888066,0.858037,0.006256,476,6.0175,5.4297,2000,28.72,
scipy-powell,cold,1,0.006025,0.005130,0.148464,1,0.819187,0.843005,0.832372,0.005528,1199,6.8657,6.3975,2000,29.14,
scipy-powell,cold,2,0.006439,0.005166,0.197664,1,0.835648,0.833335,0.808888,0.006182,473,6.3587,6.4033,2000,32.08,
scipy-powell,cold,3,0.006382,0.005024,0.212759,1,0.867659,0.889429,0.858451,0.005990,239,6.2242,5.6893,2000,30.36,
scipy-powell,cold,4,0.006222,0.004764,0.234373,1,0.845693,0.886463,0.755459,0.007497,0,6.8329,5.8611,2000,30.67,
scipy-powell,cold,5,0.006533,0.005100,0.219418,1,0.811983,0.818456,0.842144,0.006414,2,6.6406,6.5253,2000,30.93,
scipy-powell,cold,6,0.005782,0.005325,0.078944,1,0.890228,0.894000,0.862466,0.006464,0,5.9571,5.8538,2000,30.23,
scipy-powell,cold,7,0.005357,0.004525,0.155273,1,0.846885,0.853920,0.870453,0.006181,0,6.3711,6.2230,2000,29.98,
scipy-powell,cold,8,0.006406,0.004800,0.250754,1,0.871015,0.896847,0.872438,0.006707,0,5.7962,5.1833,2000,30.78,
scipy-powell,cold,9,0.006225,0.004646,0.253595,1,0.859335,0.858559,0.849755,0.006677,0,5.8264,5.8425,2000,31.62,
scipy-de,cold,0,0.006495,0.005230,0.194775,1,0.862517,0.877035,0.858037,0.006256,3,6.0175,5.6910,2000,33.22,
scipy-de,cold,1,0.006025,0.005048,0.162048,1,0.819187,0.822236,0.832372,0.005528,5,6.8657,6.8075,2000,32.21,
scipy-de,cold,2,0.006439,0.005282,0.179626,1,0.835648,0.836899,0.808888,0.006182,5,6.3587,6.3345,2000,32.64,
scipy-de,cold,3,0.006382,0.005099,0.200987,1,0.867659,0.880631,0.858451,0.005990,3,6.2242,5.9113,2000,36.10,
scipy-de,cold,4,0.006222,0.005243,0.157421,1,0.845693,0.872724,0.755459,0.007497,0,6.8329,6.2056,2000,34.33,
scipy-de,cold,5,0.006533,0.005319,0.185850,1,0.811983,0.850750,0.842144,0.006414,2,6.6406,5.9165,2000,32.51,
scipy-de,cold,6,0.005782,0.005365,0.071990,1,0.890228,0.880862,0.862466,0.006464,0,5.9571,6.2060,2000,33.12,
scipy-de,cold,7,0.005357,0.005169,0.035044,1,0.846885,0.843675,0.870453,0.006181,0,6.3711,6.4376,2000,32.60,
scipy-de,cold,8,0.006406,0.005380,0.160080,1,0.871015,0.891178,0.872438,0.006707,0,5.7962,5.3239,2000,33.15,
scipy-de,cold,9,0.006225,0.005395,0.133280,1,0.859335,0.869648,0.849755,0.006677,0,5.8264,5.6088,2000,32.55,
opt-ga,cold,0,0.006495,0.004588,0.293606,1,0.862517,0.879690,0.858037,0.006256,1,6.0175,5.6292,2000,30.39,
opt-ga,cold,1,0.006025,0.004353,0.277421,1,0.819187,0.866400,0.832372,0.005528,26,6.8657,5.9016,2000,30.15,
opt-ga,cold,2,0.006439,0.004427,0.312509,1,0.835648,0.819019,0.808888,0.006182,1,6.3587,6.6727,2000,28.10,
opt-ga,cold,3,0.006382,0.004569,0.284074,1,0.867659,0.895936,0.858451,0.005990,4,6.2242,5.5193,2000,27.73,
opt-ga,cold,4,0.006222,0.004487,0.278878,1,0.845693,0.861827,0.755459,0.007497,0,6.8329,6.4658,2000,29.25,
opt-ga,cold,5,0.006533,0.004794,0.266254,1,0.811983,0.844243,0.842144,0.006414,1,6.6406,6.0441,2000,27.48,
opt-ga,cold,6,0.005782,0.004635,0.198269,1,0.890228,0.887534,0.862466,0.006464,0,5.9571,6.0297,2000,27.61,
opt-ga,cold,7,0.005357,0.004366,0.185032,1,0.846885,0.845814,0.870453,0.006181,0,6.3711,6.3934,2000,27.62,
opt-ga,cold,8,0.006406,0.004704,0.265696,1,0.871015,0.897744,0.872438,0.006707,0,5.7962,5.1608,2000,27.98,
opt-ga,cold,9,0.006225,0.004558,0.267669,1,0.859335,0.888667,0.849755,0.006677,0,5.8264,5.1835,2000,27.63,
opt-pso,cold,0,0.006495,0.005442,0.162122,1,0.862517,0.884735,0.858037,0.006256,1,6.0175,5.5099,2000,27.97,
opt-pso,cold,1,0.006025,0.005226,0.132511,1,0.819187,0.834826,0.832372,0.005528,26,6.8657,6.5620,2000,26.83,
opt-pso,cold,2,0.006439,0.005263,0.182716,1,0.835648,0.867813,0.808888,0.006182,1,6.3587,5.7027,2000,28.25,
opt-pso,cold,3,0.006382,0.005277,0.173087,1,0.867659,0.883213,0.858451,0.005990,4,6.2242,5.8470,2000,27.95,
opt-pso,cold,4,0.006222,0.005280,0.151387,1,0.845693,0.861291,0.755459,0.007497,0,6.8329,6.4784,2000,28.06,
opt-pso,cold,5,0.006533,0.005254,0.195769,1,0.811983,0.841626,0.842144,0.006414,1,6.6406,6.0946,2000,28.66,
opt-pso,cold,6,0.005782,0.005423,0.062058,1,0.890228,0.898895,0.862466,0.006464,0,5.9571,5.7171,2000,27.34,
opt-pso,cold,7,0.005357,0.005304,0.009900,1,0.846885,0.871756,0.870453,0.006181,0,6.3711,5.8308,2000,28.26,
opt-pso,cold,8,0.006406,0.005560,0.132040,1,0.871015,0.885255,0.872438,0.006707,0,5.7962,5.4668,2000,27.21,
opt-pso,cold,9,0.006225,0.005213,0.162586,1,0.859335,0.885242,0.849755,0.006677,0,5.8264,5.2626,2000,29.02,
opt-aco,cold,0,0.006495,0.004783,0.263676,1,0.862517,0.892745,0.858037,0.006256,1,6.0175,5.3150,2000,30.02,
opt-aco,cold,1,0.006025,0.004762,0.209564,1,0.819187,0.847551,0.832372,0.005528,26,6.8657,6.3042,2000,29.13,
opt-aco,cold,2,0.006439,0.004833,0.249416,1,0.835648,0.862745,0.808888,0.006182,1,6.3587,5.8110,2000,28.41,
opt-aco,cold,3,0.006382,0.004928,0.227783,1,0.867659,0.889744,0.858451,0.005990,4,6.2242,5.6811,2000,30.81,
opt-aco,cold,4,0.006222,0.004843,0.221760,1,0.845693,0.870303,0.755459,0.007497,0,6.8329,6.2644,2000,30.64,
opt-aco,cold,5,0.006533,0.004942,0.243589,1,0.811983,0.850345,0.842144,0.006414,1,6.6406,5.9245,2000,31.93,
opt-aco,cold,6,0.005782,0.005102,0.117546,1,0.890228,0.880549,0.862466,0.006464,0,5.9571,6.2142,2000,30.68,
opt-aco,cold,7,0.005357,0.004822,0.099818,1,0.846885,0.876819,0.870453,0.006181,0,6.3711,5.7145,2000,30.80,
opt-aco,cold,8,0.006406,0.005031,0.214681,1,0.871015,0.882770,0.872438,0.006707,0,5.7962,5.5257,2000,28.55,
opt-aco,cold,9,0.006225,0.004727,0.240602,1,0.859335,0.868275,0.849755,0.006677,0,5.8264,5.6382,2000,29.09,
opt-gd,cold,0,0.006495,0.004884,0.248065,1,0.862517,0.887186,0.858037,0.006256,581,6.0175,5.4510,2000,27.33,
opt-gd,cold,1,0.006025,0.004865,0.192392,1,0.819187,0.810350,0.832372,0.005528,859,6.8657,7.0314,2000,29.43,
opt-gd,cold,2,0.006439,0.005480,0.148963,1,0.835648,0.858026,0.808888,0.006182,291,6.3587,5.9100,2000,31.35,
opt-gd,cold,3,0.006382,0.005066,0.206262,1,0.867659,0.884577,0.858451,0.005990,424,6.2242,5.8127,2000,31.75,
opt-gd,cold,4,0.006222,0.004513,0.274791,1,0.845693,0.877810,0.755459,0.007497,0,6.8329,6.0804,2000,31.09,
opt-gd,cold,5,0.006533,0.005276,0.192480,1,0.811983,0.848604,0.842144,0.006414,565,6.6406,5.9589,2000,31.49,
opt-gd,cold,6,0.005782,0.005448,0.057677,1,0.890228,0.897942,0.862466,0.006464,0,5.9571,5.7440,2000,32.38,
opt-gd,cold,7,0.005357,0.004561,0.148654,1,0.846885,0.855404,0.870453,0.006181,0,6.3711,6.1913,2000,31.40,
opt-gd,cold,8,0.006406,0.005634,0.120495,1,0.871015,0.881116,0.872438,0.006707,0,5.7962,5.5646,2000,29.79,
opt-gd,cold,9,0.006225,0.005427,0.128160,1,0.859335,0.872443,0.849755,0.006677,0,5.8264,5.5483,2000,29.66,
